Qualtrics.RID,Block,Choice.Task,Alternative,Chosen.Alternative,Choice.Binary,chemical,training,support,cost,Demo_Age,Demo_Gender,Demo_Education,Demo_Education.Text,Farm_Land.Size,Farm_Tenure,Farm_Tenure.Text,Baseline_Fert.kg,Baseline_Herbicide,RecordedDate,Consent
R_0057EC8Tfuoc7wG,1,1,1,2,0,1,2,1,84,NA,3,4,NA,6,1,NA,NA,NA,2026-07-30T22:53:55Z,1
R_0057EC8Tfuoc7wG,1,1,2,2,1,2,3,3,56,NA,3,4,NA,6,1,NA,NA,NA,2026-07-30T22:53:55Z,1
R_0057EC8Tfuoc7wG,1,1,3,2,0,0,0,0,0,NA,3,4,NA,6,1,NA,NA,NA,2026-07-30T22:53:55Z,1
R_0057EC8Tfuoc7wG,1,2,1,1,1,2,3,3,56,NA,3,4,NA,6,1,NA,NA,NA,2026-07-30T22:53:55Z,1
R_0057EC8Tfuoc7wG,1,2,2,1,0,3,2,2,56,NA,3,4,NA,6,1,NA,NA,NA,2026-07-30T22:53:55Z,1
R_0057EC8Tfuoc7wG,1,2,3,1,0,0,0,0,0,NA,3,4,NA,6,1,NA,NA,NA,2026-07-30T22:53:55Z,1
R_0057EC8Tfuoc7wG,1,3,1,2,0,3,2,1,113,NA,3,4,NA,6,1,NA,NA,NA,2026-07-30T22:53:55Z,1
R_0057EC8Tfuoc7wG,1,3,2,2,1,1,1,3,22,NA,3,4,NA,6,1,NA,NA,NA,2026-07-30T22:53:55Z,1
R_0057EC8Tfuoc7wG,1,3,3,2,0,0,0,0,0,NA,3,4,NA,6,1,NA,NA,NA,2026-07-30T22:53:55Z,1
R_0057EC8Tfuoc7wG,1,4,1,2,0,2,2,2,84,NA,3,4,NA,6,1,NA,NA,NA,2026-07-30T22:53:55Z,1
R_0057EC8Tfuoc7wG,1,4,2,2,1,1,3,1,56,NA,3,4,NA,6,1,NA,NA,NA,2026-07-30T22:53:55Z,1
R_0057EC8Tfuoc7wG,1,4,3,2,0,0,0,0,0,NA,3,4,NA,6,1,NA,NA,NA,2026-07-30T22:53:55Z,1
R_0057EC8Tfuoc7wG,1,5,1,1,1,1,2,2,11,NA,3,4,NA,6,1,NA,NA,NA,2026-07-30T22:53:55Z,1
R_0057EC8Tfuoc7wG,1,5,2,1,0,2,1,1,11,NA,3,4,NA,6,1,NA,NA,NA,2026-07-30T22:53:55Z,1
R_0057EC8Tfuoc7wG,1,5,3,1,0,0,0,0,0,NA,3,4,NA,6,1,NA,NA,NA,2026-07-30T22:53:55Z,1
R_0057EC8Tfuoc7wG,1,6,1,2,0,3,2,3,22,NA,3,4,NA,6,1,NA,NA,NA,2026-07-30T22:53:55Z,1
R_0057EC8Tfuoc7wG,1,6,2,2,1,2,1,2,113,NA,3,4,NA,6,1,NA,NA,NA,2026-07-30T22:53:55Z,1
R_0057EC8Tfuoc7wG,1,6,3,2,0,0,0,0,0,NA,3,4,NA,6,1,NA,NA,NA,2026-07-30T22:53:55Z,1
R_0057EC8Tfuoc7wG,1,7,1,3,0,3,3,2,56,NA,3,4,NA,6,1,NA,NA,NA,2026-07-30T22:53:55Z,1
R_0057EC8Tfuoc7wG,1,7,2,3,0,2,2,1,84,NA,3,4,NA,6,1,NA,NA,NA,2026-07-30T22:53:55Z,1
R_0057EC8Tfuoc7wG,1,7,3,3,1,0,0,0,0,NA,3,4,NA,6,1,NA,NA,NA,2026-07-30T22:53:55Z,1
R_0057EC8Tfuoc7wG,1,8,1,1,1,1,1,2,56,NA,3,4,NA,6,1,NA,NA,NA,2026-07-30T22:53:55Z,1
R_0057EC8Tfuoc7wG,1,8,2,1,0,3,3,3,22,NA,3,4,NA,6,1,NA,NA,NA,2026-07-30T22:53:55Z,1
R_0057EC8Tfuoc7wG,1,8,3,1,0,0,0,0,0,NA,3,4,NA,6,1,NA,NA,NA,2026-07-30T22:53:55Z,1
R_02iF8EM1YcNtHIG,1,1,1,2,0,1,2,1,84,NA,1,6,NA,NA,1,NA,NA,NA,2026-07-30T20:29:51Z,1
R_02iF8EM1YcNtHIG,1,1,2,2,1,2,3,3,56,NA,1,6,NA,NA,1,NA,NA,NA,2026-07-30T20:29:51Z,1
R_02iF8EM1YcNtHIG,1,1,3,2,0,0,0,0,0,NA,1,6,NA,NA,1,NA,NA,NA,2026-07-30T20:29:51Z,1
R_02iF8EM1YcNtHIG,1,2,1,1,1,2,3,3,56,NA,1,6,NA,NA,1,NA,NA,NA,2026-07-30T20:29:51Z,1
R_02iF8EM1YcNtHIG,1,2,2,1,0,3,2,2,56,NA,1,6,NA,NA,1,NA,NA,NA,2026-07-30T20:29:51Z,1
R_02iF8EM1YcNtHIG,1,2,3,1,0,0,0,0,0,NA,1,6,NA,NA,1,NA,NA,NA,2026-07-30T20:29:51Z,1
R_02iF8EM1YcNtHIG,1,3,1,1,1,3,2,1,113,NA,1,6,NA,NA,1,NA,NA,NA,2026-07-30T20:29:51Z,1
R_02iF8EM1YcNtHIG,1,3,2,1,0,1,1,3,22,NA,1,6,NA,NA,1,NA,NA,NA,2026-07-30T20:29:51Z,1
R_02iF8EM1YcNtHIG,1,3,3,1,0,0,0,0,0,NA,1,6,NA,NA,1,NA,NA,NA,2026-07-30T20:29:51Z,1
R_02iF8EM1YcNtHIG,1,4,1,3,0,2,2,2,84,NA,1,6,NA,NA,1,NA,NA,NA,2026-07-30T20:29:51Z,1
R_02iF8EM1YcNtHIG,1,4,2,3,0,1,3,1,56,NA,1,6,NA,NA,1,NA,NA,NA,2026-07-30T20:29:51Z,1
R_02iF8EM1YcNtHIG,1,4,3,3,1,0,0,0,0,NA,1,6,NA,NA,1,NA,NA,NA,2026-07-30T20:29:51Z,1
R_02iF8EM1YcNtHIG,1,5,1,2,0,1,2,2,11,NA,1,6,NA,NA,1,NA,NA,NA,2026-07-30T20:29:51Z,1
R_02iF8EM1YcNtHIG,1,5,2,2,1,2,1,1,11,NA,1,6,NA,NA,1,NA,NA,NA,2026-07-30T20:29:51Z,1
R_02iF8EM1YcNtHIG,1,5,3,2,0,0,0,0,0,NA,1,6,NA,NA,1,NA,NA,NA,2026-07-30T20:29:51Z,1
R_02iF8EM1YcNtHIG,1,6,1,3,0,3,2,3,22,NA,1,6,NA,NA,1,NA,NA,NA,2026-07-30T20:29:51Z,1
R_02iF8EM1YcNtHIG,1,6,2,3,0,2,1,2,113,NA,1,6,NA,NA,1,NA,NA,NA,2026-07-30T20:29:51Z,1
R_02iF8EM1YcNtHIG,1,6,3,3,1,0,0,0,0,NA,1,6,NA,NA,1,NA,NA,NA,2026-07-30T20:29:51Z,1
R_02iF8EM1YcNtHIG,1,7,1,3,0,3,3,2,56,NA,1,6,NA,NA,1,NA,NA,NA,2026-07-30T20:29:51Z,1
R_02iF8EM1YcNtHIG,1,7,2,3,0,2,2,1,84,NA,1,6,NA,NA,1,NA,NA,NA,2026-07-30T20:29:51Z,1
R_02iF8EM1YcNtHIG,1,7,3,3,1,0,0,0,0,NA,1,6,NA,NA,1,NA,NA,NA,2026-07-30T20:29:51Z,1
R_02iF8EM1YcNtHIG,1,8,1,2,0,1,1,2,56,NA,1,6,NA,NA,1,NA,NA,NA,2026-07-30T20:29:51Z,1
R_02iF8EM1YcNtHIG,1,8,2,2,1,3,3,3,22,NA,1,6,NA,NA,1,NA,NA,NA,2026-07-30T20:29:51Z,1
R_02iF8EM1YcNtHIG,1,8,3,2,0,0,0,0,0,NA,1,6,NA,NA,1,NA,NA,NA,2026-07-30T20:29:51Z,1
R_02rD3DgVKrEDQou,2,10,1,3,0,2,3,3,113,NA,2,5,NA,NA,1,NA,NA,NA,2026-07-30T20:29:55Z,1
R_02rD3DgVKrEDQou,2,10,2,3,0,3,1,1,11,NA,2,5,NA,NA,1,NA,NA,NA,2026-07-30T20:29:55Z,1
R_02rD3DgVKrEDQou,2,10,3,3,1,0,0,0,0,NA,2,5,NA,NA,1,NA,NA,NA,2026-07-30T20:29:55Z,1
R_02rD3DgVKrEDQou,2,11,1,2,0,2,3,1,11,NA,2,5,NA,NA,1,NA,NA,NA,2026-07-30T20:29:55Z,1
R_02rD3DgVKrEDQou,2,11,2,2,1,3,1,3,113,NA,2,5,NA,NA,1,NA,NA,NA,2026-07-30T20:29:55Z,1
R_02rD3DgVKrEDQou,2,11,3,2,0,0,0,0,0,NA,2,5,NA,NA,1,NA,NA,NA,2026-07-30T20:29:55Z,1
R_02rD3DgVKrEDQou,2,12,1,3,0,1,1,3,11,NA,2,5,NA,NA,1,NA,NA,NA,2026-07-30T20:29:55Z,1
R_02rD3DgVKrEDQou,2,12,2,3,0,3,3,2,113,NA,2,5,NA,NA,1,NA,NA,NA,2026-07-30T20:29:55Z,1
R_02rD3DgVKrEDQou,2,12,3,3,1,0,0,0,0,NA,2,5,NA,NA,1,NA,NA,NA,2026-07-30T20:29:55Z,1
R_02rD3DgVKrEDQou,2,13,1,3,0,3,1,2,22,NA,2,5,NA,NA,1,NA,NA,NA,2026-07-30T20:29:55Z,1
R_02rD3DgVKrEDQou,2,13,2,3,0,1,2,1,84,NA,2,5,NA,NA,1,NA,NA,NA,2026-07-30T20:29:55Z,1
R_02rD3DgVKrEDQou,2,13,3,3,1,0,0,0,0,NA,2,5,NA,NA,1,NA,NA,NA,2026-07-30T20:29:55Z,1
R_02rD3DgVKrEDQou,2,14,1,3,0,3,3,1,22,NA,2,5,NA,NA,1,NA,NA,NA,2026-07-30T20:29:55Z,1
R_02rD3DgVKrEDQou,2,14,2,3,0,1,2,3,84,NA,2,5,NA,NA,1,NA,NA,NA,2026-07-30T20:29:55Z,1
R_02rD3DgVKrEDQou,2,14,3,3,1,0,0,0,0,NA,2,5,NA,NA,1,NA,NA,NA,2026-07-30T20:29:55Z,1
R_02rD3DgVKrEDQou,2,15,1,2,0,3,1,3,113,NA,2,5,NA,NA,1,NA,NA,NA,2026-07-30T20:29:55Z,1
R_02rD3DgVKrEDQou,2,15,2,2,1,2,3,2,11,NA,2,5,NA,NA,1,NA,NA,NA,2026-07-30T20:29:55Z,1
R_02rD3DgVKrEDQou,2,15,3,2,0,0,0,0,0,NA,2,5,NA,NA,1,NA,NA,NA,2026-07-30T20:29:55Z,1
R_02rD3DgVKrEDQou,2,16,1,3,0,2,1,1,84,NA,2,5,NA,NA,1,NA,NA,NA,2026-07-30T20:29:55Z,1
R_02rD3DgVKrEDQou,2,16,2,3,0,1,3,2,22,NA,2,5,NA,NA,1,NA,NA,NA,2026-07-30T20:29:55Z,1
R_02rD3DgVKrEDQou,2,16,3,3,1,0,0,0,0,NA,2,5,NA,NA,1,NA,NA,NA,2026-07-30T20:29:55Z,1
R_02rD3DgVKrEDQou,2,9,1,1,1,1,3,1,113,NA,2,5,NA,NA,1,NA,NA,NA,2026-07-30T20:29:55Z,1
R_02rD3DgVKrEDQou,2,9,2,1,0,2,2,3,11,NA,2,5,NA,NA,1,NA,NA,NA,2026-07-30T20:29:55Z,1
R_02rD3DgVKrEDQou,2,9,3,1,0,0,0,0,0,NA,2,5,NA,NA,1,NA,NA,NA,2026-07-30T20:29:55Z,1
R_08vppN6hFjPO66q,1,1,1,6,0,1,2,1,84,NA,2,3,NA,5,2,NA,NA,NA,2026-07-30T22:54:06Z,1
R_08vppN6hFjPO66q,1,1,2,6,0,2,3,3,56,NA,2,3,NA,5,2,NA,NA,NA,2026-07-30T22:54:06Z,1
R_08vppN6hFjPO66q,1,1,3,6,0,0,0,0,0,NA,2,3,NA,5,2,NA,NA,NA,2026-07-30T22:54:06Z,1
R_08vppN6hFjPO66q,1,2,1,3,0,2,3,3,56,NA,2,3,NA,5,2,NA,NA,NA,2026-07-30T22:54:06Z,1
R_08vppN6hFjPO66q,1,2,2,3,0,3,2,2,56,NA,2,3,NA,5,2,NA,NA,NA,2026-07-30T22:54:06Z,1
R_08vppN6hFjPO66q,1,2,3,3,1,0,0,0,0,NA,2,3,NA,5,2,NA,NA,NA,2026-07-30T22:54:06Z,1
R_08vppN6hFjPO66q,1,3,1,1,1,3,2,1,113,NA,2,3,NA,5,2,NA,NA,NA,2026-07-30T22:54:06Z,1
R_08vppN6hFjPO66q,1,3,2,1,0,1,1,3,22,NA,2,3,NA,5,2,NA,NA,NA,2026-07-30T22:54:06Z,1
R_08vppN6hFjPO66q,1,3,3,1,0,0,0,0,0,NA,2,3,NA,5,2,NA,NA,NA,2026-07-30T22:54:06Z,1
R_08vppN6hFjPO66q,1,4,1,2,0,2,2,2,84,NA,2,3,NA,5,2,NA,NA,NA,2026-07-30T22:54:06Z,1
R_08vppN6hFjPO66q,1,4,2,2,1,1,3,1,56,NA,2,3,NA,5,2,NA,NA,NA,2026-07-30T22:54:06Z,1
R_08vppN6hFjPO66q,1,4,3,2,0,0,0,0,0,NA,2,3,NA,5,2,NA,NA,NA,2026-07-30T22:54:06Z,1
R_08vppN6hFjPO66q,1,5,1,3,0,1,2,2,11,NA,2,3,NA,5,2,NA,NA,NA,2026-07-30T22:54:06Z,1
R_08vppN6hFjPO66q,1,5,2,3,0,2,1,1,11,NA,2,3,NA,5,2,NA,NA,NA,2026-07-30T22:54:06Z,1
R_08vppN6hFjPO66q,1,5,3,3,1,0,0,0,0,NA,2,3,NA,5,2,NA,NA,NA,2026-07-30T22:54:06Z,1
R_08vppN6hFjPO66q,1,6,1,2,0,3,2,3,22,NA,2,3,NA,5,2,NA,NA,NA,2026-07-30T22:54:06Z,1
R_08vppN6hFjPO66q,1,6,2,2,1,2,1,2,113,NA,2,3,NA,5,2,NA,NA,NA,2026-07-30T22:54:06Z,1
R_08vppN6hFjPO66q,1,6,3,2,0,0,0,0,0,NA,2,3,NA,5,2,NA,NA,NA,2026-07-30T22:54:06Z,1
R_08vppN6hFjPO66q,1,7,1,1,1,3,3,2,56,NA,2,3,NA,5,2,NA,NA,NA,2026-07-30T22:54:06Z,1
R_08vppN6hFjPO66q,1,7,2,1,0,2,2,1,84,NA,2,3,NA,5,2,NA,NA,NA,2026-07-30T22:54:06Z,1
R_08vppN6hFjPO66q,1,7,3,1,0,0,0,0,0,NA,2,3,NA,5,2,NA,NA,NA,2026-07-30T22:54:06Z,1
R_08vppN6hFjPO66q,1,8,1,2,0,1,1,2,56,NA,2,3,NA,5,2,NA,NA,NA,2026-07-30T22:54:06Z,1
R_08vppN6hFjPO66q,1,8,2,2,1,3,3,3,22,NA,2,3,NA,5,2,NA,NA,NA,2026-07-30T22:54:06Z,1
R_08vppN6hFjPO66q,1,8,3,2,0,0,0,0,0,NA,2,3,NA,5,2,NA,NA,NA,2026-07-30T22:54:06Z,1
R_09uJ8dMUyQiEgHs,2,10,1,3,0,2,3,3,113,NA,1,6,NA,NA,2,NA,NA,NA,2026-07-30T20:29:56Z,1
R_09uJ8dMUyQiEgHs,2,10,2,3,0,3,1,1,11,NA,1,6,NA,NA,2,NA,NA,NA,2026-07-30T20:29:56Z,1
R_09uJ8dMUyQiEgHs,2,10,3,3,1,0,0,0,0,NA,1,6,NA,NA,2,NA,NA,NA,2026-07-30T20:29:56Z,1
R_09uJ8dMUyQiEgHs,2,11,1,1,1,2,3,1,11,NA,1,6,NA,NA,2,NA,NA,NA,2026-07-30T20:29:56Z,1
R_09uJ8dMUyQiEgHs,2,11,2,1,0,3,1,3,113,NA,1,6,NA,NA,2,NA,NA,NA,2026-07-30T20:29:56Z,1
R_09uJ8dMUyQiEgHs,2,11,3,1,0,0,0,0,0,NA,1,6,NA,NA,2,NA,NA,NA,2026-07-30T20:29:56Z,1
R_09uJ8dMUyQiEgHs,2,12,1,2,0,1,1,3,11,NA,1,6,NA,NA,2,NA,NA,NA,2026-07-30T20:29:56Z,1
R_09uJ8dMUyQiEgHs,2,12,2,2,1,3,3,2,113,NA,1,6,NA,NA,2,NA,NA,NA,2026-07-30T20:29:56Z,1
R_09uJ8dMUyQiEgHs,2,12,3,2,0,0,0,0,0,NA,1,6,NA,NA,2,NA,NA,NA,2026-07-30T20:29:56Z,1
R_09uJ8dMUyQiEgHs,2,13,1,2,0,3,1,2,22,NA,1,6,NA,NA,2,NA,NA,NA,2026-07-30T20:29:56Z,1
R_09uJ8dMUyQiEgHs,2,13,2,2,1,1,2,1,84,NA,1,6,NA,NA,2,NA,NA,NA,2026-07-30T20:29:56Z,1
R_09uJ8dMUyQiEgHs,2,13,3,2,0,0,0,0,0,NA,1,6,NA,NA,2,NA,NA,NA,2026-07-30T20:29:56Z,1
R_09uJ8dMUyQiEgHs,2,14,1,3,0,3,3,1,22,NA,1,6,NA,NA,2,NA,NA,NA,2026-07-30T20:29:56Z,1
R_09uJ8dMUyQiEgHs,2,14,2,3,0,1,2,3,84,NA,1,6,NA,NA,2,NA,NA,NA,2026-07-30T20:29:56Z,1
R_09uJ8dMUyQiEgHs,2,14,3,3,1,0,0,0,0,NA,1,6,NA,NA,2,NA,NA,NA,2026-07-30T20:29:56Z,1
R_09uJ8dMUyQiEgHs,2,15,1,1,1,3,1,3,113,NA,1,6,NA,NA,2,NA,NA,NA,2026-07-30T20:29:56Z,1
R_09uJ8dMUyQiEgHs,2,15,2,1,0,2,3,2,11,NA,1,6,NA,NA,2,NA,NA,NA,2026-07-30T20:29:56Z,1
R_09uJ8dMUyQiEgHs,2,15,3,1,0,0,0,0,0,NA,1,6,NA,NA,2,NA,NA,NA,2026-07-30T20:29:56Z,1
R_09uJ8dMUyQiEgHs,2,16,1,3,0,2,1,1,84,NA,1,6,NA,NA,2,NA,NA,NA,2026-07-30T20:29:56Z,1
R_09uJ8dMUyQiEgHs,2,16,2,3,0,1,3,2,22,NA,1,6,NA,NA,2,NA,NA,NA,2026-07-30T20:29:56Z,1
R_09uJ8dMUyQiEgHs,2,16,3,3,1,0,0,0,0,NA,1,6,NA,NA,2,NA,NA,NA,2026-07-30T20:29:56Z,1
R_09uJ8dMUyQiEgHs,2,9,1,1,1,1,3,1,113,NA,1,6,NA,NA,2,NA,NA,NA,2026-07-30T20:29:56Z,1
R_09uJ8dMUyQiEgHs,2,9,2,1,0,2,2,3,11,NA,1,6,NA,NA,2,NA,NA,NA,2026-07-30T20:29:56Z,1
R_09uJ8dMUyQiEgHs,2,9,3,1,0,0,0,0,0,NA,1,6,NA,NA,2,NA,NA,NA,2026-07-30T20:29:56Z,1
R_0BsWyALfi4jjFZA,2,10,1,3,0,2,3,3,113,NA,1,2,NA,NA,1,NA,NA,NA,2026-06-23T11:57:17Z,1
R_0BsWyALfi4jjFZA,2,10,2,3,0,3,1,1,11,NA,1,2,NA,NA,1,NA,NA,NA,2026-06-23T11:57:17Z,1
R_0BsWyALfi4jjFZA,2,10,3,3,1,0,0,0,0,NA,1,2,NA,NA,1,NA,NA,NA,2026-06-23T11:57:17Z,1
R_0BsWyALfi4jjFZA,2,11,1,1,1,2,3,1,11,NA,1,2,NA,NA,1,NA,NA,NA,2026-06-23T11:57:17Z,1
R_0BsWyALfi4jjFZA,2,11,2,1,0,3,1,3,113,NA,1,2,NA,NA,1,NA,NA,NA,2026-06-23T11:57:17Z,1
R_0BsWyALfi4jjFZA,2,11,3,1,0,0,0,0,0,NA,1,2,NA,NA,1,NA,NA,NA,2026-06-23T11:57:17Z,1
R_0BsWyALfi4jjFZA,2,12,1,3,0,1,1,3,11,NA,1,2,NA,NA,1,NA,NA,NA,2026-06-23T11:57:17Z,1
R_0BsWyALfi4jjFZA,2,12,2,3,0,3,3,2,113,NA,1,2,NA,NA,1,NA,NA,NA,2026-06-23T11:57:17Z,1
R_0BsWyALfi4jjFZA,2,12,3,3,1,0,0,0,0,NA,1,2,NA,NA,1,NA,NA,NA,2026-06-23T11:57:17Z,1
R_0BsWyALfi4jjFZA,2,13,1,2,0,3,1,2,22,NA,1,2,NA,NA,1,NA,NA,NA,2026-06-23T11:57:17Z,1
R_0BsWyALfi4jjFZA,2,13,2,2,1,1,2,1,84,NA,1,2,NA,NA,1,NA,NA,NA,2026-06-23T11:57:17Z,1
R_0BsWyALfi4jjFZA,2,13,3,2,0,0,0,0,0,NA,1,2,NA,NA,1,NA,NA,NA,2026-06-23T11:57:17Z,1
R_0BsWyALfi4jjFZA,2,14,1,1,1,3,3,1,22,NA,1,2,NA,NA,1,NA,NA,NA,2026-06-23T11:57:17Z,1
R_0BsWyALfi4jjFZA,2,14,2,1,0,1,2,3,84,NA,1,2,NA,NA,1,NA,NA,NA,2026-06-23T11:57:17Z,1
R_0BsWyALfi4jjFZA,2,14,3,1,0,0,0,0,0,NA,1,2,NA,NA,1,NA,NA,NA,2026-06-23T11:57:17Z,1
R_0BsWyALfi4jjFZA,2,15,1,1,1,3,1,3,113,NA,1,2,NA,NA,1,NA,NA,NA,2026-06-23T11:57:17Z,1
R_0BsWyALfi4jjFZA,2,15,2,1,0,2,3,2,11,NA,1,2,NA,NA,1,NA,NA,NA,2026-06-23T11:57:17Z,1
R_0BsWyALfi4jjFZA,2,15,3,1,0,0,0,0,0,NA,1,2,NA,NA,1,NA,NA,NA,2026-06-23T11:57:17Z,1
R_0BsWyALfi4jjFZA,2,16,1,1,1,2,1,1,84,NA,1,2,NA,NA,1,NA,NA,NA,2026-06-23T11:57:17Z,1
R_0BsWyALfi4jjFZA,2,16,2,1,0,1,3,2,22,NA,1,2,NA,NA,1,NA,NA,NA,2026-06-23T11:57:17Z,1
R_0BsWyALfi4jjFZA,2,16,3,1,0,0,0,0,0,NA,1,2,NA,NA,1,NA,NA,NA,2026-06-23T11:57:17Z,1
R_0BsWyALfi4jjFZA,2,9,1,3,0,1,3,1,113,NA,1,2,NA,NA,1,NA,NA,NA,2026-06-23T11:57:17Z,1
R_0BsWyALfi4jjFZA,2,9,2,3,0,2,2,3,11,NA,1,2,NA,NA,1,NA,NA,NA,2026-06-23T11:57:17Z,1
R_0BsWyALfi4jjFZA,2,9,3,3,1,0,0,0,0,NA,1,2,NA,NA,1,NA,NA,NA,2026-06-23T11:57:17Z,1
R_0Ch4Rq6gi5YV0fI,1,1,1,6,0,1,2,1,84,NA,2,5,NA,NA,1,NA,NA,NA,2026-07-30T20:30:10Z,1
R_0Ch4Rq6gi5YV0fI,1,1,2,6,0,2,3,3,56,NA,2,5,NA,NA,1,NA,NA,NA,2026-07-30T20:30:10Z,1
R_0Ch4Rq6gi5YV0fI,1,1,3,6,0,0,0,0,0,NA,2,5,NA,NA,1,NA,NA,NA,2026-07-30T20:30:10Z,1
R_0Ch4Rq6gi5YV0fI,1,2,1,2,0,2,3,3,56,NA,2,5,NA,NA,1,NA,NA,NA,2026-07-30T20:30:10Z,1
R_0Ch4Rq6gi5YV0fI,1,2,2,2,1,3,2,2,56,NA,2,5,NA,NA,1,NA,NA,NA,2026-07-30T20:30:10Z,1
R_0Ch4Rq6gi5YV0fI,1,2,3,2,0,0,0,0,0,NA,2,5,NA,NA,1,NA,NA,NA,2026-07-30T20:30:10Z,1
R_0Ch4Rq6gi5YV0fI,1,3,1,2,0,3,2,1,113,NA,2,5,NA,NA,1,NA,NA,NA,2026-07-30T20:30:10Z,1
R_0Ch4Rq6gi5YV0fI,1,3,2,2,1,1,1,3,22,NA,2,5,NA,NA,1,NA,NA,NA,2026-07-30T20:30:10Z,1
R_0Ch4Rq6gi5YV0fI,1,3,3,2,0,0,0,0,0,NA,2,5,NA,NA,1,NA,NA,NA,2026-07-30T20:30:10Z,1
R_0Ch4Rq6gi5YV0fI,1,4,1,1,1,2,2,2,84,NA,2,5,NA,NA,1,NA,NA,NA,2026-07-30T20:30:10Z,1
R_0Ch4Rq6gi5YV0fI,1,4,2,1,0,1,3,1,56,NA,2,5,NA,NA,1,NA,NA,NA,2026-07-30T20:30:10Z,1
R_0Ch4Rq6gi5YV0fI,1,4,3,1,0,0,0,0,0,NA,2,5,NA,NA,1,NA,NA,NA,2026-07-30T20:30:10Z,1
R_0Ch4Rq6gi5YV0fI,1,5,1,2,0,1,2,2,11,NA,2,5,NA,NA,1,NA,NA,NA,2026-07-30T20:30:10Z,1
R_0Ch4Rq6gi5YV0fI,1,5,2,2,1,2,1,1,11,NA,2,5,NA,NA,1,NA,NA,NA,2026-07-30T20:30:10Z,1
R_0Ch4Rq6gi5YV0fI,1,5,3,2,0,0,0,0,0,NA,2,5,NA,NA,1,NA,NA,NA,2026-07-30T20:30:10Z,1
R_0Ch4Rq6gi5YV0fI,1,6,1,2,0,3,2,3,22,NA,2,5,NA,NA,1,NA,NA,NA,2026-07-30T20:30:10Z,1
R_0Ch4Rq6gi5YV0fI,1,6,2,2,1,2,1,2,113,NA,2,5,NA,NA,1,NA,NA,NA,2026-07-30T20:30:10Z,1
R_0Ch4Rq6gi5YV0fI,1,6,3,2,0,0,0,0,0,NA,2,5,NA,NA,1,NA,NA,NA,2026-07-30T20:30:10Z,1
R_0Ch4Rq6gi5YV0fI,1,7,1,3,0,3,3,2,56,NA,2,5,NA,NA,1,NA,NA,NA,2026-07-30T20:30:10Z,1
R_0Ch4Rq6gi5YV0fI,1,7,2,3,0,2,2,1,84,NA,2,5,NA,NA,1,NA,NA,NA,2026-07-30T20:30:10Z,1
R_0Ch4Rq6gi5YV0fI,1,7,3,3,1,0,0,0,0,NA,2,5,NA,NA,1,NA,NA,NA,2026-07-30T20:30:10Z,1
R_0Ch4Rq6gi5YV0fI,1,8,1,1,1,1,1,2,56,NA,2,5,NA,NA,1,NA,NA,NA,2026-07-30T20:30:10Z,1
R_0Ch4Rq6gi5YV0fI,1,8,2,1,0,3,3,3,22,NA,2,5,NA,NA,1,NA,NA,NA,2026-07-30T20:30:10Z,1
R_0Ch4Rq6gi5YV0fI,1,8,3,1,0,0,0,0,0,NA,2,5,NA,NA,1,NA,NA,NA,2026-07-30T20:30:10Z,1
R_0DNYigGBkAA64qW,2,10,1,3,0,2,3,3,113,NA,1,2,NA,NA,2,NA,NA,NA,2026-07-30T20:29:57Z,1
R_0DNYigGBkAA64qW,2,10,2,3,0,3,1,1,11,NA,1,2,NA,NA,2,NA,NA,NA,2026-07-30T20:29:57Z,1
R_0DNYigGBkAA64qW,2,10,3,3,1,0,0,0,0,NA,1,2,NA,NA,2,NA,NA,NA,2026-07-30T20:29:57Z,1
R_0DNYigGBkAA64qW,2,11,1,3,0,2,3,1,11,NA,1,2,NA,NA,2,NA,NA,NA,2026-07-30T20:29:57Z,1
R_0DNYigGBkAA64qW,2,11,2,3,0,3,1,3,113,NA,1,2,NA,NA,2,NA,NA,NA,2026-07-30T20:29:57Z,1
R_0DNYigGBkAA64qW,2,11,3,3,1,0,0,0,0,NA,1,2,NA,NA,2,NA,NA,NA,2026-07-30T20:29:57Z,1
R_0DNYigGBkAA64qW,2,12,1,3,0,1,1,3,11,NA,1,2,NA,NA,2,NA,NA,NA,2026-07-30T20:29:57Z,1
R_0DNYigGBkAA64qW,2,12,2,3,0,3,3,2,113,NA,1,2,NA,NA,2,NA,NA,NA,2026-07-30T20:29:57Z,1
R_0DNYigGBkAA64qW,2,12,3,3,1,0,0,0,0,NA,1,2,NA,NA,2,NA,NA,NA,2026-07-30T20:29:57Z,1
R_0DNYigGBkAA64qW,2,13,1,3,0,3,1,2,22,NA,1,2,NA,NA,2,NA,NA,NA,2026-07-30T20:29:57Z,1
R_0DNYigGBkAA64qW,2,13,2,3,0,1,2,1,84,NA,1,2,NA,NA,2,NA,NA,NA,2026-07-30T20:29:57Z,1
R_0DNYigGBkAA64qW,2,13,3,3,1,0,0,0,0,NA,1,2,NA,NA,2,NA,NA,NA,2026-07-30T20:29:57Z,1
R_0DNYigGBkAA64qW,2,14,1,3,0,3,3,1,22,NA,1,2,NA,NA,2,NA,NA,NA,2026-07-30T20:29:57Z,1
R_0DNYigGBkAA64qW,2,14,2,3,0,1,2,3,84,NA,1,2,NA,NA,2,NA,NA,NA,2026-07-30T20:29:57Z,1
R_0DNYigGBkAA64qW,2,14,3,3,1,0,0,0,0,NA,1,2,NA,NA,2,NA,NA,NA,2026-07-30T20:29:57Z,1
R_0DNYigGBkAA64qW,2,15,1,2,0,3,1,3,113,NA,1,2,NA,NA,2,NA,NA,NA,2026-07-30T20:29:57Z,1
R_0DNYigGBkAA64qW,2,15,2,2,1,2,3,2,11,NA,1,2,NA,NA,2,NA,NA,NA,2026-07-30T20:29:57Z,1
R_0DNYigGBkAA64qW,2,15,3,2,0,0,0,0,0,NA,1,2,NA,NA,2,NA,NA,NA,2026-07-30T20:29:57Z,1
R_0DNYigGBkAA64qW,2,16,1,1,1,2,1,1,84,NA,1,2,NA,NA,2,NA,NA,NA,2026-07-30T20:29:57Z,1
R_0DNYigGBkAA64qW,2,16,2,1,0,1,3,2,22,NA,1,2,NA,NA,2,NA,NA,NA,2026-07-30T20:29:57Z,1
R_0DNYigGBkAA64qW,2,16,3,1,0,0,0,0,0,NA,1,2,NA,NA,2,NA,NA,NA,2026-07-30T20:29:57Z,1
R_0DNYigGBkAA64qW,2,9,1,3,0,1,3,1,113,NA,1,2,NA,NA,2,NA,NA,NA,2026-07-30T20:29:57Z,1
R_0DNYigGBkAA64qW,2,9,2,3,0,2,2,3,11,NA,1,2,NA,NA,2,NA,NA,NA,2026-07-30T20:29:57Z,1
R_0DNYigGBkAA64qW,2,9,3,3,1,0,0,0,0,NA,1,2,NA,NA,2,NA,NA,NA,2026-07-30T20:29:57Z,1
R_0GLpaShBmqmc9UO,2,10,1,2,0,2,3,3,113,NA,3,7,Ab pellentesque mattis sem curabitur volutpat. Suspendisse viverra at integer posuere lacus.,6,3,NA,NA,NA,2026-07-30T22:53:46Z,1
R_0GLpaShBmqmc9UO,2,10,2,2,1,3,1,1,11,NA,3,7,Ab pellentesque mattis sem curabitur volutpat. Suspendisse viverra at integer posuere lacus.,6,3,NA,NA,NA,2026-07-30T22:53:46Z,1
R_0GLpaShBmqmc9UO,2,10,3,2,0,0,0,0,0,NA,3,7,Ab pellentesque mattis sem curabitur volutpat. Suspendisse viverra at integer posuere lacus.,6,3,NA,NA,NA,2026-07-30T22:53:46Z,1
R_0GLpaShBmqmc9UO,2,11,1,1,1,2,3,1,11,NA,3,7,Ab pellentesque mattis sem curabitur volutpat. Suspendisse viverra at integer posuere lacus.,6,3,NA,NA,NA,2026-07-30T22:53:46Z,1
R_0GLpaShBmqmc9UO,2,11,2,1,0,3,1,3,113,NA,3,7,Ab pellentesque mattis sem curabitur volutpat. Suspendisse viverra at integer posuere lacus.,6,3,NA,NA,NA,2026-07-30T22:53:46Z,1
R_0GLpaShBmqmc9UO,2,11,3,1,0,0,0,0,0,NA,3,7,Ab pellentesque mattis sem curabitur volutpat. Suspendisse viverra at integer posuere lacus.,6,3,NA,NA,NA,2026-07-30T22:53:46Z,1
R_0GLpaShBmqmc9UO,2,12,1,1,1,1,1,3,11,NA,3,7,Ab pellentesque mattis sem curabitur volutpat. Suspendisse viverra at integer posuere lacus.,6,3,NA,NA,NA,2026-07-30T22:53:46Z,1
R_0GLpaShBmqmc9UO,2,12,2,1,0,3,3,2,113,NA,3,7,Ab pellentesque mattis sem curabitur volutpat. Suspendisse viverra at integer posuere lacus.,6,3,NA,NA,NA,2026-07-30T22:53:46Z,1
R_0GLpaShBmqmc9UO,2,12,3,1,0,0,0,0,0,NA,3,7,Ab pellentesque mattis sem curabitur volutpat. Suspendisse viverra at integer posuere lacus.,6,3,NA,NA,NA,2026-07-30T22:53:46Z,1
R_0GLpaShBmqmc9UO,2,13,1,2,0,3,1,2,22,NA,3,7,Ab pellentesque mattis sem curabitur volutpat. Suspendisse viverra at integer posuere lacus.,6,3,NA,NA,NA,2026-07-30T22:53:46Z,1
R_0GLpaShBmqmc9UO,2,13,2,2,1,1,2,1,84,NA,3,7,Ab pellentesque mattis sem curabitur volutpat. Suspendisse viverra at integer posuere lacus.,6,3,NA,NA,NA,2026-07-30T22:53:46Z,1
R_0GLpaShBmqmc9UO,2,13,3,2,0,0,0,0,0,NA,3,7,Ab pellentesque mattis sem curabitur volutpat. Suspendisse viverra at integer posuere lacus.,6,3,NA,NA,NA,2026-07-30T22:53:46Z,1
R_0GLpaShBmqmc9UO,2,14,1,1,1,3,3,1,22,NA,3,7,Ab pellentesque mattis sem curabitur volutpat. Suspendisse viverra at integer posuere lacus.,6,3,NA,NA,NA,2026-07-30T22:53:46Z,1
R_0GLpaShBmqmc9UO,2,14,2,1,0,1,2,3,84,NA,3,7,Ab pellentesque mattis sem curabitur volutpat. Suspendisse viverra at integer posuere lacus.,6,3,NA,NA,NA,2026-07-30T22:53:46Z,1
R_0GLpaShBmqmc9UO,2,14,3,1,0,0,0,0,0,NA,3,7,Ab pellentesque mattis sem curabitur volutpat. Suspendisse viverra at integer posuere lacus.,6,3,NA,NA,NA,2026-07-30T22:53:46Z,1
R_0GLpaShBmqmc9UO,2,15,1,3,0,3,1,3,113,NA,3,7,Ab pellentesque mattis sem curabitur volutpat. Suspendisse viverra at integer posuere lacus.,6,3,NA,NA,NA,2026-07-30T22:53:46Z,1
R_0GLpaShBmqmc9UO,2,15,2,3,0,2,3,2,11,NA,3,7,Ab pellentesque mattis sem curabitur volutpat. Suspendisse viverra at integer posuere lacus.,6,3,NA,NA,NA,2026-07-30T22:53:46Z,1
R_0GLpaShBmqmc9UO,2,15,3,3,1,0,0,0,0,NA,3,7,Ab pellentesque mattis sem curabitur volutpat. Suspendisse viverra at integer posuere lacus.,6,3,NA,NA,NA,2026-07-30T22:53:46Z,1
R_0GLpaShBmqmc9UO,2,16,1,3,0,2,1,1,84,NA,3,7,Ab pellentesque mattis sem curabitur volutpat. Suspendisse viverra at integer posuere lacus.,6,3,NA,NA,NA,2026-07-30T22:53:46Z,1
R_0GLpaShBmqmc9UO,2,16,2,3,0,1,3,2,22,NA,3,7,Ab pellentesque mattis sem curabitur volutpat. Suspendisse viverra at integer posuere lacus.,6,3,NA,NA,NA,2026-07-30T22:53:46Z,1
R_0GLpaShBmqmc9UO,2,16,3,3,1,0,0,0,0,NA,3,7,Ab pellentesque mattis sem curabitur volutpat. Suspendisse viverra at integer posuere lacus.,6,3,NA,NA,NA,2026-07-30T22:53:46Z,1
R_0GLpaShBmqmc9UO,2,9,1,2,0,1,3,1,113,NA,3,7,Ab pellentesque mattis sem curabitur volutpat. Suspendisse viverra at integer posuere lacus.,6,3,NA,NA,NA,2026-07-30T22:53:46Z,1
R_0GLpaShBmqmc9UO,2,9,2,2,1,2,2,3,11,NA,3,7,Ab pellentesque mattis sem curabitur volutpat. Suspendisse viverra at integer posuere lacus.,6,3,NA,NA,NA,2026-07-30T22:53:46Z,1
R_0GLpaShBmqmc9UO,2,9,3,2,0,0,0,0,0,NA,3,7,Ab pellentesque mattis sem curabitur volutpat. Suspendisse viverra at integer posuere lacus.,6,3,NA,NA,NA,2026-07-30T22:53:46Z,1
R_0GLzrNcMYbHB9um,1,1,1,2,0,1,2,1,84,NA,3,5,NA,6,1,NA,NA,NA,2026-07-30T22:53:43Z,1
R_0GLzrNcMYbHB9um,1,1,2,2,1,2,3,3,56,NA,3,5,NA,6,1,NA,NA,NA,2026-07-30T22:53:43Z,1
R_0GLzrNcMYbHB9um,1,1,3,2,0,0,0,0,0,NA,3,5,NA,6,1,NA,NA,NA,2026-07-30T22:53:43Z,1
R_0GLzrNcMYbHB9um,1,2,1,3,0,2,3,3,56,NA,3,5,NA,6,1,NA,NA,NA,2026-07-30T22:53:43Z,1
R_0GLzrNcMYbHB9um,1,2,2,3,0,3,2,2,56,NA,3,5,NA,6,1,NA,NA,NA,2026-07-30T22:53:43Z,1
R_0GLzrNcMYbHB9um,1,2,3,3,1,0,0,0,0,NA,3,5,NA,6,1,NA,NA,NA,2026-07-30T22:53:43Z,1
R_0GLzrNcMYbHB9um,1,3,1,3,0,3,2,1,113,NA,3,5,NA,6,1,NA,NA,NA,2026-07-30T22:53:43Z,1
R_0GLzrNcMYbHB9um,1,3,2,3,0,1,1,3,22,NA,3,5,NA,6,1,NA,NA,NA,2026-07-30T22:53:43Z,1
R_0GLzrNcMYbHB9um,1,3,3,3,1,0,0,0,0,NA,3,5,NA,6,1,NA,NA,NA,2026-07-30T22:53:43Z,1
R_0GLzrNcMYbHB9um,1,4,1,2,0,2,2,2,84,NA,3,5,NA,6,1,NA,NA,NA,2026-07-30T22:53:43Z,1
R_0GLzrNcMYbHB9um,1,4,2,2,1,1,3,1,56,NA,3,5,NA,6,1,NA,NA,NA,2026-07-30T22:53:43Z,1
R_0GLzrNcMYbHB9um,1,4,3,2,0,0,0,0,0,NA,3,5,NA,6,1,NA,NA,NA,2026-07-30T22:53:43Z,1
R_0GLzrNcMYbHB9um,1,5,1,3,0,1,2,2,11,NA,3,5,NA,6,1,NA,NA,NA,2026-07-30T22:53:43Z,1
R_0GLzrNcMYbHB9um,1,5,2,3,0,2,1,1,11,NA,3,5,NA,6,1,NA,NA,NA,2026-07-30T22:53:43Z,1
R_0GLzrNcMYbHB9um,1,5,3,3,1,0,0,0,0,NA,3,5,NA,6,1,NA,NA,NA,2026-07-30T22:53:43Z,1
R_0GLzrNcMYbHB9um,1,6,1,2,0,3,2,3,22,NA,3,5,NA,6,1,NA,NA,NA,2026-07-30T22:53:43Z,1
R_0GLzrNcMYbHB9um,1,6,2,2,1,2,1,2,113,NA,3,5,NA,6,1,NA,NA,NA,2026-07-30T22:53:43Z,1
R_0GLzrNcMYbHB9um,1,6,3,2,0,0,0,0,0,NA,3,5,NA,6,1,NA,NA,NA,2026-07-30T22:53:43Z,1
R_0GLzrNcMYbHB9um,1,7,1,3,0,3,3,2,56,NA,3,5,NA,6,1,NA,NA,NA,2026-07-30T22:53:43Z,1
R_0GLzrNcMYbHB9um,1,7,2,3,0,2,2,1,84,NA,3,5,NA,6,1,NA,NA,NA,2026-07-30T22:53:43Z,1
R_0GLzrNcMYbHB9um,1,7,3,3,1,0,0,0,0,NA,3,5,NA,6,1,NA,NA,NA,2026-07-30T22:53:43Z,1
R_0GLzrNcMYbHB9um,1,8,1,2,0,1,1,2,56,NA,3,5,NA,6,1,NA,NA,NA,2026-07-30T22:53:43Z,1
R_0GLzrNcMYbHB9um,1,8,2,2,1,3,3,3,22,NA,3,5,NA,6,1,NA,NA,NA,2026-07-30T22:53:43Z,1
R_0GLzrNcMYbHB9um,1,8,3,2,0,0,0,0,0,NA,3,5,NA,6,1,NA,NA,NA,2026-07-30T22:53:43Z,1
R_0GPMUG6lkY28jPw,1,1,1,2,0,1,2,1,84,NA,1,5,NA,4,4,"Sollicitudin per sem nullam, integer metus quam sollicitudin, consectetuer pharetra.",NA,NA,2026-07-30T22:53:41Z,1
R_0GPMUG6lkY28jPw,1,1,2,2,1,2,3,3,56,NA,1,5,NA,4,4,"Sollicitudin per sem nullam, integer metus quam sollicitudin, consectetuer pharetra.",NA,NA,2026-07-30T22:53:41Z,1
R_0GPMUG6lkY28jPw,1,1,3,2,0,0,0,0,0,NA,1,5,NA,4,4,"Sollicitudin per sem nullam, integer metus quam sollicitudin, consectetuer pharetra.",NA,NA,2026-07-30T22:53:41Z,1
R_0GPMUG6lkY28jPw,1,2,1,1,1,2,3,3,56,NA,1,5,NA,4,4,"Sollicitudin per sem nullam, integer metus quam sollicitudin, consectetuer pharetra.",NA,NA,2026-07-30T22:53:41Z,1
R_0GPMUG6lkY28jPw,1,2,2,1,0,3,2,2,56,NA,1,5,NA,4,4,"Sollicitudin per sem nullam, integer metus quam sollicitudin, consectetuer pharetra.",NA,NA,2026-07-30T22:53:41Z,1
R_0GPMUG6lkY28jPw,1,2,3,1,0,0,0,0,0,NA,1,5,NA,4,4,"Sollicitudin per sem nullam, integer metus quam sollicitudin, consectetuer pharetra.",NA,NA,2026-07-30T22:53:41Z,1
R_0GPMUG6lkY28jPw,1,3,1,3,0,3,2,1,113,NA,1,5,NA,4,4,"Sollicitudin per sem nullam, integer metus quam sollicitudin, consectetuer pharetra.",NA,NA,2026-07-30T22:53:41Z,1
R_0GPMUG6lkY28jPw,1,3,2,3,0,1,1,3,22,NA,1,5,NA,4,4,"Sollicitudin per sem nullam, integer metus quam sollicitudin, consectetuer pharetra.",NA,NA,2026-07-30T22:53:41Z,1
R_0GPMUG6lkY28jPw,1,3,3,3,1,0,0,0,0,NA,1,5,NA,4,4,"Sollicitudin per sem nullam, integer metus quam sollicitudin, consectetuer pharetra.",NA,NA,2026-07-30T22:53:41Z,1
R_0GPMUG6lkY28jPw,1,4,1,1,1,2,2,2,84,NA,1,5,NA,4,4,"Sollicitudin per sem nullam, integer metus quam sollicitudin, consectetuer pharetra.",NA,NA,2026-07-30T22:53:41Z,1
R_0GPMUG6lkY28jPw,1,4,2,1,0,1,3,1,56,NA,1,5,NA,4,4,"Sollicitudin per sem nullam, integer metus quam sollicitudin, consectetuer pharetra.",NA,NA,2026-07-30T22:53:41Z,1
R_0GPMUG6lkY28jPw,1,4,3,1,0,0,0,0,0,NA,1,5,NA,4,4,"Sollicitudin per sem nullam, integer metus quam sollicitudin, consectetuer pharetra.",NA,NA,2026-07-30T22:53:41Z,1
R_0GPMUG6lkY28jPw,1,5,1,3,0,1,2,2,11,NA,1,5,NA,4,4,"Sollicitudin per sem nullam, integer metus quam sollicitudin, consectetuer pharetra.",NA,NA,2026-07-30T22:53:41Z,1
R_0GPMUG6lkY28jPw,1,5,2,3,0,2,1,1,11,NA,1,5,NA,4,4,"Sollicitudin per sem nullam, integer metus quam sollicitudin, consectetuer pharetra.",NA,NA,2026-07-30T22:53:41Z,1
R_0GPMUG6lkY28jPw,1,5,3,3,1,0,0,0,0,NA,1,5,NA,4,4,"Sollicitudin per sem nullam, integer metus quam sollicitudin, consectetuer pharetra.",NA,NA,2026-07-30T22:53:41Z,1
R_0GPMUG6lkY28jPw,1,6,1,1,1,3,2,3,22,NA,1,5,NA,4,4,"Sollicitudin per sem nullam, integer metus quam sollicitudin, consectetuer pharetra.",NA,NA,2026-07-30T22:53:41Z,1
R_0GPMUG6lkY28jPw,1,6,2,1,0,2,1,2,113,NA,1,5,NA,4,4,"Sollicitudin per sem nullam, integer metus quam sollicitudin, consectetuer pharetra.",NA,NA,2026-07-30T22:53:41Z,1
R_0GPMUG6lkY28jPw,1,6,3,1,0,0,0,0,0,NA,1,5,NA,4,4,"Sollicitudin per sem nullam, integer metus quam sollicitudin, consectetuer pharetra.",NA,NA,2026-07-30T22:53:41Z,1
R_0GPMUG6lkY28jPw,1,7,1,1,1,3,3,2,56,NA,1,5,NA,4,4,"Sollicitudin per sem nullam, integer metus quam sollicitudin, consectetuer pharetra.",NA,NA,2026-07-30T22:53:41Z,1
R_0GPMUG6lkY28jPw,1,7,2,1,0,2,2,1,84,NA,1,5,NA,4,4,"Sollicitudin per sem nullam, integer metus quam sollicitudin, consectetuer pharetra.",NA,NA,2026-07-30T22:53:41Z,1
R_0GPMUG6lkY28jPw,1,7,3,1,0,0,0,0,0,NA,1,5,NA,4,4,"Sollicitudin per sem nullam, integer metus quam sollicitudin, consectetuer pharetra.",NA,NA,2026-07-30T22:53:41Z,1
R_0GPMUG6lkY28jPw,1,8,1,2,0,1,1,2,56,NA,1,5,NA,4,4,"Sollicitudin per sem nullam, integer metus quam sollicitudin, consectetuer pharetra.",NA,NA,2026-07-30T22:53:41Z,1
R_0GPMUG6lkY28jPw,1,8,2,2,1,3,3,3,22,NA,1,5,NA,4,4,"Sollicitudin per sem nullam, integer metus quam sollicitudin, consectetuer pharetra.",NA,NA,2026-07-30T22:53:41Z,1
R_0GPMUG6lkY28jPw,1,8,3,2,0,0,0,0,0,NA,1,5,NA,4,4,"Sollicitudin per sem nullam, integer metus quam sollicitudin, consectetuer pharetra.",NA,NA,2026-07-30T22:53:41Z,1
R_0HeoYvPYPeVgtWm,2,10,1,2,0,2,3,3,113,NA,1,4,NA,5,2,NA,NA,NA,2026-07-30T22:54:05Z,1
R_0HeoYvPYPeVgtWm,2,10,2,2,1,3,1,1,11,NA,1,4,NA,5,2,NA,NA,NA,2026-07-30T22:54:05Z,1
R_0HeoYvPYPeVgtWm,2,10,3,2,0,0,0,0,0,NA,1,4,NA,5,2,NA,NA,NA,2026-07-30T22:54:05Z,1
R_0HeoYvPYPeVgtWm,2,11,1,3,0,2,3,1,11,NA,1,4,NA,5,2,NA,NA,NA,2026-07-30T22:54:05Z,1
R_0HeoYvPYPeVgtWm,2,11,2,3,0,3,1,3,113,NA,1,4,NA,5,2,NA,NA,NA,2026-07-30T22:54:05Z,1
R_0HeoYvPYPeVgtWm,2,11,3,3,1,0,0,0,0,NA,1,4,NA,5,2,NA,NA,NA,2026-07-30T22:54:05Z,1
R_0HeoYvPYPeVgtWm,2,12,1,3,0,1,1,3,11,NA,1,4,NA,5,2,NA,NA,NA,2026-07-30T22:54:05Z,1
R_0HeoYvPYPeVgtWm,2,12,2,3,0,3,3,2,113,NA,1,4,NA,5,2,NA,NA,NA,2026-07-30T22:54:05Z,1
R_0HeoYvPYPeVgtWm,2,12,3,3,1,0,0,0,0,NA,1,4,NA,5,2,NA,NA,NA,2026-07-30T22:54:05Z,1
R_0HeoYvPYPeVgtWm,2,13,1,2,0,3,1,2,22,NA,1,4,NA,5,2,NA,NA,NA,2026-07-30T22:54:05Z,1
R_0HeoYvPYPeVgtWm,2,13,2,2,1,1,2,1,84,NA,1,4,NA,5,2,NA,NA,NA,2026-07-30T22:54:05Z,1
R_0HeoYvPYPeVgtWm,2,13,3,2,0,0,0,0,0,NA,1,4,NA,5,2,NA,NA,NA,2026-07-30T22:54:05Z,1
R_0HeoYvPYPeVgtWm,2,14,1,2,0,3,3,1,22,NA,1,4,NA,5,2,NA,NA,NA,2026-07-30T22:54:05Z,1
R_0HeoYvPYPeVgtWm,2,14,2,2,1,1,2,3,84,NA,1,4,NA,5,2,NA,NA,NA,2026-07-30T22:54:05Z,1
R_0HeoYvPYPeVgtWm,2,14,3,2,0,0,0,0,0,NA,1,4,NA,5,2,NA,NA,NA,2026-07-30T22:54:05Z,1
R_0HeoYvPYPeVgtWm,2,15,1,1,1,3,1,3,113,NA,1,4,NA,5,2,NA,NA,NA,2026-07-30T22:54:05Z,1
R_0HeoYvPYPeVgtWm,2,15,2,1,0,2,3,2,11,NA,1,4,NA,5,2,NA,NA,NA,2026-07-30T22:54:05Z,1
R_0HeoYvPYPeVgtWm,2,15,3,1,0,0,0,0,0,NA,1,4,NA,5,2,NA,NA,NA,2026-07-30T22:54:05Z,1
R_0HeoYvPYPeVgtWm,2,16,1,1,1,2,1,1,84,NA,1,4,NA,5,2,NA,NA,NA,2026-07-30T22:54:05Z,1
R_0HeoYvPYPeVgtWm,2,16,2,1,0,1,3,2,22,NA,1,4,NA,5,2,NA,NA,NA,2026-07-30T22:54:05Z,1
R_0HeoYvPYPeVgtWm,2,16,3,1,0,0,0,0,0,NA,1,4,NA,5,2,NA,NA,NA,2026-07-30T22:54:05Z,1
R_0HeoYvPYPeVgtWm,2,9,1,3,0,1,3,1,113,NA,1,4,NA,5,2,NA,NA,NA,2026-07-30T22:54:05Z,1
R_0HeoYvPYPeVgtWm,2,9,2,3,0,2,2,3,11,NA,1,4,NA,5,2,NA,NA,NA,2026-07-30T22:54:05Z,1
R_0HeoYvPYPeVgtWm,2,9,3,3,1,0,0,0,0,NA,1,4,NA,5,2,NA,NA,NA,2026-07-30T22:54:05Z,1
R_0OmSJXUDvvUFAHk,2,10,1,2,0,2,3,3,113,NA,2,7,"Iaculis fusce id, imperdiet nunc suspendisse at dictumst justo enim? Malesuada. Molestie.",4,3,NA,NA,NA,2026-07-30T22:53:55Z,1
R_0OmSJXUDvvUFAHk,2,10,2,2,1,3,1,1,11,NA,2,7,"Iaculis fusce id, imperdiet nunc suspendisse at dictumst justo enim? Malesuada. Molestie.",4,3,NA,NA,NA,2026-07-30T22:53:55Z,1
R_0OmSJXUDvvUFAHk,2,10,3,2,0,0,0,0,0,NA,2,7,"Iaculis fusce id, imperdiet nunc suspendisse at dictumst justo enim? Malesuada. Molestie.",4,3,NA,NA,NA,2026-07-30T22:53:55Z,1
R_0OmSJXUDvvUFAHk,2,11,1,2,0,2,3,1,11,NA,2,7,"Iaculis fusce id, imperdiet nunc suspendisse at dictumst justo enim? Malesuada. Molestie.",4,3,NA,NA,NA,2026-07-30T22:53:55Z,1
R_0OmSJXUDvvUFAHk,2,11,2,2,1,3,1,3,113,NA,2,7,"Iaculis fusce id, imperdiet nunc suspendisse at dictumst justo enim? Malesuada. Molestie.",4,3,NA,NA,NA,2026-07-30T22:53:55Z,1
R_0OmSJXUDvvUFAHk,2,11,3,2,0,0,0,0,0,NA,2,7,"Iaculis fusce id, imperdiet nunc suspendisse at dictumst justo enim? Malesuada. Molestie.",4,3,NA,NA,NA,2026-07-30T22:53:55Z,1
R_0OmSJXUDvvUFAHk,2,12,1,2,0,1,1,3,11,NA,2,7,"Iaculis fusce id, imperdiet nunc suspendisse at dictumst justo enim? Malesuada. Molestie.",4,3,NA,NA,NA,2026-07-30T22:53:55Z,1
R_0OmSJXUDvvUFAHk,2,12,2,2,1,3,3,2,113,NA,2,7,"Iaculis fusce id, imperdiet nunc suspendisse at dictumst justo enim? Malesuada. Molestie.",4,3,NA,NA,NA,2026-07-30T22:53:55Z,1
R_0OmSJXUDvvUFAHk,2,12,3,2,0,0,0,0,0,NA,2,7,"Iaculis fusce id, imperdiet nunc suspendisse at dictumst justo enim? Malesuada. Molestie.",4,3,NA,NA,NA,2026-07-30T22:53:55Z,1
R_0OmSJXUDvvUFAHk,2,13,1,3,0,3,1,2,22,NA,2,7,"Iaculis fusce id, imperdiet nunc suspendisse at dictumst justo enim? Malesuada. Molestie.",4,3,NA,NA,NA,2026-07-30T22:53:55Z,1
R_0OmSJXUDvvUFAHk,2,13,2,3,0,1,2,1,84,NA,2,7,"Iaculis fusce id, imperdiet nunc suspendisse at dictumst justo enim? Malesuada. Molestie.",4,3,NA,NA,NA,2026-07-30T22:53:55Z,1
R_0OmSJXUDvvUFAHk,2,13,3,3,1,0,0,0,0,NA,2,7,"Iaculis fusce id, imperdiet nunc suspendisse at dictumst justo enim? Malesuada. Molestie.",4,3,NA,NA,NA,2026-07-30T22:53:55Z,1
R_0OmSJXUDvvUFAHk,2,14,1,2,0,3,3,1,22,NA,2,7,"Iaculis fusce id, imperdiet nunc suspendisse at dictumst justo enim? Malesuada. Molestie.",4,3,NA,NA,NA,2026-07-30T22:53:55Z,1
R_0OmSJXUDvvUFAHk,2,14,2,2,1,1,2,3,84,NA,2,7,"Iaculis fusce id, imperdiet nunc suspendisse at dictumst justo enim? Malesuada. Molestie.",4,3,NA,NA,NA,2026-07-30T22:53:55Z,1
R_0OmSJXUDvvUFAHk,2,14,3,2,0,0,0,0,0,NA,2,7,"Iaculis fusce id, imperdiet nunc suspendisse at dictumst justo enim? Malesuada. Molestie.",4,3,NA,NA,NA,2026-07-30T22:53:55Z,1
R_0OmSJXUDvvUFAHk,2,15,1,3,0,3,1,3,113,NA,2,7,"Iaculis fusce id, imperdiet nunc suspendisse at dictumst justo enim? Malesuada. Molestie.",4,3,NA,NA,NA,2026-07-30T22:53:55Z,1
R_0OmSJXUDvvUFAHk,2,15,2,3,0,2,3,2,11,NA,2,7,"Iaculis fusce id, imperdiet nunc suspendisse at dictumst justo enim? Malesuada. Molestie.",4,3,NA,NA,NA,2026-07-30T22:53:55Z,1
R_0OmSJXUDvvUFAHk,2,15,3,3,1,0,0,0,0,NA,2,7,"Iaculis fusce id, imperdiet nunc suspendisse at dictumst justo enim? Malesuada. Molestie.",4,3,NA,NA,NA,2026-07-30T22:53:55Z,1
R_0OmSJXUDvvUFAHk,2,16,1,3,0,2,1,1,84,NA,2,7,"Iaculis fusce id, imperdiet nunc suspendisse at dictumst justo enim? Malesuada. Molestie.",4,3,NA,NA,NA,2026-07-30T22:53:55Z,1
R_0OmSJXUDvvUFAHk,2,16,2,3,0,1,3,2,22,NA,2,7,"Iaculis fusce id, imperdiet nunc suspendisse at dictumst justo enim? Malesuada. Molestie.",4,3,NA,NA,NA,2026-07-30T22:53:55Z,1
R_0OmSJXUDvvUFAHk,2,16,3,3,1,0,0,0,0,NA,2,7,"Iaculis fusce id, imperdiet nunc suspendisse at dictumst justo enim? Malesuada. Molestie.",4,3,NA,NA,NA,2026-07-30T22:53:55Z,1
R_0OmSJXUDvvUFAHk,2,9,1,2,0,1,3,1,113,NA,2,7,"Iaculis fusce id, imperdiet nunc suspendisse at dictumst justo enim? Malesuada. Molestie.",4,3,NA,NA,NA,2026-07-30T22:53:55Z,1
R_0OmSJXUDvvUFAHk,2,9,2,2,1,2,2,3,11,NA,2,7,"Iaculis fusce id, imperdiet nunc suspendisse at dictumst justo enim? Malesuada. Molestie.",4,3,NA,NA,NA,2026-07-30T22:53:55Z,1
R_0OmSJXUDvvUFAHk,2,9,3,2,0,0,0,0,0,NA,2,7,"Iaculis fusce id, imperdiet nunc suspendisse at dictumst justo enim? Malesuada. Molestie.",4,3,NA,NA,NA,2026-07-30T22:53:55Z,1
R_0PcWEdrldWzPBZQ,2,10,1,3,0,2,3,3,113,NA,3,6,NA,5,2,NA,NA,NA,2026-07-30T22:54:06Z,1
R_0PcWEdrldWzPBZQ,2,10,2,3,0,3,1,1,11,NA,3,6,NA,5,2,NA,NA,NA,2026-07-30T22:54:06Z,1
R_0PcWEdrldWzPBZQ,2,10,3,3,1,0,0,0,0,NA,3,6,NA,5,2,NA,NA,NA,2026-07-30T22:54:06Z,1
R_0PcWEdrldWzPBZQ,2,11,1,1,1,2,3,1,11,NA,3,6,NA,5,2,NA,NA,NA,2026-07-30T22:54:06Z,1
R_0PcWEdrldWzPBZQ,2,11,2,1,0,3,1,3,113,NA,3,6,NA,5,2,NA,NA,NA,2026-07-30T22:54:06Z,1
R_0PcWEdrldWzPBZQ,2,11,3,1,0,0,0,0,0,NA,3,6,NA,5,2,NA,NA,NA,2026-07-30T22:54:06Z,1
R_0PcWEdrldWzPBZQ,2,12,1,2,0,1,1,3,11,NA,3,6,NA,5,2,NA,NA,NA,2026-07-30T22:54:06Z,1
R_0PcWEdrldWzPBZQ,2,12,2,2,1,3,3,2,113,NA,3,6,NA,5,2,NA,NA,NA,2026-07-30T22:54:06Z,1
R_0PcWEdrldWzPBZQ,2,12,3,2,0,0,0,0,0,NA,3,6,NA,5,2,NA,NA,NA,2026-07-30T22:54:06Z,1
R_0PcWEdrldWzPBZQ,2,13,1,3,0,3,1,2,22,NA,3,6,NA,5,2,NA,NA,NA,2026-07-30T22:54:06Z,1
R_0PcWEdrldWzPBZQ,2,13,2,3,0,1,2,1,84,NA,3,6,NA,5,2,NA,NA,NA,2026-07-30T22:54:06Z,1
R_0PcWEdrldWzPBZQ,2,13,3,3,1,0,0,0,0,NA,3,6,NA,5,2,NA,NA,NA,2026-07-30T22:54:06Z,1
R_0PcWEdrldWzPBZQ,2,14,1,3,0,3,3,1,22,NA,3,6,NA,5,2,NA,NA,NA,2026-07-30T22:54:06Z,1
R_0PcWEdrldWzPBZQ,2,14,2,3,0,1,2,3,84,NA,3,6,NA,5,2,NA,NA,NA,2026-07-30T22:54:06Z,1
R_0PcWEdrldWzPBZQ,2,14,3,3,1,0,0,0,0,NA,3,6,NA,5,2,NA,NA,NA,2026-07-30T22:54:06Z,1
R_0PcWEdrldWzPBZQ,2,15,1,3,0,3,1,3,113,NA,3,6,NA,5,2,NA,NA,NA,2026-07-30T22:54:06Z,1
R_0PcWEdrldWzPBZQ,2,15,2,3,0,2,3,2,11,NA,3,6,NA,5,2,NA,NA,NA,2026-07-30T22:54:06Z,1
R_0PcWEdrldWzPBZQ,2,15,3,3,1,0,0,0,0,NA,3,6,NA,5,2,NA,NA,NA,2026-07-30T22:54:06Z,1
R_0PcWEdrldWzPBZQ,2,16,1,2,0,2,1,1,84,NA,3,6,NA,5,2,NA,NA,NA,2026-07-30T22:54:06Z,1
R_0PcWEdrldWzPBZQ,2,16,2,2,1,1,3,2,22,NA,3,6,NA,5,2,NA,NA,NA,2026-07-30T22:54:06Z,1
R_0PcWEdrldWzPBZQ,2,16,3,2,0,0,0,0,0,NA,3,6,NA,5,2,NA,NA,NA,2026-07-30T22:54:06Z,1
R_0PcWEdrldWzPBZQ,2,9,1,3,0,1,3,1,113,NA,3,6,NA,5,2,NA,NA,NA,2026-07-30T22:54:06Z,1
R_0PcWEdrldWzPBZQ,2,9,2,3,0,2,2,3,11,NA,3,6,NA,5,2,NA,NA,NA,2026-07-30T22:54:06Z,1
R_0PcWEdrldWzPBZQ,2,9,3,3,1,0,0,0,0,NA,3,6,NA,5,2,NA,NA,NA,2026-07-30T22:54:06Z,1
R_0UH2Km99VJJ3CKi,1,1,1,6,0,1,2,1,84,NA,1,6,NA,NA,1,NA,NA,NA,2026-07-30T20:29:54Z,1
R_0UH2Km99VJJ3CKi,1,1,2,6,0,2,3,3,56,NA,1,6,NA,NA,1,NA,NA,NA,2026-07-30T20:29:54Z,1
R_0UH2Km99VJJ3CKi,1,1,3,6,0,0,0,0,0,NA,1,6,NA,NA,1,NA,NA,NA,2026-07-30T20:29:54Z,1
R_0UH2Km99VJJ3CKi,1,2,1,2,0,2,3,3,56,NA,1,6,NA,NA,1,NA,NA,NA,2026-07-30T20:29:54Z,1
R_0UH2Km99VJJ3CKi,1,2,2,2,1,3,2,2,56,NA,1,6,NA,NA,1,NA,NA,NA,2026-07-30T20:29:54Z,1
R_0UH2Km99VJJ3CKi,1,2,3,2,0,0,0,0,0,NA,1,6,NA,NA,1,NA,NA,NA,2026-07-30T20:29:54Z,1
R_0UH2Km99VJJ3CKi,1,3,1,2,0,3,2,1,113,NA,1,6,NA,NA,1,NA,NA,NA,2026-07-30T20:29:54Z,1
R_0UH2Km99VJJ3CKi,1,3,2,2,1,1,1,3,22,NA,1,6,NA,NA,1,NA,NA,NA,2026-07-30T20:29:54Z,1
R_0UH2Km99VJJ3CKi,1,3,3,2,0,0,0,0,0,NA,1,6,NA,NA,1,NA,NA,NA,2026-07-30T20:29:54Z,1
R_0UH2Km99VJJ3CKi,1,4,1,3,0,2,2,2,84,NA,1,6,NA,NA,1,NA,NA,NA,2026-07-30T20:29:54Z,1
R_0UH2Km99VJJ3CKi,1,4,2,3,0,1,3,1,56,NA,1,6,NA,NA,1,NA,NA,NA,2026-07-30T20:29:54Z,1
R_0UH2Km99VJJ3CKi,1,4,3,3,1,0,0,0,0,NA,1,6,NA,NA,1,NA,NA,NA,2026-07-30T20:29:54Z,1
R_0UH2Km99VJJ3CKi,1,5,1,3,0,1,2,2,11,NA,1,6,NA,NA,1,NA,NA,NA,2026-07-30T20:29:54Z,1
R_0UH2Km99VJJ3CKi,1,5,2,3,0,2,1,1,11,NA,1,6,NA,NA,1,NA,NA,NA,2026-07-30T20:29:54Z,1
R_0UH2Km99VJJ3CKi,1,5,3,3,1,0,0,0,0,NA,1,6,NA,NA,1,NA,NA,NA,2026-07-30T20:29:54Z,1
R_0UH2Km99VJJ3CKi,1,6,1,1,1,3,2,3,22,NA,1,6,NA,NA,1,NA,NA,NA,2026-07-30T20:29:54Z,1
R_0UH2Km99VJJ3CKi,1,6,2,1,0,2,1,2,113,NA,1,6,NA,NA,1,NA,NA,NA,2026-07-30T20:29:54Z,1
R_0UH2Km99VJJ3CKi,1,6,3,1,0,0,0,0,0,NA,1,6,NA,NA,1,NA,NA,NA,2026-07-30T20:29:54Z,1
R_0UH2Km99VJJ3CKi,1,7,1,2,0,3,3,2,56,NA,1,6,NA,NA,1,NA,NA,NA,2026-07-30T20:29:54Z,1
R_0UH2Km99VJJ3CKi,1,7,2,2,1,2,2,1,84,NA,1,6,NA,NA,1,NA,NA,NA,2026-07-30T20:29:54Z,1
R_0UH2Km99VJJ3CKi,1,7,3,2,0,0,0,0,0,NA,1,6,NA,NA,1,NA,NA,NA,2026-07-30T20:29:54Z,1
R_0UH2Km99VJJ3CKi,1,8,1,3,0,1,1,2,56,NA,1,6,NA,NA,1,NA,NA,NA,2026-07-30T20:29:54Z,1
R_0UH2Km99VJJ3CKi,1,8,2,3,0,3,3,3,22,NA,1,6,NA,NA,1,NA,NA,NA,2026-07-30T20:29:54Z,1
R_0UH2Km99VJJ3CKi,1,8,3,3,1,0,0,0,0,NA,1,6,NA,NA,1,NA,NA,NA,2026-07-30T20:29:54Z,1
R_0VUPAFHI543yGpg,1,1,1,2,0,1,2,1,84,NA,2,2,NA,NA,2,NA,NA,NA,2026-07-15T13:31:11Z,1
R_0VUPAFHI543yGpg,1,1,2,2,1,2,3,3,56,NA,2,2,NA,NA,2,NA,NA,NA,2026-07-15T13:31:11Z,1
R_0VUPAFHI543yGpg,1,1,3,2,0,0,0,0,0,NA,2,2,NA,NA,2,NA,NA,NA,2026-07-15T13:31:11Z,1
R_0VUPAFHI543yGpg,1,2,1,3,0,2,3,3,56,NA,2,2,NA,NA,2,NA,NA,NA,2026-07-15T13:31:11Z,1
R_0VUPAFHI543yGpg,1,2,2,3,0,3,2,2,56,NA,2,2,NA,NA,2,NA,NA,NA,2026-07-15T13:31:11Z,1
R_0VUPAFHI543yGpg,1,2,3,3,1,0,0,0,0,NA,2,2,NA,NA,2,NA,NA,NA,2026-07-15T13:31:11Z,1
R_0VUPAFHI543yGpg,1,3,1,1,1,3,2,1,113,NA,2,2,NA,NA,2,NA,NA,NA,2026-07-15T13:31:11Z,1
R_0VUPAFHI543yGpg,1,3,2,1,0,1,1,3,22,NA,2,2,NA,NA,2,NA,NA,NA,2026-07-15T13:31:11Z,1
R_0VUPAFHI543yGpg,1,3,3,1,0,0,0,0,0,NA,2,2,NA,NA,2,NA,NA,NA,2026-07-15T13:31:11Z,1
R_0VUPAFHI543yGpg,1,4,1,3,0,2,2,2,84,NA,2,2,NA,NA,2,NA,NA,NA,2026-07-15T13:31:11Z,1
R_0VUPAFHI543yGpg,1,4,2,3,0,1,3,1,56,NA,2,2,NA,NA,2,NA,NA,NA,2026-07-15T13:31:11Z,1
R_0VUPAFHI543yGpg,1,4,3,3,1,0,0,0,0,NA,2,2,NA,NA,2,NA,NA,NA,2026-07-15T13:31:11Z,1
R_0VUPAFHI543yGpg,1,5,1,1,1,1,2,2,11,NA,2,2,NA,NA,2,NA,NA,NA,2026-07-15T13:31:11Z,1
R_0VUPAFHI543yGpg,1,5,2,1,0,2,1,1,11,NA,2,2,NA,NA,2,NA,NA,NA,2026-07-15T13:31:11Z,1
R_0VUPAFHI543yGpg,1,5,3,1,0,0,0,0,0,NA,2,2,NA,NA,2,NA,NA,NA,2026-07-15T13:31:11Z,1
R_0VUPAFHI543yGpg,1,6,1,2,0,3,2,3,22,NA,2,2,NA,NA,2,NA,NA,NA,2026-07-15T13:31:11Z,1
R_0VUPAFHI543yGpg,1,6,2,2,1,2,1,2,113,NA,2,2,NA,NA,2,NA,NA,NA,2026-07-15T13:31:11Z,1
R_0VUPAFHI543yGpg,1,6,3,2,0,0,0,0,0,NA,2,2,NA,NA,2,NA,NA,NA,2026-07-15T13:31:11Z,1
R_0VUPAFHI543yGpg,1,7,1,3,0,3,3,2,56,NA,2,2,NA,NA,2,NA,NA,NA,2026-07-15T13:31:11Z,1
R_0VUPAFHI543yGpg,1,7,2,3,0,2,2,1,84,NA,2,2,NA,NA,2,NA,NA,NA,2026-07-15T13:31:11Z,1
R_0VUPAFHI543yGpg,1,7,3,3,1,0,0,0,0,NA,2,2,NA,NA,2,NA,NA,NA,2026-07-15T13:31:11Z,1
R_0VUPAFHI543yGpg,1,8,1,2,0,1,1,2,56,NA,2,2,NA,NA,2,NA,NA,NA,2026-07-15T13:31:11Z,1
R_0VUPAFHI543yGpg,1,8,2,2,1,3,3,3,22,NA,2,2,NA,NA,2,NA,NA,NA,2026-07-15T13:31:11Z,1
R_0VUPAFHI543yGpg,1,8,3,2,0,0,0,0,0,NA,2,2,NA,NA,2,NA,NA,NA,2026-07-15T13:31:11Z,1
R_0Vg7D13lIgJwIjc,2,10,1,2,0,2,3,3,113,NA,2,4,NA,NA,1,NA,NA,NA,2026-07-30T20:30:08Z,1
R_0Vg7D13lIgJwIjc,2,10,2,2,1,3,1,1,11,NA,2,4,NA,NA,1,NA,NA,NA,2026-07-30T20:30:08Z,1
R_0Vg7D13lIgJwIjc,2,10,3,2,0,0,0,0,0,NA,2,4,NA,NA,1,NA,NA,NA,2026-07-30T20:30:08Z,1
R_0Vg7D13lIgJwIjc,2,11,1,1,1,2,3,1,11,NA,2,4,NA,NA,1,NA,NA,NA,2026-07-30T20:30:08Z,1
R_0Vg7D13lIgJwIjc,2,11,2,1,0,3,1,3,113,NA,2,4,NA,NA,1,NA,NA,NA,2026-07-30T20:30:08Z,1
R_0Vg7D13lIgJwIjc,2,11,3,1,0,0,0,0,0,NA,2,4,NA,NA,1,NA,NA,NA,2026-07-30T20:30:08Z,1
R_0Vg7D13lIgJwIjc,2,12,1,2,0,1,1,3,11,NA,2,4,NA,NA,1,NA,NA,NA,2026-07-30T20:30:08Z,1
R_0Vg7D13lIgJwIjc,2,12,2,2,1,3,3,2,113,NA,2,4,NA,NA,1,NA,NA,NA,2026-07-30T20:30:08Z,1
R_0Vg7D13lIgJwIjc,2,12,3,2,0,0,0,0,0,NA,2,4,NA,NA,1,NA,NA,NA,2026-07-30T20:30:08Z,1
R_0Vg7D13lIgJwIjc,2,13,1,3,0,3,1,2,22,NA,2,4,NA,NA,1,NA,NA,NA,2026-07-30T20:30:08Z,1
R_0Vg7D13lIgJwIjc,2,13,2,3,0,1,2,1,84,NA,2,4,NA,NA,1,NA,NA,NA,2026-07-30T20:30:08Z,1
R_0Vg7D13lIgJwIjc,2,13,3,3,1,0,0,0,0,NA,2,4,NA,NA,1,NA,NA,NA,2026-07-30T20:30:08Z,1
R_0Vg7D13lIgJwIjc,2,14,1,2,0,3,3,1,22,NA,2,4,NA,NA,1,NA,NA,NA,2026-07-30T20:30:08Z,1
R_0Vg7D13lIgJwIjc,2,14,2,2,1,1,2,3,84,NA,2,4,NA,NA,1,NA,NA,NA,2026-07-30T20:30:08Z,1
R_0Vg7D13lIgJwIjc,2,14,3,2,0,0,0,0,0,NA,2,4,NA,NA,1,NA,NA,NA,2026-07-30T20:30:08Z,1
R_0Vg7D13lIgJwIjc,2,15,1,2,0,3,1,3,113,NA,2,4,NA,NA,1,NA,NA,NA,2026-07-30T20:30:08Z,1
R_0Vg7D13lIgJwIjc,2,15,2,2,1,2,3,2,11,NA,2,4,NA,NA,1,NA,NA,NA,2026-07-30T20:30:08Z,1
R_0Vg7D13lIgJwIjc,2,15,3,2,0,0,0,0,0,NA,2,4,NA,NA,1,NA,NA,NA,2026-07-30T20:30:08Z,1
R_0Vg7D13lIgJwIjc,2,16,1,3,0,2,1,1,84,NA,2,4,NA,NA,1,NA,NA,NA,2026-07-30T20:30:08Z,1
R_0Vg7D13lIgJwIjc,2,16,2,3,0,1,3,2,22,NA,2,4,NA,NA,1,NA,NA,NA,2026-07-30T20:30:08Z,1
R_0Vg7D13lIgJwIjc,2,16,3,3,1,0,0,0,0,NA,2,4,NA,NA,1,NA,NA,NA,2026-07-30T20:30:08Z,1
R_0Vg7D13lIgJwIjc,2,9,1,2,0,1,3,1,113,NA,2,4,NA,NA,1,NA,NA,NA,2026-07-30T20:30:08Z,1
R_0Vg7D13lIgJwIjc,2,9,2,2,1,2,2,3,11,NA,2,4,NA,NA,1,NA,NA,NA,2026-07-30T20:30:08Z,1
R_0Vg7D13lIgJwIjc,2,9,3,2,0,0,0,0,0,NA,2,4,NA,NA,1,NA,NA,NA,2026-07-30T20:30:08Z,1
R_0c7nd54pVRrcoMS,1,1,1,6,0,1,2,1,84,NA,2,6,NA,4,1,NA,NA,NA,2026-07-30T22:54:04Z,1
R_0c7nd54pVRrcoMS,1,1,2,6,0,2,3,3,56,NA,2,6,NA,4,1,NA,NA,NA,2026-07-30T22:54:04Z,1
R_0c7nd54pVRrcoMS,1,1,3,6,0,0,0,0,0,NA,2,6,NA,4,1,NA,NA,NA,2026-07-30T22:54:04Z,1
R_0c7nd54pVRrcoMS,1,2,1,1,1,2,3,3,56,NA,2,6,NA,4,1,NA,NA,NA,2026-07-30T22:54:04Z,1
R_0c7nd54pVRrcoMS,1,2,2,1,0,3,2,2,56,NA,2,6,NA,4,1,NA,NA,NA,2026-07-30T22:54:04Z,1
R_0c7nd54pVRrcoMS,1,2,3,1,0,0,0,0,0,NA,2,6,NA,4,1,NA,NA,NA,2026-07-30T22:54:04Z,1
R_0c7nd54pVRrcoMS,1,3,1,3,0,3,2,1,113,NA,2,6,NA,4,1,NA,NA,NA,2026-07-30T22:54:04Z,1
R_0c7nd54pVRrcoMS,1,3,2,3,0,1,1,3,22,NA,2,6,NA,4,1,NA,NA,NA,2026-07-30T22:54:04Z,1
R_0c7nd54pVRrcoMS,1,3,3,3,1,0,0,0,0,NA,2,6,NA,4,1,NA,NA,NA,2026-07-30T22:54:04Z,1
R_0c7nd54pVRrcoMS,1,4,1,3,0,2,2,2,84,NA,2,6,NA,4,1,NA,NA,NA,2026-07-30T22:54:04Z,1
R_0c7nd54pVRrcoMS,1,4,2,3,0,1,3,1,56,NA,2,6,NA,4,1,NA,NA,NA,2026-07-30T22:54:04Z,1
R_0c7nd54pVRrcoMS,1,4,3,3,1,0,0,0,0,NA,2,6,NA,4,1,NA,NA,NA,2026-07-30T22:54:04Z,1
R_0c7nd54pVRrcoMS,1,5,1,1,1,1,2,2,11,NA,2,6,NA,4,1,NA,NA,NA,2026-07-30T22:54:04Z,1
R_0c7nd54pVRrcoMS,1,5,2,1,0,2,1,1,11,NA,2,6,NA,4,1,NA,NA,NA,2026-07-30T22:54:04Z,1
R_0c7nd54pVRrcoMS,1,5,3,1,0,0,0,0,0,NA,2,6,NA,4,1,NA,NA,NA,2026-07-30T22:54:04Z,1
R_0c7nd54pVRrcoMS,1,6,1,3,0,3,2,3,22,NA,2,6,NA,4,1,NA,NA,NA,2026-07-30T22:54:04Z,1
R_0c7nd54pVRrcoMS,1,6,2,3,0,2,1,2,113,NA,2,6,NA,4,1,NA,NA,NA,2026-07-30T22:54:04Z,1
R_0c7nd54pVRrcoMS,1,6,3,3,1,0,0,0,0,NA,2,6,NA,4,1,NA,NA,NA,2026-07-30T22:54:04Z,1
R_0c7nd54pVRrcoMS,1,7,1,2,0,3,3,2,56,NA,2,6,NA,4,1,NA,NA,NA,2026-07-30T22:54:04Z,1
R_0c7nd54pVRrcoMS,1,7,2,2,1,2,2,1,84,NA,2,6,NA,4,1,NA,NA,NA,2026-07-30T22:54:04Z,1
R_0c7nd54pVRrcoMS,1,7,3,2,0,0,0,0,0,NA,2,6,NA,4,1,NA,NA,NA,2026-07-30T22:54:04Z,1
R_0c7nd54pVRrcoMS,1,8,1,1,1,1,1,2,56,NA,2,6,NA,4,1,NA,NA,NA,2026-07-30T22:54:04Z,1
R_0c7nd54pVRrcoMS,1,8,2,1,0,3,3,3,22,NA,2,6,NA,4,1,NA,NA,NA,2026-07-30T22:54:04Z,1
R_0c7nd54pVRrcoMS,1,8,3,1,0,0,0,0,0,NA,2,6,NA,4,1,NA,NA,NA,2026-07-30T22:54:04Z,1
R_0d2D7ZYv6Z3AO1M,2,10,1,2,0,2,3,3,113,NA,1,7,"Fringilla, nullam interdum? Erat lacus ullamcorper. Facilisis tortor et tincidunt sagittis turpis.",4,4,Nullam sollicitudin! Id sagittis vivamus nullam per. Dui convallis magnis? Duis iaculis leo.,NA,NA,2026-07-30T22:53:49Z,1
R_0d2D7ZYv6Z3AO1M,2,10,2,2,1,3,1,1,11,NA,1,7,"Fringilla, nullam interdum? Erat lacus ullamcorper. Facilisis tortor et tincidunt sagittis turpis.",4,4,Nullam sollicitudin! Id sagittis vivamus nullam per. Dui convallis magnis? Duis iaculis leo.,NA,NA,2026-07-30T22:53:49Z,1
R_0d2D7ZYv6Z3AO1M,2,10,3,2,0,0,0,0,0,NA,1,7,"Fringilla, nullam interdum? Erat lacus ullamcorper. Facilisis tortor et tincidunt sagittis turpis.",4,4,Nullam sollicitudin! Id sagittis vivamus nullam per. Dui convallis magnis? Duis iaculis leo.,NA,NA,2026-07-30T22:53:49Z,1
R_0d2D7ZYv6Z3AO1M,2,11,1,1,1,2,3,1,11,NA,1,7,"Fringilla, nullam interdum? Erat lacus ullamcorper. Facilisis tortor et tincidunt sagittis turpis.",4,4,Nullam sollicitudin! Id sagittis vivamus nullam per. Dui convallis magnis? Duis iaculis leo.,NA,NA,2026-07-30T22:53:49Z,1
R_0d2D7ZYv6Z3AO1M,2,11,2,1,0,3,1,3,113,NA,1,7,"Fringilla, nullam interdum? Erat lacus ullamcorper. Facilisis tortor et tincidunt sagittis turpis.",4,4,Nullam sollicitudin! Id sagittis vivamus nullam per. Dui convallis magnis? Duis iaculis leo.,NA,NA,2026-07-30T22:53:49Z,1
R_0d2D7ZYv6Z3AO1M,2,11,3,1,0,0,0,0,0,NA,1,7,"Fringilla, nullam interdum? Erat lacus ullamcorper. Facilisis tortor et tincidunt sagittis turpis.",4,4,Nullam sollicitudin! Id sagittis vivamus nullam per. Dui convallis magnis? Duis iaculis leo.,NA,NA,2026-07-30T22:53:49Z,1
R_0d2D7ZYv6Z3AO1M,2,12,1,3,0,1,1,3,11,NA,1,7,"Fringilla, nullam interdum? Erat lacus ullamcorper. Facilisis tortor et tincidunt sagittis turpis.",4,4,Nullam sollicitudin! Id sagittis vivamus nullam per. Dui convallis magnis? Duis iaculis leo.,NA,NA,2026-07-30T22:53:49Z,1
R_0d2D7ZYv6Z3AO1M,2,12,2,3,0,3,3,2,113,NA,1,7,"Fringilla, nullam interdum? Erat lacus ullamcorper. Facilisis tortor et tincidunt sagittis turpis.",4,4,Nullam sollicitudin! Id sagittis vivamus nullam per. Dui convallis magnis? Duis iaculis leo.,NA,NA,2026-07-30T22:53:49Z,1
R_0d2D7ZYv6Z3AO1M,2,12,3,3,1,0,0,0,0,NA,1,7,"Fringilla, nullam interdum? Erat lacus ullamcorper. Facilisis tortor et tincidunt sagittis turpis.",4,4,Nullam sollicitudin! Id sagittis vivamus nullam per. Dui convallis magnis? Duis iaculis leo.,NA,NA,2026-07-30T22:53:49Z,1
R_0d2D7ZYv6Z3AO1M,2,13,1,3,0,3,1,2,22,NA,1,7,"Fringilla, nullam interdum? Erat lacus ullamcorper. Facilisis tortor et tincidunt sagittis turpis.",4,4,Nullam sollicitudin! Id sagittis vivamus nullam per. Dui convallis magnis? Duis iaculis leo.,NA,NA,2026-07-30T22:53:49Z,1
R_0d2D7ZYv6Z3AO1M,2,13,2,3,0,1,2,1,84,NA,1,7,"Fringilla, nullam interdum? Erat lacus ullamcorper. Facilisis tortor et tincidunt sagittis turpis.",4,4,Nullam sollicitudin! Id sagittis vivamus nullam per. Dui convallis magnis? Duis iaculis leo.,NA,NA,2026-07-30T22:53:49Z,1
R_0d2D7ZYv6Z3AO1M,2,13,3,3,1,0,0,0,0,NA,1,7,"Fringilla, nullam interdum? Erat lacus ullamcorper. Facilisis tortor et tincidunt sagittis turpis.",4,4,Nullam sollicitudin! Id sagittis vivamus nullam per. Dui convallis magnis? Duis iaculis leo.,NA,NA,2026-07-30T22:53:49Z,1
R_0d2D7ZYv6Z3AO1M,2,14,1,3,0,3,3,1,22,NA,1,7,"Fringilla, nullam interdum? Erat lacus ullamcorper. Facilisis tortor et tincidunt sagittis turpis.",4,4,Nullam sollicitudin! Id sagittis vivamus nullam per. Dui convallis magnis? Duis iaculis leo.,NA,NA,2026-07-30T22:53:49Z,1
R_0d2D7ZYv6Z3AO1M,2,14,2,3,0,1,2,3,84,NA,1,7,"Fringilla, nullam interdum? Erat lacus ullamcorper. Facilisis tortor et tincidunt sagittis turpis.",4,4,Nullam sollicitudin! Id sagittis vivamus nullam per. Dui convallis magnis? Duis iaculis leo.,NA,NA,2026-07-30T22:53:49Z,1
R_0d2D7ZYv6Z3AO1M,2,14,3,3,1,0,0,0,0,NA,1,7,"Fringilla, nullam interdum? Erat lacus ullamcorper. Facilisis tortor et tincidunt sagittis turpis.",4,4,Nullam sollicitudin! Id sagittis vivamus nullam per. Dui convallis magnis? Duis iaculis leo.,NA,NA,2026-07-30T22:53:49Z,1
R_0d2D7ZYv6Z3AO1M,2,15,1,1,1,3,1,3,113,NA,1,7,"Fringilla, nullam interdum? Erat lacus ullamcorper. Facilisis tortor et tincidunt sagittis turpis.",4,4,Nullam sollicitudin! Id sagittis vivamus nullam per. Dui convallis magnis? Duis iaculis leo.,NA,NA,2026-07-30T22:53:49Z,1
R_0d2D7ZYv6Z3AO1M,2,15,2,1,0,2,3,2,11,NA,1,7,"Fringilla, nullam interdum? Erat lacus ullamcorper. Facilisis tortor et tincidunt sagittis turpis.",4,4,Nullam sollicitudin! Id sagittis vivamus nullam per. Dui convallis magnis? Duis iaculis leo.,NA,NA,2026-07-30T22:53:49Z,1
R_0d2D7ZYv6Z3AO1M,2,15,3,1,0,0,0,0,0,NA,1,7,"Fringilla, nullam interdum? Erat lacus ullamcorper. Facilisis tortor et tincidunt sagittis turpis.",4,4,Nullam sollicitudin! Id sagittis vivamus nullam per. Dui convallis magnis? Duis iaculis leo.,NA,NA,2026-07-30T22:53:49Z,1
R_0d2D7ZYv6Z3AO1M,2,16,1,3,0,2,1,1,84,NA,1,7,"Fringilla, nullam interdum? Erat lacus ullamcorper. Facilisis tortor et tincidunt sagittis turpis.",4,4,Nullam sollicitudin! Id sagittis vivamus nullam per. Dui convallis magnis? Duis iaculis leo.,NA,NA,2026-07-30T22:53:49Z,1
R_0d2D7ZYv6Z3AO1M,2,16,2,3,0,1,3,2,22,NA,1,7,"Fringilla, nullam interdum? Erat lacus ullamcorper. Facilisis tortor et tincidunt sagittis turpis.",4,4,Nullam sollicitudin! Id sagittis vivamus nullam per. Dui convallis magnis? Duis iaculis leo.,NA,NA,2026-07-30T22:53:49Z,1
R_0d2D7ZYv6Z3AO1M,2,16,3,3,1,0,0,0,0,NA,1,7,"Fringilla, nullam interdum? Erat lacus ullamcorper. Facilisis tortor et tincidunt sagittis turpis.",4,4,Nullam sollicitudin! Id sagittis vivamus nullam per. Dui convallis magnis? Duis iaculis leo.,NA,NA,2026-07-30T22:53:49Z,1
R_0d2D7ZYv6Z3AO1M,2,9,1,3,0,1,3,1,113,NA,1,7,"Fringilla, nullam interdum? Erat lacus ullamcorper. Facilisis tortor et tincidunt sagittis turpis.",4,4,Nullam sollicitudin! Id sagittis vivamus nullam per. Dui convallis magnis? Duis iaculis leo.,NA,NA,2026-07-30T22:53:49Z,1
R_0d2D7ZYv6Z3AO1M,2,9,2,3,0,2,2,3,11,NA,1,7,"Fringilla, nullam interdum? Erat lacus ullamcorper. Facilisis tortor et tincidunt sagittis turpis.",4,4,Nullam sollicitudin! Id sagittis vivamus nullam per. Dui convallis magnis? Duis iaculis leo.,NA,NA,2026-07-30T22:53:49Z,1
R_0d2D7ZYv6Z3AO1M,2,9,3,3,1,0,0,0,0,NA,1,7,"Fringilla, nullam interdum? Erat lacus ullamcorper. Facilisis tortor et tincidunt sagittis turpis.",4,4,Nullam sollicitudin! Id sagittis vivamus nullam per. Dui convallis magnis? Duis iaculis leo.,NA,NA,2026-07-30T22:53:49Z,1
R_0igeO3RmRmfnsqO,2,10,1,2,0,2,3,3,113,NA,2,7,Tincidunt primis praesent. Tincidunt faucibus accumsan. Maecenas tincidunt curabitur scelerisque facilisis! Elementum vivamus. Laoreet.,6,1,NA,NA,NA,2026-07-30T22:54:02Z,1
R_0igeO3RmRmfnsqO,2,10,2,2,1,3,1,1,11,NA,2,7,Tincidunt primis praesent. Tincidunt faucibus accumsan. Maecenas tincidunt curabitur scelerisque facilisis! Elementum vivamus. Laoreet.,6,1,NA,NA,NA,2026-07-30T22:54:02Z,1
R_0igeO3RmRmfnsqO,2,10,3,2,0,0,0,0,0,NA,2,7,Tincidunt primis praesent. Tincidunt faucibus accumsan. Maecenas tincidunt curabitur scelerisque facilisis! Elementum vivamus. Laoreet.,6,1,NA,NA,NA,2026-07-30T22:54:02Z,1
R_0igeO3RmRmfnsqO,2,11,1,2,0,2,3,1,11,NA,2,7,Tincidunt primis praesent. Tincidunt faucibus accumsan. Maecenas tincidunt curabitur scelerisque facilisis! Elementum vivamus. Laoreet.,6,1,NA,NA,NA,2026-07-30T22:54:02Z,1
R_0igeO3RmRmfnsqO,2,11,2,2,1,3,1,3,113,NA,2,7,Tincidunt primis praesent. Tincidunt faucibus accumsan. Maecenas tincidunt curabitur scelerisque facilisis! Elementum vivamus. Laoreet.,6,1,NA,NA,NA,2026-07-30T22:54:02Z,1
R_0igeO3RmRmfnsqO,2,11,3,2,0,0,0,0,0,NA,2,7,Tincidunt primis praesent. Tincidunt faucibus accumsan. Maecenas tincidunt curabitur scelerisque facilisis! Elementum vivamus. Laoreet.,6,1,NA,NA,NA,2026-07-30T22:54:02Z,1
R_0igeO3RmRmfnsqO,2,12,1,2,0,1,1,3,11,NA,2,7,Tincidunt primis praesent. Tincidunt faucibus accumsan. Maecenas tincidunt curabitur scelerisque facilisis! Elementum vivamus. Laoreet.,6,1,NA,NA,NA,2026-07-30T22:54:02Z,1
R_0igeO3RmRmfnsqO,2,12,2,2,1,3,3,2,113,NA,2,7,Tincidunt primis praesent. Tincidunt faucibus accumsan. Maecenas tincidunt curabitur scelerisque facilisis! Elementum vivamus. Laoreet.,6,1,NA,NA,NA,2026-07-30T22:54:02Z,1
R_0igeO3RmRmfnsqO,2,12,3,2,0,0,0,0,0,NA,2,7,Tincidunt primis praesent. Tincidunt faucibus accumsan. Maecenas tincidunt curabitur scelerisque facilisis! Elementum vivamus. Laoreet.,6,1,NA,NA,NA,2026-07-30T22:54:02Z,1
R_0igeO3RmRmfnsqO,2,13,1,3,0,3,1,2,22,NA,2,7,Tincidunt primis praesent. Tincidunt faucibus accumsan. Maecenas tincidunt curabitur scelerisque facilisis! Elementum vivamus. Laoreet.,6,1,NA,NA,NA,2026-07-30T22:54:02Z,1
R_0igeO3RmRmfnsqO,2,13,2,3,0,1,2,1,84,NA,2,7,Tincidunt primis praesent. Tincidunt faucibus accumsan. Maecenas tincidunt curabitur scelerisque facilisis! Elementum vivamus. Laoreet.,6,1,NA,NA,NA,2026-07-30T22:54:02Z,1
R_0igeO3RmRmfnsqO,2,13,3,3,1,0,0,0,0,NA,2,7,Tincidunt primis praesent. Tincidunt faucibus accumsan. Maecenas tincidunt curabitur scelerisque facilisis! Elementum vivamus. Laoreet.,6,1,NA,NA,NA,2026-07-30T22:54:02Z,1
R_0igeO3RmRmfnsqO,2,14,1,1,1,3,3,1,22,NA,2,7,Tincidunt primis praesent. Tincidunt faucibus accumsan. Maecenas tincidunt curabitur scelerisque facilisis! Elementum vivamus. Laoreet.,6,1,NA,NA,NA,2026-07-30T22:54:02Z,1
R_0igeO3RmRmfnsqO,2,14,2,1,0,1,2,3,84,NA,2,7,Tincidunt primis praesent. Tincidunt faucibus accumsan. Maecenas tincidunt curabitur scelerisque facilisis! Elementum vivamus. Laoreet.,6,1,NA,NA,NA,2026-07-30T22:54:02Z,1
R_0igeO3RmRmfnsqO,2,14,3,1,0,0,0,0,0,NA,2,7,Tincidunt primis praesent. Tincidunt faucibus accumsan. Maecenas tincidunt curabitur scelerisque facilisis! Elementum vivamus. Laoreet.,6,1,NA,NA,NA,2026-07-30T22:54:02Z,1
R_0igeO3RmRmfnsqO,2,15,1,3,0,3,1,3,113,NA,2,7,Tincidunt primis praesent. Tincidunt faucibus accumsan. Maecenas tincidunt curabitur scelerisque facilisis! Elementum vivamus. Laoreet.,6,1,NA,NA,NA,2026-07-30T22:54:02Z,1
R_0igeO3RmRmfnsqO,2,15,2,3,0,2,3,2,11,NA,2,7,Tincidunt primis praesent. Tincidunt faucibus accumsan. Maecenas tincidunt curabitur scelerisque facilisis! Elementum vivamus. Laoreet.,6,1,NA,NA,NA,2026-07-30T22:54:02Z,1
R_0igeO3RmRmfnsqO,2,15,3,3,1,0,0,0,0,NA,2,7,Tincidunt primis praesent. Tincidunt faucibus accumsan. Maecenas tincidunt curabitur scelerisque facilisis! Elementum vivamus. Laoreet.,6,1,NA,NA,NA,2026-07-30T22:54:02Z,1
R_0igeO3RmRmfnsqO,2,16,1,1,1,2,1,1,84,NA,2,7,Tincidunt primis praesent. Tincidunt faucibus accumsan. Maecenas tincidunt curabitur scelerisque facilisis! Elementum vivamus. Laoreet.,6,1,NA,NA,NA,2026-07-30T22:54:02Z,1
R_0igeO3RmRmfnsqO,2,16,2,1,0,1,3,2,22,NA,2,7,Tincidunt primis praesent. Tincidunt faucibus accumsan. Maecenas tincidunt curabitur scelerisque facilisis! Elementum vivamus. Laoreet.,6,1,NA,NA,NA,2026-07-30T22:54:02Z,1
R_0igeO3RmRmfnsqO,2,16,3,1,0,0,0,0,0,NA,2,7,Tincidunt primis praesent. Tincidunt faucibus accumsan. Maecenas tincidunt curabitur scelerisque facilisis! Elementum vivamus. Laoreet.,6,1,NA,NA,NA,2026-07-30T22:54:02Z,1
R_0igeO3RmRmfnsqO,2,9,1,2,0,1,3,1,113,NA,2,7,Tincidunt primis praesent. Tincidunt faucibus accumsan. Maecenas tincidunt curabitur scelerisque facilisis! Elementum vivamus. Laoreet.,6,1,NA,NA,NA,2026-07-30T22:54:02Z,1
R_0igeO3RmRmfnsqO,2,9,2,2,1,2,2,3,11,NA,2,7,Tincidunt primis praesent. Tincidunt faucibus accumsan. Maecenas tincidunt curabitur scelerisque facilisis! Elementum vivamus. Laoreet.,6,1,NA,NA,NA,2026-07-30T22:54:02Z,1
R_0igeO3RmRmfnsqO,2,9,3,2,0,0,0,0,0,NA,2,7,Tincidunt primis praesent. Tincidunt faucibus accumsan. Maecenas tincidunt curabitur scelerisque facilisis! Elementum vivamus. Laoreet.,6,1,NA,NA,NA,2026-07-30T22:54:02Z,1
R_1GKzLDQOsMUM8Hs,1,1,1,5,0,1,2,1,84,NA,3,5,NA,NA,4,"Et nec ipsum tempor mauris accumsan? Ridiculus arcu. Suspendisse scelerisque dignissim lorem, in turpis sollicitudin.",NA,NA,2026-07-30T20:30:11Z,1
R_1GKzLDQOsMUM8Hs,1,1,2,5,0,2,3,3,56,NA,3,5,NA,NA,4,"Et nec ipsum tempor mauris accumsan? Ridiculus arcu. Suspendisse scelerisque dignissim lorem, in turpis sollicitudin.",NA,NA,2026-07-30T20:30:11Z,1
R_1GKzLDQOsMUM8Hs,1,1,3,5,0,0,0,0,0,NA,3,5,NA,NA,4,"Et nec ipsum tempor mauris accumsan? Ridiculus arcu. Suspendisse scelerisque dignissim lorem, in turpis sollicitudin.",NA,NA,2026-07-30T20:30:11Z,1
R_1GKzLDQOsMUM8Hs,1,2,1,3,0,2,3,3,56,NA,3,5,NA,NA,4,"Et nec ipsum tempor mauris accumsan? Ridiculus arcu. Suspendisse scelerisque dignissim lorem, in turpis sollicitudin.",NA,NA,2026-07-30T20:30:11Z,1
R_1GKzLDQOsMUM8Hs,1,2,2,3,0,3,2,2,56,NA,3,5,NA,NA,4,"Et nec ipsum tempor mauris accumsan? Ridiculus arcu. Suspendisse scelerisque dignissim lorem, in turpis sollicitudin.",NA,NA,2026-07-30T20:30:11Z,1
R_1GKzLDQOsMUM8Hs,1,2,3,3,1,0,0,0,0,NA,3,5,NA,NA,4,"Et nec ipsum tempor mauris accumsan? Ridiculus arcu. Suspendisse scelerisque dignissim lorem, in turpis sollicitudin.",NA,NA,2026-07-30T20:30:11Z,1
R_1GKzLDQOsMUM8Hs,1,3,1,3,0,3,2,1,113,NA,3,5,NA,NA,4,"Et nec ipsum tempor mauris accumsan? Ridiculus arcu. Suspendisse scelerisque dignissim lorem, in turpis sollicitudin.",NA,NA,2026-07-30T20:30:11Z,1
R_1GKzLDQOsMUM8Hs,1,3,2,3,0,1,1,3,22,NA,3,5,NA,NA,4,"Et nec ipsum tempor mauris accumsan? Ridiculus arcu. Suspendisse scelerisque dignissim lorem, in turpis sollicitudin.",NA,NA,2026-07-30T20:30:11Z,1
R_1GKzLDQOsMUM8Hs,1,3,3,3,1,0,0,0,0,NA,3,5,NA,NA,4,"Et nec ipsum tempor mauris accumsan? Ridiculus arcu. Suspendisse scelerisque dignissim lorem, in turpis sollicitudin.",NA,NA,2026-07-30T20:30:11Z,1
R_1GKzLDQOsMUM8Hs,1,4,1,3,0,2,2,2,84,NA,3,5,NA,NA,4,"Et nec ipsum tempor mauris accumsan? Ridiculus arcu. Suspendisse scelerisque dignissim lorem, in turpis sollicitudin.",NA,NA,2026-07-30T20:30:11Z,1
R_1GKzLDQOsMUM8Hs,1,4,2,3,0,1,3,1,56,NA,3,5,NA,NA,4,"Et nec ipsum tempor mauris accumsan? Ridiculus arcu. Suspendisse scelerisque dignissim lorem, in turpis sollicitudin.",NA,NA,2026-07-30T20:30:11Z,1
R_1GKzLDQOsMUM8Hs,1,4,3,3,1,0,0,0,0,NA,3,5,NA,NA,4,"Et nec ipsum tempor mauris accumsan? Ridiculus arcu. Suspendisse scelerisque dignissim lorem, in turpis sollicitudin.",NA,NA,2026-07-30T20:30:11Z,1
R_1GKzLDQOsMUM8Hs,1,5,1,1,1,1,2,2,11,NA,3,5,NA,NA,4,"Et nec ipsum tempor mauris accumsan? Ridiculus arcu. Suspendisse scelerisque dignissim lorem, in turpis sollicitudin.",NA,NA,2026-07-30T20:30:11Z,1
R_1GKzLDQOsMUM8Hs,1,5,2,1,0,2,1,1,11,NA,3,5,NA,NA,4,"Et nec ipsum tempor mauris accumsan? Ridiculus arcu. Suspendisse scelerisque dignissim lorem, in turpis sollicitudin.",NA,NA,2026-07-30T20:30:11Z,1
R_1GKzLDQOsMUM8Hs,1,5,3,1,0,0,0,0,0,NA,3,5,NA,NA,4,"Et nec ipsum tempor mauris accumsan? Ridiculus arcu. Suspendisse scelerisque dignissim lorem, in turpis sollicitudin.",NA,NA,2026-07-30T20:30:11Z,1
R_1GKzLDQOsMUM8Hs,1,6,1,3,0,3,2,3,22,NA,3,5,NA,NA,4,"Et nec ipsum tempor mauris accumsan? Ridiculus arcu. Suspendisse scelerisque dignissim lorem, in turpis sollicitudin.",NA,NA,2026-07-30T20:30:11Z,1
R_1GKzLDQOsMUM8Hs,1,6,2,3,0,2,1,2,113,NA,3,5,NA,NA,4,"Et nec ipsum tempor mauris accumsan? Ridiculus arcu. Suspendisse scelerisque dignissim lorem, in turpis sollicitudin.",NA,NA,2026-07-30T20:30:11Z,1
R_1GKzLDQOsMUM8Hs,1,6,3,3,1,0,0,0,0,NA,3,5,NA,NA,4,"Et nec ipsum tempor mauris accumsan? Ridiculus arcu. Suspendisse scelerisque dignissim lorem, in turpis sollicitudin.",NA,NA,2026-07-30T20:30:11Z,1
R_1GKzLDQOsMUM8Hs,1,7,1,3,0,3,3,2,56,NA,3,5,NA,NA,4,"Et nec ipsum tempor mauris accumsan? Ridiculus arcu. Suspendisse scelerisque dignissim lorem, in turpis sollicitudin.",NA,NA,2026-07-30T20:30:11Z,1
R_1GKzLDQOsMUM8Hs,1,7,2,3,0,2,2,1,84,NA,3,5,NA,NA,4,"Et nec ipsum tempor mauris accumsan? Ridiculus arcu. Suspendisse scelerisque dignissim lorem, in turpis sollicitudin.",NA,NA,2026-07-30T20:30:11Z,1
R_1GKzLDQOsMUM8Hs,1,7,3,3,1,0,0,0,0,NA,3,5,NA,NA,4,"Et nec ipsum tempor mauris accumsan? Ridiculus arcu. Suspendisse scelerisque dignissim lorem, in turpis sollicitudin.",NA,NA,2026-07-30T20:30:11Z,1
R_1GKzLDQOsMUM8Hs,1,8,1,2,0,1,1,2,56,NA,3,5,NA,NA,4,"Et nec ipsum tempor mauris accumsan? Ridiculus arcu. Suspendisse scelerisque dignissim lorem, in turpis sollicitudin.",NA,NA,2026-07-30T20:30:11Z,1
R_1GKzLDQOsMUM8Hs,1,8,2,2,1,3,3,3,22,NA,3,5,NA,NA,4,"Et nec ipsum tempor mauris accumsan? Ridiculus arcu. Suspendisse scelerisque dignissim lorem, in turpis sollicitudin.",NA,NA,2026-07-30T20:30:11Z,1
R_1GKzLDQOsMUM8Hs,1,8,3,2,0,0,0,0,0,NA,3,5,NA,NA,4,"Et nec ipsum tempor mauris accumsan? Ridiculus arcu. Suspendisse scelerisque dignissim lorem, in turpis sollicitudin.",NA,NA,2026-07-30T20:30:11Z,1
R_1LXjeHhW1XNZRwa,2,10,1,1,1,2,3,3,113,NA,2,4,NA,4,4,Diam arcu volutpat sollicitudin. Bibendum dignissim urna in mattis nullam urna aliquam! Neque! Accumsan diam.,NA,NA,2026-07-30T22:53:40Z,1
R_1LXjeHhW1XNZRwa,2,10,2,1,0,3,1,1,11,NA,2,4,NA,4,4,Diam arcu volutpat sollicitudin. Bibendum dignissim urna in mattis nullam urna aliquam! Neque! Accumsan diam.,NA,NA,2026-07-30T22:53:40Z,1
R_1LXjeHhW1XNZRwa,2,10,3,1,0,0,0,0,0,NA,2,4,NA,4,4,Diam arcu volutpat sollicitudin. Bibendum dignissim urna in mattis nullam urna aliquam! Neque! Accumsan diam.,NA,NA,2026-07-30T22:53:40Z,1
R_1LXjeHhW1XNZRwa,2,11,1,1,1,2,3,1,11,NA,2,4,NA,4,4,Diam arcu volutpat sollicitudin. Bibendum dignissim urna in mattis nullam urna aliquam! Neque! Accumsan diam.,NA,NA,2026-07-30T22:53:40Z,1
R_1LXjeHhW1XNZRwa,2,11,2,1,0,3,1,3,113,NA,2,4,NA,4,4,Diam arcu volutpat sollicitudin. Bibendum dignissim urna in mattis nullam urna aliquam! Neque! Accumsan diam.,NA,NA,2026-07-30T22:53:40Z,1
R_1LXjeHhW1XNZRwa,2,11,3,1,0,0,0,0,0,NA,2,4,NA,4,4,Diam arcu volutpat sollicitudin. Bibendum dignissim urna in mattis nullam urna aliquam! Neque! Accumsan diam.,NA,NA,2026-07-30T22:53:40Z,1
R_1LXjeHhW1XNZRwa,2,12,1,1,1,1,1,3,11,NA,2,4,NA,4,4,Diam arcu volutpat sollicitudin. Bibendum dignissim urna in mattis nullam urna aliquam! Neque! Accumsan diam.,NA,NA,2026-07-30T22:53:40Z,1
R_1LXjeHhW1XNZRwa,2,12,2,1,0,3,3,2,113,NA,2,4,NA,4,4,Diam arcu volutpat sollicitudin. Bibendum dignissim urna in mattis nullam urna aliquam! Neque! Accumsan diam.,NA,NA,2026-07-30T22:53:40Z,1
R_1LXjeHhW1XNZRwa,2,12,3,1,0,0,0,0,0,NA,2,4,NA,4,4,Diam arcu volutpat sollicitudin. Bibendum dignissim urna in mattis nullam urna aliquam! Neque! Accumsan diam.,NA,NA,2026-07-30T22:53:40Z,1
R_1LXjeHhW1XNZRwa,2,13,1,3,0,3,1,2,22,NA,2,4,NA,4,4,Diam arcu volutpat sollicitudin. Bibendum dignissim urna in mattis nullam urna aliquam! Neque! Accumsan diam.,NA,NA,2026-07-30T22:53:40Z,1
R_1LXjeHhW1XNZRwa,2,13,2,3,0,1,2,1,84,NA,2,4,NA,4,4,Diam arcu volutpat sollicitudin. Bibendum dignissim urna in mattis nullam urna aliquam! Neque! Accumsan diam.,NA,NA,2026-07-30T22:53:40Z,1
R_1LXjeHhW1XNZRwa,2,13,3,3,1,0,0,0,0,NA,2,4,NA,4,4,Diam arcu volutpat sollicitudin. Bibendum dignissim urna in mattis nullam urna aliquam! Neque! Accumsan diam.,NA,NA,2026-07-30T22:53:40Z,1
R_1LXjeHhW1XNZRwa,2,14,1,3,0,3,3,1,22,NA,2,4,NA,4,4,Diam arcu volutpat sollicitudin. Bibendum dignissim urna in mattis nullam urna aliquam! Neque! Accumsan diam.,NA,NA,2026-07-30T22:53:40Z,1
R_1LXjeHhW1XNZRwa,2,14,2,3,0,1,2,3,84,NA,2,4,NA,4,4,Diam arcu volutpat sollicitudin. Bibendum dignissim urna in mattis nullam urna aliquam! Neque! Accumsan diam.,NA,NA,2026-07-30T22:53:40Z,1
R_1LXjeHhW1XNZRwa,2,14,3,3,1,0,0,0,0,NA,2,4,NA,4,4,Diam arcu volutpat sollicitudin. Bibendum dignissim urna in mattis nullam urna aliquam! Neque! Accumsan diam.,NA,NA,2026-07-30T22:53:40Z,1
R_1LXjeHhW1XNZRwa,2,15,1,2,0,3,1,3,113,NA,2,4,NA,4,4,Diam arcu volutpat sollicitudin. Bibendum dignissim urna in mattis nullam urna aliquam! Neque! Accumsan diam.,NA,NA,2026-07-30T22:53:40Z,1
R_1LXjeHhW1XNZRwa,2,15,2,2,1,2,3,2,11,NA,2,4,NA,4,4,Diam arcu volutpat sollicitudin. Bibendum dignissim urna in mattis nullam urna aliquam! Neque! Accumsan diam.,NA,NA,2026-07-30T22:53:40Z,1
R_1LXjeHhW1XNZRwa,2,15,3,2,0,0,0,0,0,NA,2,4,NA,4,4,Diam arcu volutpat sollicitudin. Bibendum dignissim urna in mattis nullam urna aliquam! Neque! Accumsan diam.,NA,NA,2026-07-30T22:53:40Z,1
R_1LXjeHhW1XNZRwa,2,16,1,2,0,2,1,1,84,NA,2,4,NA,4,4,Diam arcu volutpat sollicitudin. Bibendum dignissim urna in mattis nullam urna aliquam! Neque! Accumsan diam.,NA,NA,2026-07-30T22:53:40Z,1
R_1LXjeHhW1XNZRwa,2,16,2,2,1,1,3,2,22,NA,2,4,NA,4,4,Diam arcu volutpat sollicitudin. Bibendum dignissim urna in mattis nullam urna aliquam! Neque! Accumsan diam.,NA,NA,2026-07-30T22:53:40Z,1
R_1LXjeHhW1XNZRwa,2,16,3,2,0,0,0,0,0,NA,2,4,NA,4,4,Diam arcu volutpat sollicitudin. Bibendum dignissim urna in mattis nullam urna aliquam! Neque! Accumsan diam.,NA,NA,2026-07-30T22:53:40Z,1
R_1LXjeHhW1XNZRwa,2,9,1,3,0,1,3,1,113,NA,2,4,NA,4,4,Diam arcu volutpat sollicitudin. Bibendum dignissim urna in mattis nullam urna aliquam! Neque! Accumsan diam.,NA,NA,2026-07-30T22:53:40Z,1
R_1LXjeHhW1XNZRwa,2,9,2,3,0,2,2,3,11,NA,2,4,NA,4,4,Diam arcu volutpat sollicitudin. Bibendum dignissim urna in mattis nullam urna aliquam! Neque! Accumsan diam.,NA,NA,2026-07-30T22:53:40Z,1
R_1LXjeHhW1XNZRwa,2,9,3,3,1,0,0,0,0,NA,2,4,NA,4,4,Diam arcu volutpat sollicitudin. Bibendum dignissim urna in mattis nullam urna aliquam! Neque! Accumsan diam.,NA,NA,2026-07-30T22:53:40Z,1
R_1N6KOFeEBGI86cC,2,10,1,2,0,2,3,3,113,NA,3,3,NA,NA,2,NA,NA,NA,2026-06-23T11:57:16Z,1
R_1N6KOFeEBGI86cC,2,10,2,2,1,3,1,1,11,NA,3,3,NA,NA,2,NA,NA,NA,2026-06-23T11:57:16Z,1
R_1N6KOFeEBGI86cC,2,10,3,2,0,0,0,0,0,NA,3,3,NA,NA,2,NA,NA,NA,2026-06-23T11:57:16Z,1
R_1N6KOFeEBGI86cC,2,11,1,3,0,2,3,1,11,NA,3,3,NA,NA,2,NA,NA,NA,2026-06-23T11:57:16Z,1
R_1N6KOFeEBGI86cC,2,11,2,3,0,3,1,3,113,NA,3,3,NA,NA,2,NA,NA,NA,2026-06-23T11:57:16Z,1
R_1N6KOFeEBGI86cC,2,11,3,3,1,0,0,0,0,NA,3,3,NA,NA,2,NA,NA,NA,2026-06-23T11:57:16Z,1
R_1N6KOFeEBGI86cC,2,12,1,3,0,1,1,3,11,NA,3,3,NA,NA,2,NA,NA,NA,2026-06-23T11:57:16Z,1
R_1N6KOFeEBGI86cC,2,12,2,3,0,3,3,2,113,NA,3,3,NA,NA,2,NA,NA,NA,2026-06-23T11:57:16Z,1
R_1N6KOFeEBGI86cC,2,12,3,3,1,0,0,0,0,NA,3,3,NA,NA,2,NA,NA,NA,2026-06-23T11:57:16Z,1
R_1N6KOFeEBGI86cC,2,13,1,3,0,3,1,2,22,NA,3,3,NA,NA,2,NA,NA,NA,2026-06-23T11:57:16Z,1
R_1N6KOFeEBGI86cC,2,13,2,3,0,1,2,1,84,NA,3,3,NA,NA,2,NA,NA,NA,2026-06-23T11:57:16Z,1
R_1N6KOFeEBGI86cC,2,13,3,3,1,0,0,0,0,NA,3,3,NA,NA,2,NA,NA,NA,2026-06-23T11:57:16Z,1
R_1N6KOFeEBGI86cC,2,14,1,1,1,3,3,1,22,NA,3,3,NA,NA,2,NA,NA,NA,2026-06-23T11:57:16Z,1
R_1N6KOFeEBGI86cC,2,14,2,1,0,1,2,3,84,NA,3,3,NA,NA,2,NA,NA,NA,2026-06-23T11:57:16Z,1
R_1N6KOFeEBGI86cC,2,14,3,1,0,0,0,0,0,NA,3,3,NA,NA,2,NA,NA,NA,2026-06-23T11:57:16Z,1
R_1N6KOFeEBGI86cC,2,15,1,1,1,3,1,3,113,NA,3,3,NA,NA,2,NA,NA,NA,2026-06-23T11:57:16Z,1
R_1N6KOFeEBGI86cC,2,15,2,1,0,2,3,2,11,NA,3,3,NA,NA,2,NA,NA,NA,2026-06-23T11:57:16Z,1
R_1N6KOFeEBGI86cC,2,15,3,1,0,0,0,0,0,NA,3,3,NA,NA,2,NA,NA,NA,2026-06-23T11:57:16Z,1
R_1N6KOFeEBGI86cC,2,16,1,1,1,2,1,1,84,NA,3,3,NA,NA,2,NA,NA,NA,2026-06-23T11:57:16Z,1
R_1N6KOFeEBGI86cC,2,16,2,1,0,1,3,2,22,NA,3,3,NA,NA,2,NA,NA,NA,2026-06-23T11:57:16Z,1
R_1N6KOFeEBGI86cC,2,16,3,1,0,0,0,0,0,NA,3,3,NA,NA,2,NA,NA,NA,2026-06-23T11:57:16Z,1
R_1N6KOFeEBGI86cC,2,9,1,2,0,1,3,1,113,NA,3,3,NA,NA,2,NA,NA,NA,2026-06-23T11:57:16Z,1
R_1N6KOFeEBGI86cC,2,9,2,2,1,2,2,3,11,NA,3,3,NA,NA,2,NA,NA,NA,2026-06-23T11:57:16Z,1
R_1N6KOFeEBGI86cC,2,9,3,2,0,0,0,0,0,NA,3,3,NA,NA,2,NA,NA,NA,2026-06-23T11:57:16Z,1
R_1NZWfmOBuMKrIRo,2,10,1,2,0,2,3,3,113,NA,3,5,NA,NA,2,NA,NA,NA,2026-07-15T13:31:01Z,1
R_1NZWfmOBuMKrIRo,2,10,2,2,1,3,1,1,11,NA,3,5,NA,NA,2,NA,NA,NA,2026-07-15T13:31:01Z,1
R_1NZWfmOBuMKrIRo,2,10,3,2,0,0,0,0,0,NA,3,5,NA,NA,2,NA,NA,NA,2026-07-15T13:31:01Z,1
R_1NZWfmOBuMKrIRo,2,11,1,3,0,2,3,1,11,NA,3,5,NA,NA,2,NA,NA,NA,2026-07-15T13:31:01Z,1
R_1NZWfmOBuMKrIRo,2,11,2,3,0,3,1,3,113,NA,3,5,NA,NA,2,NA,NA,NA,2026-07-15T13:31:01Z,1
R_1NZWfmOBuMKrIRo,2,11,3,3,1,0,0,0,0,NA,3,5,NA,NA,2,NA,NA,NA,2026-07-15T13:31:01Z,1
R_1NZWfmOBuMKrIRo,2,12,1,2,0,1,1,3,11,NA,3,5,NA,NA,2,NA,NA,NA,2026-07-15T13:31:01Z,1
R_1NZWfmOBuMKrIRo,2,12,2,2,1,3,3,2,113,NA,3,5,NA,NA,2,NA,NA,NA,2026-07-15T13:31:01Z,1
R_1NZWfmOBuMKrIRo,2,12,3,2,0,0,0,0,0,NA,3,5,NA,NA,2,NA,NA,NA,2026-07-15T13:31:01Z,1
R_1NZWfmOBuMKrIRo,2,13,1,3,0,3,1,2,22,NA,3,5,NA,NA,2,NA,NA,NA,2026-07-15T13:31:01Z,1
R_1NZWfmOBuMKrIRo,2,13,2,3,0,1,2,1,84,NA,3,5,NA,NA,2,NA,NA,NA,2026-07-15T13:31:01Z,1
R_1NZWfmOBuMKrIRo,2,13,3,3,1,0,0,0,0,NA,3,5,NA,NA,2,NA,NA,NA,2026-07-15T13:31:01Z,1
R_1NZWfmOBuMKrIRo,2,14,1,2,0,3,3,1,22,NA,3,5,NA,NA,2,NA,NA,NA,2026-07-15T13:31:01Z,1
R_1NZWfmOBuMKrIRo,2,14,2,2,1,1,2,3,84,NA,3,5,NA,NA,2,NA,NA,NA,2026-07-15T13:31:01Z,1
R_1NZWfmOBuMKrIRo,2,14,3,2,0,0,0,0,0,NA,3,5,NA,NA,2,NA,NA,NA,2026-07-15T13:31:01Z,1
R_1NZWfmOBuMKrIRo,2,15,1,3,0,3,1,3,113,NA,3,5,NA,NA,2,NA,NA,NA,2026-07-15T13:31:01Z,1
R_1NZWfmOBuMKrIRo,2,15,2,3,0,2,3,2,11,NA,3,5,NA,NA,2,NA,NA,NA,2026-07-15T13:31:01Z,1
R_1NZWfmOBuMKrIRo,2,15,3,3,1,0,0,0,0,NA,3,5,NA,NA,2,NA,NA,NA,2026-07-15T13:31:01Z,1
R_1NZWfmOBuMKrIRo,2,16,1,3,0,2,1,1,84,NA,3,5,NA,NA,2,NA,NA,NA,2026-07-15T13:31:01Z,1
R_1NZWfmOBuMKrIRo,2,16,2,3,0,1,3,2,22,NA,3,5,NA,NA,2,NA,NA,NA,2026-07-15T13:31:01Z,1
R_1NZWfmOBuMKrIRo,2,16,3,3,1,0,0,0,0,NA,3,5,NA,NA,2,NA,NA,NA,2026-07-15T13:31:01Z,1
R_1NZWfmOBuMKrIRo,2,9,1,1,1,1,3,1,113,NA,3,5,NA,NA,2,NA,NA,NA,2026-07-15T13:31:01Z,1
R_1NZWfmOBuMKrIRo,2,9,2,1,0,2,2,3,11,NA,3,5,NA,NA,2,NA,NA,NA,2026-07-15T13:31:01Z,1
R_1NZWfmOBuMKrIRo,2,9,3,1,0,0,0,0,0,NA,3,5,NA,NA,2,NA,NA,NA,2026-07-15T13:31:01Z,1
R_1SM4on1OzUDpb4q,2,10,1,3,0,2,3,3,113,NA,2,6,NA,NA,4,Lacus consequat ante! Enim elit sollicitudin! Facilisis dapibus elementum volutpat! Egestas vulputate per. Ligula.,NA,NA,2026-07-30T20:29:58Z,1
R_1SM4on1OzUDpb4q,2,10,2,3,0,3,1,1,11,NA,2,6,NA,NA,4,Lacus consequat ante! Enim elit sollicitudin! Facilisis dapibus elementum volutpat! Egestas vulputate per. Ligula.,NA,NA,2026-07-30T20:29:58Z,1
R_1SM4on1OzUDpb4q,2,10,3,3,1,0,0,0,0,NA,2,6,NA,NA,4,Lacus consequat ante! Enim elit sollicitudin! Facilisis dapibus elementum volutpat! Egestas vulputate per. Ligula.,NA,NA,2026-07-30T20:29:58Z,1
R_1SM4on1OzUDpb4q,2,11,1,2,0,2,3,1,11,NA,2,6,NA,NA,4,Lacus consequat ante! Enim elit sollicitudin! Facilisis dapibus elementum volutpat! Egestas vulputate per. Ligula.,NA,NA,2026-07-30T20:29:58Z,1
R_1SM4on1OzUDpb4q,2,11,2,2,1,3,1,3,113,NA,2,6,NA,NA,4,Lacus consequat ante! Enim elit sollicitudin! Facilisis dapibus elementum volutpat! Egestas vulputate per. Ligula.,NA,NA,2026-07-30T20:29:58Z,1
R_1SM4on1OzUDpb4q,2,11,3,2,0,0,0,0,0,NA,2,6,NA,NA,4,Lacus consequat ante! Enim elit sollicitudin! Facilisis dapibus elementum volutpat! Egestas vulputate per. Ligula.,NA,NA,2026-07-30T20:29:58Z,1
R_1SM4on1OzUDpb4q,2,12,1,3,0,1,1,3,11,NA,2,6,NA,NA,4,Lacus consequat ante! Enim elit sollicitudin! Facilisis dapibus elementum volutpat! Egestas vulputate per. Ligula.,NA,NA,2026-07-30T20:29:58Z,1
R_1SM4on1OzUDpb4q,2,12,2,3,0,3,3,2,113,NA,2,6,NA,NA,4,Lacus consequat ante! Enim elit sollicitudin! Facilisis dapibus elementum volutpat! Egestas vulputate per. Ligula.,NA,NA,2026-07-30T20:29:58Z,1
R_1SM4on1OzUDpb4q,2,12,3,3,1,0,0,0,0,NA,2,6,NA,NA,4,Lacus consequat ante! Enim elit sollicitudin! Facilisis dapibus elementum volutpat! Egestas vulputate per. Ligula.,NA,NA,2026-07-30T20:29:58Z,1
R_1SM4on1OzUDpb4q,2,13,1,1,1,3,1,2,22,NA,2,6,NA,NA,4,Lacus consequat ante! Enim elit sollicitudin! Facilisis dapibus elementum volutpat! Egestas vulputate per. Ligula.,NA,NA,2026-07-30T20:29:58Z,1
R_1SM4on1OzUDpb4q,2,13,2,1,0,1,2,1,84,NA,2,6,NA,NA,4,Lacus consequat ante! Enim elit sollicitudin! Facilisis dapibus elementum volutpat! Egestas vulputate per. Ligula.,NA,NA,2026-07-30T20:29:58Z,1
R_1SM4on1OzUDpb4q,2,13,3,1,0,0,0,0,0,NA,2,6,NA,NA,4,Lacus consequat ante! Enim elit sollicitudin! Facilisis dapibus elementum volutpat! Egestas vulputate per. Ligula.,NA,NA,2026-07-30T20:29:58Z,1
R_1SM4on1OzUDpb4q,2,14,1,2,0,3,3,1,22,NA,2,6,NA,NA,4,Lacus consequat ante! Enim elit sollicitudin! Facilisis dapibus elementum volutpat! Egestas vulputate per. Ligula.,NA,NA,2026-07-30T20:29:58Z,1
R_1SM4on1OzUDpb4q,2,14,2,2,1,1,2,3,84,NA,2,6,NA,NA,4,Lacus consequat ante! Enim elit sollicitudin! Facilisis dapibus elementum volutpat! Egestas vulputate per. Ligula.,NA,NA,2026-07-30T20:29:58Z,1
R_1SM4on1OzUDpb4q,2,14,3,2,0,0,0,0,0,NA,2,6,NA,NA,4,Lacus consequat ante! Enim elit sollicitudin! Facilisis dapibus elementum volutpat! Egestas vulputate per. Ligula.,NA,NA,2026-07-30T20:29:58Z,1
R_1SM4on1OzUDpb4q,2,15,1,2,0,3,1,3,113,NA,2,6,NA,NA,4,Lacus consequat ante! Enim elit sollicitudin! Facilisis dapibus elementum volutpat! Egestas vulputate per. Ligula.,NA,NA,2026-07-30T20:29:58Z,1
R_1SM4on1OzUDpb4q,2,15,2,2,1,2,3,2,11,NA,2,6,NA,NA,4,Lacus consequat ante! Enim elit sollicitudin! Facilisis dapibus elementum volutpat! Egestas vulputate per. Ligula.,NA,NA,2026-07-30T20:29:58Z,1
R_1SM4on1OzUDpb4q,2,15,3,2,0,0,0,0,0,NA,2,6,NA,NA,4,Lacus consequat ante! Enim elit sollicitudin! Facilisis dapibus elementum volutpat! Egestas vulputate per. Ligula.,NA,NA,2026-07-30T20:29:58Z,1
R_1SM4on1OzUDpb4q,2,16,1,1,1,2,1,1,84,NA,2,6,NA,NA,4,Lacus consequat ante! Enim elit sollicitudin! Facilisis dapibus elementum volutpat! Egestas vulputate per. Ligula.,NA,NA,2026-07-30T20:29:58Z,1
R_1SM4on1OzUDpb4q,2,16,2,1,0,1,3,2,22,NA,2,6,NA,NA,4,Lacus consequat ante! Enim elit sollicitudin! Facilisis dapibus elementum volutpat! Egestas vulputate per. Ligula.,NA,NA,2026-07-30T20:29:58Z,1
R_1SM4on1OzUDpb4q,2,16,3,1,0,0,0,0,0,NA,2,6,NA,NA,4,Lacus consequat ante! Enim elit sollicitudin! Facilisis dapibus elementum volutpat! Egestas vulputate per. Ligula.,NA,NA,2026-07-30T20:29:58Z,1
R_1SM4on1OzUDpb4q,2,9,1,2,0,1,3,1,113,NA,2,6,NA,NA,4,Lacus consequat ante! Enim elit sollicitudin! Facilisis dapibus elementum volutpat! Egestas vulputate per. Ligula.,NA,NA,2026-07-30T20:29:58Z,1
R_1SM4on1OzUDpb4q,2,9,2,2,1,2,2,3,11,NA,2,6,NA,NA,4,Lacus consequat ante! Enim elit sollicitudin! Facilisis dapibus elementum volutpat! Egestas vulputate per. Ligula.,NA,NA,2026-07-30T20:29:58Z,1
R_1SM4on1OzUDpb4q,2,9,3,2,0,0,0,0,0,NA,2,6,NA,NA,4,Lacus consequat ante! Enim elit sollicitudin! Facilisis dapibus elementum volutpat! Egestas vulputate per. Ligula.,NA,NA,2026-07-30T20:29:58Z,1
R_1TjzFMUsDKGDuMC,2,10,1,2,0,2,3,3,113,NA,2,7,Accusamus nullam laoreet facilisis blandit purus. Elit dolorem! Ipsum iaculis consectetuer vitae erat.,6,3,NA,NA,NA,2026-07-30T22:53:45Z,1
R_1TjzFMUsDKGDuMC,2,10,2,2,1,3,1,1,11,NA,2,7,Accusamus nullam laoreet facilisis blandit purus. Elit dolorem! Ipsum iaculis consectetuer vitae erat.,6,3,NA,NA,NA,2026-07-30T22:53:45Z,1
R_1TjzFMUsDKGDuMC,2,10,3,2,0,0,0,0,0,NA,2,7,Accusamus nullam laoreet facilisis blandit purus. Elit dolorem! Ipsum iaculis consectetuer vitae erat.,6,3,NA,NA,NA,2026-07-30T22:53:45Z,1
R_1TjzFMUsDKGDuMC,2,11,1,2,0,2,3,1,11,NA,2,7,Accusamus nullam laoreet facilisis blandit purus. Elit dolorem! Ipsum iaculis consectetuer vitae erat.,6,3,NA,NA,NA,2026-07-30T22:53:45Z,1
R_1TjzFMUsDKGDuMC,2,11,2,2,1,3,1,3,113,NA,2,7,Accusamus nullam laoreet facilisis blandit purus. Elit dolorem! Ipsum iaculis consectetuer vitae erat.,6,3,NA,NA,NA,2026-07-30T22:53:45Z,1
R_1TjzFMUsDKGDuMC,2,11,3,2,0,0,0,0,0,NA,2,7,Accusamus nullam laoreet facilisis blandit purus. Elit dolorem! Ipsum iaculis consectetuer vitae erat.,6,3,NA,NA,NA,2026-07-30T22:53:45Z,1
R_1TjzFMUsDKGDuMC,2,12,1,3,0,1,1,3,11,NA,2,7,Accusamus nullam laoreet facilisis blandit purus. Elit dolorem! Ipsum iaculis consectetuer vitae erat.,6,3,NA,NA,NA,2026-07-30T22:53:45Z,1
R_1TjzFMUsDKGDuMC,2,12,2,3,0,3,3,2,113,NA,2,7,Accusamus nullam laoreet facilisis blandit purus. Elit dolorem! Ipsum iaculis consectetuer vitae erat.,6,3,NA,NA,NA,2026-07-30T22:53:45Z,1
R_1TjzFMUsDKGDuMC,2,12,3,3,1,0,0,0,0,NA,2,7,Accusamus nullam laoreet facilisis blandit purus. Elit dolorem! Ipsum iaculis consectetuer vitae erat.,6,3,NA,NA,NA,2026-07-30T22:53:45Z,1
R_1TjzFMUsDKGDuMC,2,13,1,1,1,3,1,2,22,NA,2,7,Accusamus nullam laoreet facilisis blandit purus. Elit dolorem! Ipsum iaculis consectetuer vitae erat.,6,3,NA,NA,NA,2026-07-30T22:53:45Z,1
R_1TjzFMUsDKGDuMC,2,13,2,1,0,1,2,1,84,NA,2,7,Accusamus nullam laoreet facilisis blandit purus. Elit dolorem! Ipsum iaculis consectetuer vitae erat.,6,3,NA,NA,NA,2026-07-30T22:53:45Z,1
R_1TjzFMUsDKGDuMC,2,13,3,1,0,0,0,0,0,NA,2,7,Accusamus nullam laoreet facilisis blandit purus. Elit dolorem! Ipsum iaculis consectetuer vitae erat.,6,3,NA,NA,NA,2026-07-30T22:53:45Z,1
R_1TjzFMUsDKGDuMC,2,14,1,1,1,3,3,1,22,NA,2,7,Accusamus nullam laoreet facilisis blandit purus. Elit dolorem! Ipsum iaculis consectetuer vitae erat.,6,3,NA,NA,NA,2026-07-30T22:53:45Z,1
R_1TjzFMUsDKGDuMC,2,14,2,1,0,1,2,3,84,NA,2,7,Accusamus nullam laoreet facilisis blandit purus. Elit dolorem! Ipsum iaculis consectetuer vitae erat.,6,3,NA,NA,NA,2026-07-30T22:53:45Z,1
R_1TjzFMUsDKGDuMC,2,14,3,1,0,0,0,0,0,NA,2,7,Accusamus nullam laoreet facilisis blandit purus. Elit dolorem! Ipsum iaculis consectetuer vitae erat.,6,3,NA,NA,NA,2026-07-30T22:53:45Z,1
R_1TjzFMUsDKGDuMC,2,15,1,1,1,3,1,3,113,NA,2,7,Accusamus nullam laoreet facilisis blandit purus. Elit dolorem! Ipsum iaculis consectetuer vitae erat.,6,3,NA,NA,NA,2026-07-30T22:53:45Z,1
R_1TjzFMUsDKGDuMC,2,15,2,1,0,2,3,2,11,NA,2,7,Accusamus nullam laoreet facilisis blandit purus. Elit dolorem! Ipsum iaculis consectetuer vitae erat.,6,3,NA,NA,NA,2026-07-30T22:53:45Z,1
R_1TjzFMUsDKGDuMC,2,15,3,1,0,0,0,0,0,NA,2,7,Accusamus nullam laoreet facilisis blandit purus. Elit dolorem! Ipsum iaculis consectetuer vitae erat.,6,3,NA,NA,NA,2026-07-30T22:53:45Z,1
R_1TjzFMUsDKGDuMC,2,16,1,1,1,2,1,1,84,NA,2,7,Accusamus nullam laoreet facilisis blandit purus. Elit dolorem! Ipsum iaculis consectetuer vitae erat.,6,3,NA,NA,NA,2026-07-30T22:53:45Z,1
R_1TjzFMUsDKGDuMC,2,16,2,1,0,1,3,2,22,NA,2,7,Accusamus nullam laoreet facilisis blandit purus. Elit dolorem! Ipsum iaculis consectetuer vitae erat.,6,3,NA,NA,NA,2026-07-30T22:53:45Z,1
R_1TjzFMUsDKGDuMC,2,16,3,1,0,0,0,0,0,NA,2,7,Accusamus nullam laoreet facilisis blandit purus. Elit dolorem! Ipsum iaculis consectetuer vitae erat.,6,3,NA,NA,NA,2026-07-30T22:53:45Z,1
R_1TjzFMUsDKGDuMC,2,9,1,1,1,1,3,1,113,NA,2,7,Accusamus nullam laoreet facilisis blandit purus. Elit dolorem! Ipsum iaculis consectetuer vitae erat.,6,3,NA,NA,NA,2026-07-30T22:53:45Z,1
R_1TjzFMUsDKGDuMC,2,9,2,1,0,2,2,3,11,NA,2,7,Accusamus nullam laoreet facilisis blandit purus. Elit dolorem! Ipsum iaculis consectetuer vitae erat.,6,3,NA,NA,NA,2026-07-30T22:53:45Z,1
R_1TjzFMUsDKGDuMC,2,9,3,1,0,0,0,0,0,NA,2,7,Accusamus nullam laoreet facilisis blandit purus. Elit dolorem! Ipsum iaculis consectetuer vitae erat.,6,3,NA,NA,NA,2026-07-30T22:53:45Z,1
R_1TzySVR5xWeZlbM,2,10,1,1,1,2,3,3,113,NA,2,2,NA,NA,1,NA,NA,NA,2026-07-15T13:31:02Z,1
R_1TzySVR5xWeZlbM,2,10,2,1,0,3,1,1,11,NA,2,2,NA,NA,1,NA,NA,NA,2026-07-15T13:31:02Z,1
R_1TzySVR5xWeZlbM,2,10,3,1,0,0,0,0,0,NA,2,2,NA,NA,1,NA,NA,NA,2026-07-15T13:31:02Z,1
R_1TzySVR5xWeZlbM,2,11,1,2,0,2,3,1,11,NA,2,2,NA,NA,1,NA,NA,NA,2026-07-15T13:31:02Z,1
R_1TzySVR5xWeZlbM,2,11,2,2,1,3,1,3,113,NA,2,2,NA,NA,1,NA,NA,NA,2026-07-15T13:31:02Z,1
R_1TzySVR5xWeZlbM,2,11,3,2,0,0,0,0,0,NA,2,2,NA,NA,1,NA,NA,NA,2026-07-15T13:31:02Z,1
R_1TzySVR5xWeZlbM,2,12,1,1,1,1,1,3,11,NA,2,2,NA,NA,1,NA,NA,NA,2026-07-15T13:31:02Z,1
R_1TzySVR5xWeZlbM,2,12,2,1,0,3,3,2,113,NA,2,2,NA,NA,1,NA,NA,NA,2026-07-15T13:31:02Z,1
R_1TzySVR5xWeZlbM,2,12,3,1,0,0,0,0,0,NA,2,2,NA,NA,1,NA,NA,NA,2026-07-15T13:31:02Z,1
R_1TzySVR5xWeZlbM,2,13,1,3,0,3,1,2,22,NA,2,2,NA,NA,1,NA,NA,NA,2026-07-15T13:31:02Z,1
R_1TzySVR5xWeZlbM,2,13,2,3,0,1,2,1,84,NA,2,2,NA,NA,1,NA,NA,NA,2026-07-15T13:31:02Z,1
R_1TzySVR5xWeZlbM,2,13,3,3,1,0,0,0,0,NA,2,2,NA,NA,1,NA,NA,NA,2026-07-15T13:31:02Z,1
R_1TzySVR5xWeZlbM,2,14,1,2,0,3,3,1,22,NA,2,2,NA,NA,1,NA,NA,NA,2026-07-15T13:31:02Z,1
R_1TzySVR5xWeZlbM,2,14,2,2,1,1,2,3,84,NA,2,2,NA,NA,1,NA,NA,NA,2026-07-15T13:31:02Z,1
R_1TzySVR5xWeZlbM,2,14,3,2,0,0,0,0,0,NA,2,2,NA,NA,1,NA,NA,NA,2026-07-15T13:31:02Z,1
R_1TzySVR5xWeZlbM,2,15,1,1,1,3,1,3,113,NA,2,2,NA,NA,1,NA,NA,NA,2026-07-15T13:31:02Z,1
R_1TzySVR5xWeZlbM,2,15,2,1,0,2,3,2,11,NA,2,2,NA,NA,1,NA,NA,NA,2026-07-15T13:31:02Z,1
R_1TzySVR5xWeZlbM,2,15,3,1,0,0,0,0,0,NA,2,2,NA,NA,1,NA,NA,NA,2026-07-15T13:31:02Z,1
R_1TzySVR5xWeZlbM,2,16,1,1,1,2,1,1,84,NA,2,2,NA,NA,1,NA,NA,NA,2026-07-15T13:31:02Z,1
R_1TzySVR5xWeZlbM,2,16,2,1,0,1,3,2,22,NA,2,2,NA,NA,1,NA,NA,NA,2026-07-15T13:31:02Z,1
R_1TzySVR5xWeZlbM,2,16,3,1,0,0,0,0,0,NA,2,2,NA,NA,1,NA,NA,NA,2026-07-15T13:31:02Z,1
R_1TzySVR5xWeZlbM,2,9,1,3,0,1,3,1,113,NA,2,2,NA,NA,1,NA,NA,NA,2026-07-15T13:31:02Z,1
R_1TzySVR5xWeZlbM,2,9,2,3,0,2,2,3,11,NA,2,2,NA,NA,1,NA,NA,NA,2026-07-15T13:31:02Z,1
R_1TzySVR5xWeZlbM,2,9,3,3,1,0,0,0,0,NA,2,2,NA,NA,1,NA,NA,NA,2026-07-15T13:31:02Z,1
R_1Xs52OlD6EBpuaW,1,1,1,3,0,1,2,1,84,NA,3,1,NA,NA,1,NA,NA,NA,2026-06-23T11:57:15Z,1
R_1Xs52OlD6EBpuaW,1,1,2,3,0,2,3,3,56,NA,3,1,NA,NA,1,NA,NA,NA,2026-06-23T11:57:15Z,1
R_1Xs52OlD6EBpuaW,1,1,3,3,1,0,0,0,0,NA,3,1,NA,NA,1,NA,NA,NA,2026-06-23T11:57:15Z,1
R_1Xs52OlD6EBpuaW,1,2,1,1,1,2,3,3,56,NA,3,1,NA,NA,1,NA,NA,NA,2026-06-23T11:57:15Z,1
R_1Xs52OlD6EBpuaW,1,2,2,1,0,3,2,2,56,NA,3,1,NA,NA,1,NA,NA,NA,2026-06-23T11:57:15Z,1
R_1Xs52OlD6EBpuaW,1,2,3,1,0,0,0,0,0,NA,3,1,NA,NA,1,NA,NA,NA,2026-06-23T11:57:15Z,1
R_1Xs52OlD6EBpuaW,1,3,1,2,0,3,2,1,113,NA,3,1,NA,NA,1,NA,NA,NA,2026-06-23T11:57:15Z,1
R_1Xs52OlD6EBpuaW,1,3,2,2,1,1,1,3,22,NA,3,1,NA,NA,1,NA,NA,NA,2026-06-23T11:57:15Z,1
R_1Xs52OlD6EBpuaW,1,3,3,2,0,0,0,0,0,NA,3,1,NA,NA,1,NA,NA,NA,2026-06-23T11:57:15Z,1
R_1Xs52OlD6EBpuaW,1,4,1,1,1,2,2,2,84,NA,3,1,NA,NA,1,NA,NA,NA,2026-06-23T11:57:15Z,1
R_1Xs52OlD6EBpuaW,1,4,2,1,0,1,3,1,56,NA,3,1,NA,NA,1,NA,NA,NA,2026-06-23T11:57:15Z,1
R_1Xs52OlD6EBpuaW,1,4,3,1,0,0,0,0,0,NA,3,1,NA,NA,1,NA,NA,NA,2026-06-23T11:57:15Z,1
R_1Xs52OlD6EBpuaW,1,5,1,2,0,1,2,2,11,NA,3,1,NA,NA,1,NA,NA,NA,2026-06-23T11:57:15Z,1
R_1Xs52OlD6EBpuaW,1,5,2,2,1,2,1,1,11,NA,3,1,NA,NA,1,NA,NA,NA,2026-06-23T11:57:15Z,1
R_1Xs52OlD6EBpuaW,1,5,3,2,0,0,0,0,0,NA,3,1,NA,NA,1,NA,NA,NA,2026-06-23T11:57:15Z,1
R_1Xs52OlD6EBpuaW,1,6,1,3,0,3,2,3,22,NA,3,1,NA,NA,1,NA,NA,NA,2026-06-23T11:57:15Z,1
R_1Xs52OlD6EBpuaW,1,6,2,3,0,2,1,2,113,NA,3,1,NA,NA,1,NA,NA,NA,2026-06-23T11:57:15Z,1
R_1Xs52OlD6EBpuaW,1,6,3,3,1,0,0,0,0,NA,3,1,NA,NA,1,NA,NA,NA,2026-06-23T11:57:15Z,1
R_1Xs52OlD6EBpuaW,1,7,1,1,1,3,3,2,56,NA,3,1,NA,NA,1,NA,NA,NA,2026-06-23T11:57:15Z,1
R_1Xs52OlD6EBpuaW,1,7,2,1,0,2,2,1,84,NA,3,1,NA,NA,1,NA,NA,NA,2026-06-23T11:57:15Z,1
R_1Xs52OlD6EBpuaW,1,7,3,1,0,0,0,0,0,NA,3,1,NA,NA,1,NA,NA,NA,2026-06-23T11:57:15Z,1
R_1Xs52OlD6EBpuaW,1,8,1,2,0,1,1,2,56,NA,3,1,NA,NA,1,NA,NA,NA,2026-06-23T11:57:15Z,1
R_1Xs52OlD6EBpuaW,1,8,2,2,1,3,3,3,22,NA,3,1,NA,NA,1,NA,NA,NA,2026-06-23T11:57:15Z,1
R_1Xs52OlD6EBpuaW,1,8,3,2,0,0,0,0,0,NA,3,1,NA,NA,1,NA,NA,NA,2026-06-23T11:57:15Z,1
R_1Y7YtmhD6eLu8SO,2,10,1,3,0,2,3,3,113,NA,3,3,NA,NA,4,"Tempus luctus, morbi ligula! Dolor, lectus sodales tincidunt egestas proin.",NA,NA,2026-07-30T20:30:01Z,1
R_1Y7YtmhD6eLu8SO,2,10,2,3,0,3,1,1,11,NA,3,3,NA,NA,4,"Tempus luctus, morbi ligula! Dolor, lectus sodales tincidunt egestas proin.",NA,NA,2026-07-30T20:30:01Z,1
R_1Y7YtmhD6eLu8SO,2,10,3,3,1,0,0,0,0,NA,3,3,NA,NA,4,"Tempus luctus, morbi ligula! Dolor, lectus sodales tincidunt egestas proin.",NA,NA,2026-07-30T20:30:01Z,1
R_1Y7YtmhD6eLu8SO,2,11,1,3,0,2,3,1,11,NA,3,3,NA,NA,4,"Tempus luctus, morbi ligula! Dolor, lectus sodales tincidunt egestas proin.",NA,NA,2026-07-30T20:30:01Z,1
R_1Y7YtmhD6eLu8SO,2,11,2,3,0,3,1,3,113,NA,3,3,NA,NA,4,"Tempus luctus, morbi ligula! Dolor, lectus sodales tincidunt egestas proin.",NA,NA,2026-07-30T20:30:01Z,1
R_1Y7YtmhD6eLu8SO,2,11,3,3,1,0,0,0,0,NA,3,3,NA,NA,4,"Tempus luctus, morbi ligula! Dolor, lectus sodales tincidunt egestas proin.",NA,NA,2026-07-30T20:30:01Z,1
R_1Y7YtmhD6eLu8SO,2,12,1,1,1,1,1,3,11,NA,3,3,NA,NA,4,"Tempus luctus, morbi ligula! Dolor, lectus sodales tincidunt egestas proin.",NA,NA,2026-07-30T20:30:01Z,1
R_1Y7YtmhD6eLu8SO,2,12,2,1,0,3,3,2,113,NA,3,3,NA,NA,4,"Tempus luctus, morbi ligula! Dolor, lectus sodales tincidunt egestas proin.",NA,NA,2026-07-30T20:30:01Z,1
R_1Y7YtmhD6eLu8SO,2,12,3,1,0,0,0,0,0,NA,3,3,NA,NA,4,"Tempus luctus, morbi ligula! Dolor, lectus sodales tincidunt egestas proin.",NA,NA,2026-07-30T20:30:01Z,1
R_1Y7YtmhD6eLu8SO,2,13,1,3,0,3,1,2,22,NA,3,3,NA,NA,4,"Tempus luctus, morbi ligula! Dolor, lectus sodales tincidunt egestas proin.",NA,NA,2026-07-30T20:30:01Z,1
R_1Y7YtmhD6eLu8SO,2,13,2,3,0,1,2,1,84,NA,3,3,NA,NA,4,"Tempus luctus, morbi ligula! Dolor, lectus sodales tincidunt egestas proin.",NA,NA,2026-07-30T20:30:01Z,1
R_1Y7YtmhD6eLu8SO,2,13,3,3,1,0,0,0,0,NA,3,3,NA,NA,4,"Tempus luctus, morbi ligula! Dolor, lectus sodales tincidunt egestas proin.",NA,NA,2026-07-30T20:30:01Z,1
R_1Y7YtmhD6eLu8SO,2,14,1,1,1,3,3,1,22,NA,3,3,NA,NA,4,"Tempus luctus, morbi ligula! Dolor, lectus sodales tincidunt egestas proin.",NA,NA,2026-07-30T20:30:01Z,1
R_1Y7YtmhD6eLu8SO,2,14,2,1,0,1,2,3,84,NA,3,3,NA,NA,4,"Tempus luctus, morbi ligula! Dolor, lectus sodales tincidunt egestas proin.",NA,NA,2026-07-30T20:30:01Z,1
R_1Y7YtmhD6eLu8SO,2,14,3,1,0,0,0,0,0,NA,3,3,NA,NA,4,"Tempus luctus, morbi ligula! Dolor, lectus sodales tincidunt egestas proin.",NA,NA,2026-07-30T20:30:01Z,1
R_1Y7YtmhD6eLu8SO,2,15,1,1,1,3,1,3,113,NA,3,3,NA,NA,4,"Tempus luctus, morbi ligula! Dolor, lectus sodales tincidunt egestas proin.",NA,NA,2026-07-30T20:30:01Z,1
R_1Y7YtmhD6eLu8SO,2,15,2,1,0,2,3,2,11,NA,3,3,NA,NA,4,"Tempus luctus, morbi ligula! Dolor, lectus sodales tincidunt egestas proin.",NA,NA,2026-07-30T20:30:01Z,1
R_1Y7YtmhD6eLu8SO,2,15,3,1,0,0,0,0,0,NA,3,3,NA,NA,4,"Tempus luctus, morbi ligula! Dolor, lectus sodales tincidunt egestas proin.",NA,NA,2026-07-30T20:30:01Z,1
R_1Y7YtmhD6eLu8SO,2,16,1,1,1,2,1,1,84,NA,3,3,NA,NA,4,"Tempus luctus, morbi ligula! Dolor, lectus sodales tincidunt egestas proin.",NA,NA,2026-07-30T20:30:01Z,1
R_1Y7YtmhD6eLu8SO,2,16,2,1,0,1,3,2,22,NA,3,3,NA,NA,4,"Tempus luctus, morbi ligula! Dolor, lectus sodales tincidunt egestas proin.",NA,NA,2026-07-30T20:30:01Z,1
R_1Y7YtmhD6eLu8SO,2,16,3,1,0,0,0,0,0,NA,3,3,NA,NA,4,"Tempus luctus, morbi ligula! Dolor, lectus sodales tincidunt egestas proin.",NA,NA,2026-07-30T20:30:01Z,1
R_1Y7YtmhD6eLu8SO,2,9,1,3,0,1,3,1,113,NA,3,3,NA,NA,4,"Tempus luctus, morbi ligula! Dolor, lectus sodales tincidunt egestas proin.",NA,NA,2026-07-30T20:30:01Z,1
R_1Y7YtmhD6eLu8SO,2,9,2,3,0,2,2,3,11,NA,3,3,NA,NA,4,"Tempus luctus, morbi ligula! Dolor, lectus sodales tincidunt egestas proin.",NA,NA,2026-07-30T20:30:01Z,1
R_1Y7YtmhD6eLu8SO,2,9,3,3,1,0,0,0,0,NA,3,3,NA,NA,4,"Tempus luctus, morbi ligula! Dolor, lectus sodales tincidunt egestas proin.",NA,NA,2026-07-30T20:30:01Z,1
R_25I1DANC0AFOCvc,1,1,1,2,0,1,2,1,84,NA,2,1,NA,4,4,Convallis. Tellus suscipit phasellus dapibus morbi sodales per sed natoque.,NA,NA,2026-07-30T22:53:50Z,1
R_25I1DANC0AFOCvc,1,1,2,2,1,2,3,3,56,NA,2,1,NA,4,4,Convallis. Tellus suscipit phasellus dapibus morbi sodales per sed natoque.,NA,NA,2026-07-30T22:53:50Z,1
R_25I1DANC0AFOCvc,1,1,3,2,0,0,0,0,0,NA,2,1,NA,4,4,Convallis. Tellus suscipit phasellus dapibus morbi sodales per sed natoque.,NA,NA,2026-07-30T22:53:50Z,1
R_25I1DANC0AFOCvc,1,2,1,1,1,2,3,3,56,NA,2,1,NA,4,4,Convallis. Tellus suscipit phasellus dapibus morbi sodales per sed natoque.,NA,NA,2026-07-30T22:53:50Z,1
R_25I1DANC0AFOCvc,1,2,2,1,0,3,2,2,56,NA,2,1,NA,4,4,Convallis. Tellus suscipit phasellus dapibus morbi sodales per sed natoque.,NA,NA,2026-07-30T22:53:50Z,1
R_25I1DANC0AFOCvc,1,2,3,1,0,0,0,0,0,NA,2,1,NA,4,4,Convallis. Tellus suscipit phasellus dapibus morbi sodales per sed natoque.,NA,NA,2026-07-30T22:53:50Z,1
R_25I1DANC0AFOCvc,1,3,1,1,1,3,2,1,113,NA,2,1,NA,4,4,Convallis. Tellus suscipit phasellus dapibus morbi sodales per sed natoque.,NA,NA,2026-07-30T22:53:50Z,1
R_25I1DANC0AFOCvc,1,3,2,1,0,1,1,3,22,NA,2,1,NA,4,4,Convallis. Tellus suscipit phasellus dapibus morbi sodales per sed natoque.,NA,NA,2026-07-30T22:53:50Z,1
R_25I1DANC0AFOCvc,1,3,3,1,0,0,0,0,0,NA,2,1,NA,4,4,Convallis. Tellus suscipit phasellus dapibus morbi sodales per sed natoque.,NA,NA,2026-07-30T22:53:50Z,1
R_25I1DANC0AFOCvc,1,4,1,2,0,2,2,2,84,NA,2,1,NA,4,4,Convallis. Tellus suscipit phasellus dapibus morbi sodales per sed natoque.,NA,NA,2026-07-30T22:53:50Z,1
R_25I1DANC0AFOCvc,1,4,2,2,1,1,3,1,56,NA,2,1,NA,4,4,Convallis. Tellus suscipit phasellus dapibus morbi sodales per sed natoque.,NA,NA,2026-07-30T22:53:50Z,1
R_25I1DANC0AFOCvc,1,4,3,2,0,0,0,0,0,NA,2,1,NA,4,4,Convallis. Tellus suscipit phasellus dapibus morbi sodales per sed natoque.,NA,NA,2026-07-30T22:53:50Z,1
R_25I1DANC0AFOCvc,1,5,1,2,0,1,2,2,11,NA,2,1,NA,4,4,Convallis. Tellus suscipit phasellus dapibus morbi sodales per sed natoque.,NA,NA,2026-07-30T22:53:50Z,1
R_25I1DANC0AFOCvc,1,5,2,2,1,2,1,1,11,NA,2,1,NA,4,4,Convallis. Tellus suscipit phasellus dapibus morbi sodales per sed natoque.,NA,NA,2026-07-30T22:53:50Z,1
R_25I1DANC0AFOCvc,1,5,3,2,0,0,0,0,0,NA,2,1,NA,4,4,Convallis. Tellus suscipit phasellus dapibus morbi sodales per sed natoque.,NA,NA,2026-07-30T22:53:50Z,1
R_25I1DANC0AFOCvc,1,6,1,1,1,3,2,3,22,NA,2,1,NA,4,4,Convallis. Tellus suscipit phasellus dapibus morbi sodales per sed natoque.,NA,NA,2026-07-30T22:53:50Z,1
R_25I1DANC0AFOCvc,1,6,2,1,0,2,1,2,113,NA,2,1,NA,4,4,Convallis. Tellus suscipit phasellus dapibus morbi sodales per sed natoque.,NA,NA,2026-07-30T22:53:50Z,1
R_25I1DANC0AFOCvc,1,6,3,1,0,0,0,0,0,NA,2,1,NA,4,4,Convallis. Tellus suscipit phasellus dapibus morbi sodales per sed natoque.,NA,NA,2026-07-30T22:53:50Z,1
R_25I1DANC0AFOCvc,1,7,1,3,0,3,3,2,56,NA,2,1,NA,4,4,Convallis. Tellus suscipit phasellus dapibus morbi sodales per sed natoque.,NA,NA,2026-07-30T22:53:50Z,1
R_25I1DANC0AFOCvc,1,7,2,3,0,2,2,1,84,NA,2,1,NA,4,4,Convallis. Tellus suscipit phasellus dapibus morbi sodales per sed natoque.,NA,NA,2026-07-30T22:53:50Z,1
R_25I1DANC0AFOCvc,1,7,3,3,1,0,0,0,0,NA,2,1,NA,4,4,Convallis. Tellus suscipit phasellus dapibus morbi sodales per sed natoque.,NA,NA,2026-07-30T22:53:50Z,1
R_25I1DANC0AFOCvc,1,8,1,1,1,1,1,2,56,NA,2,1,NA,4,4,Convallis. Tellus suscipit phasellus dapibus morbi sodales per sed natoque.,NA,NA,2026-07-30T22:53:50Z,1
R_25I1DANC0AFOCvc,1,8,2,1,0,3,3,3,22,NA,2,1,NA,4,4,Convallis. Tellus suscipit phasellus dapibus morbi sodales per sed natoque.,NA,NA,2026-07-30T22:53:50Z,1
R_25I1DANC0AFOCvc,1,8,3,1,0,0,0,0,0,NA,2,1,NA,4,4,Convallis. Tellus suscipit phasellus dapibus morbi sodales per sed natoque.,NA,NA,2026-07-30T22:53:50Z,1
R_2fersxr6qAJ5KGq,2,10,1,1,1,2,3,3,113,NA,1,3,NA,NA,2,NA,NA,NA,2026-07-30T20:30:17Z,1
R_2fersxr6qAJ5KGq,2,10,2,1,0,3,1,1,11,NA,1,3,NA,NA,2,NA,NA,NA,2026-07-30T20:30:17Z,1
R_2fersxr6qAJ5KGq,2,10,3,1,0,0,0,0,0,NA,1,3,NA,NA,2,NA,NA,NA,2026-07-30T20:30:17Z,1
R_2fersxr6qAJ5KGq,2,11,1,1,1,2,3,1,11,NA,1,3,NA,NA,2,NA,NA,NA,2026-07-30T20:30:17Z,1
R_2fersxr6qAJ5KGq,2,11,2,1,0,3,1,3,113,NA,1,3,NA,NA,2,NA,NA,NA,2026-07-30T20:30:17Z,1
R_2fersxr6qAJ5KGq,2,11,3,1,0,0,0,0,0,NA,1,3,NA,NA,2,NA,NA,NA,2026-07-30T20:30:17Z,1
R_2fersxr6qAJ5KGq,2,12,1,3,0,1,1,3,11,NA,1,3,NA,NA,2,NA,NA,NA,2026-07-30T20:30:17Z,1
R_2fersxr6qAJ5KGq,2,12,2,3,0,3,3,2,113,NA,1,3,NA,NA,2,NA,NA,NA,2026-07-30T20:30:17Z,1
R_2fersxr6qAJ5KGq,2,12,3,3,1,0,0,0,0,NA,1,3,NA,NA,2,NA,NA,NA,2026-07-30T20:30:17Z,1
R_2fersxr6qAJ5KGq,2,13,1,2,0,3,1,2,22,NA,1,3,NA,NA,2,NA,NA,NA,2026-07-30T20:30:17Z,1
R_2fersxr6qAJ5KGq,2,13,2,2,1,1,2,1,84,NA,1,3,NA,NA,2,NA,NA,NA,2026-07-30T20:30:17Z,1
R_2fersxr6qAJ5KGq,2,13,3,2,0,0,0,0,0,NA,1,3,NA,NA,2,NA,NA,NA,2026-07-30T20:30:17Z,1
R_2fersxr6qAJ5KGq,2,14,1,1,1,3,3,1,22,NA,1,3,NA,NA,2,NA,NA,NA,2026-07-30T20:30:17Z,1
R_2fersxr6qAJ5KGq,2,14,2,1,0,1,2,3,84,NA,1,3,NA,NA,2,NA,NA,NA,2026-07-30T20:30:17Z,1
R_2fersxr6qAJ5KGq,2,14,3,1,0,0,0,0,0,NA,1,3,NA,NA,2,NA,NA,NA,2026-07-30T20:30:17Z,1
R_2fersxr6qAJ5KGq,2,15,1,2,0,3,1,3,113,NA,1,3,NA,NA,2,NA,NA,NA,2026-07-30T20:30:17Z,1
R_2fersxr6qAJ5KGq,2,15,2,2,1,2,3,2,11,NA,1,3,NA,NA,2,NA,NA,NA,2026-07-30T20:30:17Z,1
R_2fersxr6qAJ5KGq,2,15,3,2,0,0,0,0,0,NA,1,3,NA,NA,2,NA,NA,NA,2026-07-30T20:30:17Z,1
R_2fersxr6qAJ5KGq,2,16,1,1,1,2,1,1,84,NA,1,3,NA,NA,2,NA,NA,NA,2026-07-30T20:30:17Z,1
R_2fersxr6qAJ5KGq,2,16,2,1,0,1,3,2,22,NA,1,3,NA,NA,2,NA,NA,NA,2026-07-30T20:30:17Z,1
R_2fersxr6qAJ5KGq,2,16,3,1,0,0,0,0,0,NA,1,3,NA,NA,2,NA,NA,NA,2026-07-30T20:30:17Z,1
R_2fersxr6qAJ5KGq,2,9,1,3,0,1,3,1,113,NA,1,3,NA,NA,2,NA,NA,NA,2026-07-30T20:30:17Z,1
R_2fersxr6qAJ5KGq,2,9,2,3,0,2,2,3,11,NA,1,3,NA,NA,2,NA,NA,NA,2026-07-30T20:30:17Z,1
R_2fersxr6qAJ5KGq,2,9,3,3,1,0,0,0,0,NA,1,3,NA,NA,2,NA,NA,NA,2026-07-30T20:30:17Z,1
R_2n3zbXjZfaZ2zGK,2,10,1,1,1,2,3,3,113,NA,3,6,NA,NA,4,Posuere ut porta! Suspendisse augue. Felis. Commodo auctor? Suspendisse vitae.,NA,NA,2026-07-30T20:30:15Z,1
R_2n3zbXjZfaZ2zGK,2,10,2,1,0,3,1,1,11,NA,3,6,NA,NA,4,Posuere ut porta! Suspendisse augue. Felis. Commodo auctor? Suspendisse vitae.,NA,NA,2026-07-30T20:30:15Z,1
R_2n3zbXjZfaZ2zGK,2,10,3,1,0,0,0,0,0,NA,3,6,NA,NA,4,Posuere ut porta! Suspendisse augue. Felis. Commodo auctor? Suspendisse vitae.,NA,NA,2026-07-30T20:30:15Z,1
R_2n3zbXjZfaZ2zGK,2,11,1,2,0,2,3,1,11,NA,3,6,NA,NA,4,Posuere ut porta! Suspendisse augue. Felis. Commodo auctor? Suspendisse vitae.,NA,NA,2026-07-30T20:30:15Z,1
R_2n3zbXjZfaZ2zGK,2,11,2,2,1,3,1,3,113,NA,3,6,NA,NA,4,Posuere ut porta! Suspendisse augue. Felis. Commodo auctor? Suspendisse vitae.,NA,NA,2026-07-30T20:30:15Z,1
R_2n3zbXjZfaZ2zGK,2,11,3,2,0,0,0,0,0,NA,3,6,NA,NA,4,Posuere ut porta! Suspendisse augue. Felis. Commodo auctor? Suspendisse vitae.,NA,NA,2026-07-30T20:30:15Z,1
R_2n3zbXjZfaZ2zGK,2,12,1,2,0,1,1,3,11,NA,3,6,NA,NA,4,Posuere ut porta! Suspendisse augue. Felis. Commodo auctor? Suspendisse vitae.,NA,NA,2026-07-30T20:30:15Z,1
R_2n3zbXjZfaZ2zGK,2,12,2,2,1,3,3,2,113,NA,3,6,NA,NA,4,Posuere ut porta! Suspendisse augue. Felis. Commodo auctor? Suspendisse vitae.,NA,NA,2026-07-30T20:30:15Z,1
R_2n3zbXjZfaZ2zGK,2,12,3,2,0,0,0,0,0,NA,3,6,NA,NA,4,Posuere ut porta! Suspendisse augue. Felis. Commodo auctor? Suspendisse vitae.,NA,NA,2026-07-30T20:30:15Z,1
R_2n3zbXjZfaZ2zGK,2,13,1,3,0,3,1,2,22,NA,3,6,NA,NA,4,Posuere ut porta! Suspendisse augue. Felis. Commodo auctor? Suspendisse vitae.,NA,NA,2026-07-30T20:30:15Z,1
R_2n3zbXjZfaZ2zGK,2,13,2,3,0,1,2,1,84,NA,3,6,NA,NA,4,Posuere ut porta! Suspendisse augue. Felis. Commodo auctor? Suspendisse vitae.,NA,NA,2026-07-30T20:30:15Z,1
R_2n3zbXjZfaZ2zGK,2,13,3,3,1,0,0,0,0,NA,3,6,NA,NA,4,Posuere ut porta! Suspendisse augue. Felis. Commodo auctor? Suspendisse vitae.,NA,NA,2026-07-30T20:30:15Z,1
R_2n3zbXjZfaZ2zGK,2,14,1,2,0,3,3,1,22,NA,3,6,NA,NA,4,Posuere ut porta! Suspendisse augue. Felis. Commodo auctor? Suspendisse vitae.,NA,NA,2026-07-30T20:30:15Z,1
R_2n3zbXjZfaZ2zGK,2,14,2,2,1,1,2,3,84,NA,3,6,NA,NA,4,Posuere ut porta! Suspendisse augue. Felis. Commodo auctor? Suspendisse vitae.,NA,NA,2026-07-30T20:30:15Z,1
R_2n3zbXjZfaZ2zGK,2,14,3,2,0,0,0,0,0,NA,3,6,NA,NA,4,Posuere ut porta! Suspendisse augue. Felis. Commodo auctor? Suspendisse vitae.,NA,NA,2026-07-30T20:30:15Z,1
R_2n3zbXjZfaZ2zGK,2,15,1,3,0,3,1,3,113,NA,3,6,NA,NA,4,Posuere ut porta! Suspendisse augue. Felis. Commodo auctor? Suspendisse vitae.,NA,NA,2026-07-30T20:30:15Z,1
R_2n3zbXjZfaZ2zGK,2,15,2,3,0,2,3,2,11,NA,3,6,NA,NA,4,Posuere ut porta! Suspendisse augue. Felis. Commodo auctor? Suspendisse vitae.,NA,NA,2026-07-30T20:30:15Z,1
R_2n3zbXjZfaZ2zGK,2,15,3,3,1,0,0,0,0,NA,3,6,NA,NA,4,Posuere ut porta! Suspendisse augue. Felis. Commodo auctor? Suspendisse vitae.,NA,NA,2026-07-30T20:30:15Z,1
R_2n3zbXjZfaZ2zGK,2,16,1,1,1,2,1,1,84,NA,3,6,NA,NA,4,Posuere ut porta! Suspendisse augue. Felis. Commodo auctor? Suspendisse vitae.,NA,NA,2026-07-30T20:30:15Z,1
R_2n3zbXjZfaZ2zGK,2,16,2,1,0,1,3,2,22,NA,3,6,NA,NA,4,Posuere ut porta! Suspendisse augue. Felis. Commodo auctor? Suspendisse vitae.,NA,NA,2026-07-30T20:30:15Z,1
R_2n3zbXjZfaZ2zGK,2,16,3,1,0,0,0,0,0,NA,3,6,NA,NA,4,Posuere ut porta! Suspendisse augue. Felis. Commodo auctor? Suspendisse vitae.,NA,NA,2026-07-30T20:30:15Z,1
R_2n3zbXjZfaZ2zGK,2,9,1,2,0,1,3,1,113,NA,3,6,NA,NA,4,Posuere ut porta! Suspendisse augue. Felis. Commodo auctor? Suspendisse vitae.,NA,NA,2026-07-30T20:30:15Z,1
R_2n3zbXjZfaZ2zGK,2,9,2,2,1,2,2,3,11,NA,3,6,NA,NA,4,Posuere ut porta! Suspendisse augue. Felis. Commodo auctor? Suspendisse vitae.,NA,NA,2026-07-30T20:30:15Z,1
R_2n3zbXjZfaZ2zGK,2,9,3,2,0,0,0,0,0,NA,3,6,NA,NA,4,Posuere ut porta! Suspendisse augue. Felis. Commodo auctor? Suspendisse vitae.,NA,NA,2026-07-30T20:30:15Z,1
R_2o8c3Z17wvTo8Ki,2,10,1,1,1,2,3,3,113,NA,1,5,NA,NA,4,At imperdiet potenti maecenas montes sodales eros lorem integer! Non consequat.,NA,NA,2026-07-15T13:31:09Z,1
R_2o8c3Z17wvTo8Ki,2,10,2,1,0,3,1,1,11,NA,1,5,NA,NA,4,At imperdiet potenti maecenas montes sodales eros lorem integer! Non consequat.,NA,NA,2026-07-15T13:31:09Z,1
R_2o8c3Z17wvTo8Ki,2,10,3,1,0,0,0,0,0,NA,1,5,NA,NA,4,At imperdiet potenti maecenas montes sodales eros lorem integer! Non consequat.,NA,NA,2026-07-15T13:31:09Z,1
R_2o8c3Z17wvTo8Ki,2,11,1,1,1,2,3,1,11,NA,1,5,NA,NA,4,At imperdiet potenti maecenas montes sodales eros lorem integer! Non consequat.,NA,NA,2026-07-15T13:31:09Z,1
R_2o8c3Z17wvTo8Ki,2,11,2,1,0,3,1,3,113,NA,1,5,NA,NA,4,At imperdiet potenti maecenas montes sodales eros lorem integer! Non consequat.,NA,NA,2026-07-15T13:31:09Z,1
R_2o8c3Z17wvTo8Ki,2,11,3,1,0,0,0,0,0,NA,1,5,NA,NA,4,At imperdiet potenti maecenas montes sodales eros lorem integer! Non consequat.,NA,NA,2026-07-15T13:31:09Z,1
R_2o8c3Z17wvTo8Ki,2,12,1,1,1,1,1,3,11,NA,1,5,NA,NA,4,At imperdiet potenti maecenas montes sodales eros lorem integer! Non consequat.,NA,NA,2026-07-15T13:31:09Z,1
R_2o8c3Z17wvTo8Ki,2,12,2,1,0,3,3,2,113,NA,1,5,NA,NA,4,At imperdiet potenti maecenas montes sodales eros lorem integer! Non consequat.,NA,NA,2026-07-15T13:31:09Z,1
R_2o8c3Z17wvTo8Ki,2,12,3,1,0,0,0,0,0,NA,1,5,NA,NA,4,At imperdiet potenti maecenas montes sodales eros lorem integer! Non consequat.,NA,NA,2026-07-15T13:31:09Z,1
R_2o8c3Z17wvTo8Ki,2,13,1,1,1,3,1,2,22,NA,1,5,NA,NA,4,At imperdiet potenti maecenas montes sodales eros lorem integer! Non consequat.,NA,NA,2026-07-15T13:31:09Z,1
R_2o8c3Z17wvTo8Ki,2,13,2,1,0,1,2,1,84,NA,1,5,NA,NA,4,At imperdiet potenti maecenas montes sodales eros lorem integer! Non consequat.,NA,NA,2026-07-15T13:31:09Z,1
R_2o8c3Z17wvTo8Ki,2,13,3,1,0,0,0,0,0,NA,1,5,NA,NA,4,At imperdiet potenti maecenas montes sodales eros lorem integer! Non consequat.,NA,NA,2026-07-15T13:31:09Z,1
R_2o8c3Z17wvTo8Ki,2,14,1,1,1,3,3,1,22,NA,1,5,NA,NA,4,At imperdiet potenti maecenas montes sodales eros lorem integer! Non consequat.,NA,NA,2026-07-15T13:31:09Z,1
R_2o8c3Z17wvTo8Ki,2,14,2,1,0,1,2,3,84,NA,1,5,NA,NA,4,At imperdiet potenti maecenas montes sodales eros lorem integer! Non consequat.,NA,NA,2026-07-15T13:31:09Z,1
R_2o8c3Z17wvTo8Ki,2,14,3,1,0,0,0,0,0,NA,1,5,NA,NA,4,At imperdiet potenti maecenas montes sodales eros lorem integer! Non consequat.,NA,NA,2026-07-15T13:31:09Z,1
R_2o8c3Z17wvTo8Ki,2,15,1,2,0,3,1,3,113,NA,1,5,NA,NA,4,At imperdiet potenti maecenas montes sodales eros lorem integer! Non consequat.,NA,NA,2026-07-15T13:31:09Z,1
R_2o8c3Z17wvTo8Ki,2,15,2,2,1,2,3,2,11,NA,1,5,NA,NA,4,At imperdiet potenti maecenas montes sodales eros lorem integer! Non consequat.,NA,NA,2026-07-15T13:31:09Z,1
R_2o8c3Z17wvTo8Ki,2,15,3,2,0,0,0,0,0,NA,1,5,NA,NA,4,At imperdiet potenti maecenas montes sodales eros lorem integer! Non consequat.,NA,NA,2026-07-15T13:31:09Z,1
R_2o8c3Z17wvTo8Ki,2,16,1,1,1,2,1,1,84,NA,1,5,NA,NA,4,At imperdiet potenti maecenas montes sodales eros lorem integer! Non consequat.,NA,NA,2026-07-15T13:31:09Z,1
R_2o8c3Z17wvTo8Ki,2,16,2,1,0,1,3,2,22,NA,1,5,NA,NA,4,At imperdiet potenti maecenas montes sodales eros lorem integer! Non consequat.,NA,NA,2026-07-15T13:31:09Z,1
R_2o8c3Z17wvTo8Ki,2,16,3,1,0,0,0,0,0,NA,1,5,NA,NA,4,At imperdiet potenti maecenas montes sodales eros lorem integer! Non consequat.,NA,NA,2026-07-15T13:31:09Z,1
R_2o8c3Z17wvTo8Ki,2,9,1,2,0,1,3,1,113,NA,1,5,NA,NA,4,At imperdiet potenti maecenas montes sodales eros lorem integer! Non consequat.,NA,NA,2026-07-15T13:31:09Z,1
R_2o8c3Z17wvTo8Ki,2,9,2,2,1,2,2,3,11,NA,1,5,NA,NA,4,At imperdiet potenti maecenas montes sodales eros lorem integer! Non consequat.,NA,NA,2026-07-15T13:31:09Z,1
R_2o8c3Z17wvTo8Ki,2,9,3,2,0,0,0,0,0,NA,1,5,NA,NA,4,At imperdiet potenti maecenas montes sodales eros lorem integer! Non consequat.,NA,NA,2026-07-15T13:31:09Z,1
R_2tLxmfSFF9MGHUq,2,10,1,3,0,2,3,3,113,NA,3,5,NA,NA,3,NA,NA,NA,2026-06-23T11:57:24Z,1
R_2tLxmfSFF9MGHUq,2,10,2,3,0,3,1,1,11,NA,3,5,NA,NA,3,NA,NA,NA,2026-06-23T11:57:24Z,1
R_2tLxmfSFF9MGHUq,2,10,3,3,1,0,0,0,0,NA,3,5,NA,NA,3,NA,NA,NA,2026-06-23T11:57:24Z,1
R_2tLxmfSFF9MGHUq,2,11,1,2,0,2,3,1,11,NA,3,5,NA,NA,3,NA,NA,NA,2026-06-23T11:57:24Z,1
R_2tLxmfSFF9MGHUq,2,11,2,2,1,3,1,3,113,NA,3,5,NA,NA,3,NA,NA,NA,2026-06-23T11:57:24Z,1
R_2tLxmfSFF9MGHUq,2,11,3,2,0,0,0,0,0,NA,3,5,NA,NA,3,NA,NA,NA,2026-06-23T11:57:24Z,1
R_2tLxmfSFF9MGHUq,2,12,1,3,0,1,1,3,11,NA,3,5,NA,NA,3,NA,NA,NA,2026-06-23T11:57:24Z,1
R_2tLxmfSFF9MGHUq,2,12,2,3,0,3,3,2,113,NA,3,5,NA,NA,3,NA,NA,NA,2026-06-23T11:57:24Z,1
R_2tLxmfSFF9MGHUq,2,12,3,3,1,0,0,0,0,NA,3,5,NA,NA,3,NA,NA,NA,2026-06-23T11:57:24Z,1
R_2tLxmfSFF9MGHUq,2,13,1,1,1,3,1,2,22,NA,3,5,NA,NA,3,NA,NA,NA,2026-06-23T11:57:24Z,1
R_2tLxmfSFF9MGHUq,2,13,2,1,0,1,2,1,84,NA,3,5,NA,NA,3,NA,NA,NA,2026-06-23T11:57:24Z,1
R_2tLxmfSFF9MGHUq,2,13,3,1,0,0,0,0,0,NA,3,5,NA,NA,3,NA,NA,NA,2026-06-23T11:57:24Z,1
R_2tLxmfSFF9MGHUq,2,14,1,1,1,3,3,1,22,NA,3,5,NA,NA,3,NA,NA,NA,2026-06-23T11:57:24Z,1
R_2tLxmfSFF9MGHUq,2,14,2,1,0,1,2,3,84,NA,3,5,NA,NA,3,NA,NA,NA,2026-06-23T11:57:24Z,1
R_2tLxmfSFF9MGHUq,2,14,3,1,0,0,0,0,0,NA,3,5,NA,NA,3,NA,NA,NA,2026-06-23T11:57:24Z,1
R_2tLxmfSFF9MGHUq,2,15,1,2,0,3,1,3,113,NA,3,5,NA,NA,3,NA,NA,NA,2026-06-23T11:57:24Z,1
R_2tLxmfSFF9MGHUq,2,15,2,2,1,2,3,2,11,NA,3,5,NA,NA,3,NA,NA,NA,2026-06-23T11:57:24Z,1
R_2tLxmfSFF9MGHUq,2,15,3,2,0,0,0,0,0,NA,3,5,NA,NA,3,NA,NA,NA,2026-06-23T11:57:24Z,1
R_2tLxmfSFF9MGHUq,2,16,1,1,1,2,1,1,84,NA,3,5,NA,NA,3,NA,NA,NA,2026-06-23T11:57:24Z,1
R_2tLxmfSFF9MGHUq,2,16,2,1,0,1,3,2,22,NA,3,5,NA,NA,3,NA,NA,NA,2026-06-23T11:57:24Z,1
R_2tLxmfSFF9MGHUq,2,16,3,1,0,0,0,0,0,NA,3,5,NA,NA,3,NA,NA,NA,2026-06-23T11:57:24Z,1
R_2tLxmfSFF9MGHUq,2,9,1,1,1,1,3,1,113,NA,3,5,NA,NA,3,NA,NA,NA,2026-06-23T11:57:24Z,1
R_2tLxmfSFF9MGHUq,2,9,2,1,0,2,2,3,11,NA,3,5,NA,NA,3,NA,NA,NA,2026-06-23T11:57:24Z,1
R_2tLxmfSFF9MGHUq,2,9,3,1,0,0,0,0,0,NA,3,5,NA,NA,3,NA,NA,NA,2026-06-23T11:57:24Z,1
R_38ARMGyKM1ciRnM,1,1,1,2,0,1,2,1,84,NA,2,5,NA,NA,3,NA,NA,NA,2026-07-30T20:30:14Z,1
R_38ARMGyKM1ciRnM,1,1,2,2,1,2,3,3,56,NA,2,5,NA,NA,3,NA,NA,NA,2026-07-30T20:30:14Z,1
R_38ARMGyKM1ciRnM,1,1,3,2,0,0,0,0,0,NA,2,5,NA,NA,3,NA,NA,NA,2026-07-30T20:30:14Z,1
R_38ARMGyKM1ciRnM,1,2,1,3,0,2,3,3,56,NA,2,5,NA,NA,3,NA,NA,NA,2026-07-30T20:30:14Z,1
R_38ARMGyKM1ciRnM,1,2,2,3,0,3,2,2,56,NA,2,5,NA,NA,3,NA,NA,NA,2026-07-30T20:30:14Z,1
R_38ARMGyKM1ciRnM,1,2,3,3,1,0,0,0,0,NA,2,5,NA,NA,3,NA,NA,NA,2026-07-30T20:30:14Z,1
R_38ARMGyKM1ciRnM,1,3,1,1,1,3,2,1,113,NA,2,5,NA,NA,3,NA,NA,NA,2026-07-30T20:30:14Z,1
R_38ARMGyKM1ciRnM,1,3,2,1,0,1,1,3,22,NA,2,5,NA,NA,3,NA,NA,NA,2026-07-30T20:30:14Z,1
R_38ARMGyKM1ciRnM,1,3,3,1,0,0,0,0,0,NA,2,5,NA,NA,3,NA,NA,NA,2026-07-30T20:30:14Z,1
R_38ARMGyKM1ciRnM,1,4,1,3,0,2,2,2,84,NA,2,5,NA,NA,3,NA,NA,NA,2026-07-30T20:30:14Z,1
R_38ARMGyKM1ciRnM,1,4,2,3,0,1,3,1,56,NA,2,5,NA,NA,3,NA,NA,NA,2026-07-30T20:30:14Z,1
R_38ARMGyKM1ciRnM,1,4,3,3,1,0,0,0,0,NA,2,5,NA,NA,3,NA,NA,NA,2026-07-30T20:30:14Z,1
R_38ARMGyKM1ciRnM,1,5,1,1,1,1,2,2,11,NA,2,5,NA,NA,3,NA,NA,NA,2026-07-30T20:30:14Z,1
R_38ARMGyKM1ciRnM,1,5,2,1,0,2,1,1,11,NA,2,5,NA,NA,3,NA,NA,NA,2026-07-30T20:30:14Z,1
R_38ARMGyKM1ciRnM,1,5,3,1,0,0,0,0,0,NA,2,5,NA,NA,3,NA,NA,NA,2026-07-30T20:30:14Z,1
R_38ARMGyKM1ciRnM,1,6,1,2,0,3,2,3,22,NA,2,5,NA,NA,3,NA,NA,NA,2026-07-30T20:30:14Z,1
R_38ARMGyKM1ciRnM,1,6,2,2,1,2,1,2,113,NA,2,5,NA,NA,3,NA,NA,NA,2026-07-30T20:30:14Z,1
R_38ARMGyKM1ciRnM,1,6,3,2,0,0,0,0,0,NA,2,5,NA,NA,3,NA,NA,NA,2026-07-30T20:30:14Z,1
R_38ARMGyKM1ciRnM,1,7,1,1,1,3,3,2,56,NA,2,5,NA,NA,3,NA,NA,NA,2026-07-30T20:30:14Z,1
R_38ARMGyKM1ciRnM,1,7,2,1,0,2,2,1,84,NA,2,5,NA,NA,3,NA,NA,NA,2026-07-30T20:30:14Z,1
R_38ARMGyKM1ciRnM,1,7,3,1,0,0,0,0,0,NA,2,5,NA,NA,3,NA,NA,NA,2026-07-30T20:30:14Z,1
R_38ARMGyKM1ciRnM,1,8,1,2,0,1,1,2,56,NA,2,5,NA,NA,3,NA,NA,NA,2026-07-30T20:30:14Z,1
R_38ARMGyKM1ciRnM,1,8,2,2,1,3,3,3,22,NA,2,5,NA,NA,3,NA,NA,NA,2026-07-30T20:30:14Z,1
R_38ARMGyKM1ciRnM,1,8,3,2,0,0,0,0,0,NA,2,5,NA,NA,3,NA,NA,NA,2026-07-30T20:30:14Z,1
R_3K3fv6kySF9XmSy,2,10,1,1,1,2,3,3,113,NA,2,6,NA,NA,4,Nibh wisi vulputate quis augue? Proin convallis suspendisse ac convallis atque vel.,NA,NA,2026-07-30T20:29:53Z,1
R_3K3fv6kySF9XmSy,2,10,2,1,0,3,1,1,11,NA,2,6,NA,NA,4,Nibh wisi vulputate quis augue? Proin convallis suspendisse ac convallis atque vel.,NA,NA,2026-07-30T20:29:53Z,1
R_3K3fv6kySF9XmSy,2,10,3,1,0,0,0,0,0,NA,2,6,NA,NA,4,Nibh wisi vulputate quis augue? Proin convallis suspendisse ac convallis atque vel.,NA,NA,2026-07-30T20:29:53Z,1
R_3K3fv6kySF9XmSy,2,11,1,3,0,2,3,1,11,NA,2,6,NA,NA,4,Nibh wisi vulputate quis augue? Proin convallis suspendisse ac convallis atque vel.,NA,NA,2026-07-30T20:29:53Z,1
R_3K3fv6kySF9XmSy,2,11,2,3,0,3,1,3,113,NA,2,6,NA,NA,4,Nibh wisi vulputate quis augue? Proin convallis suspendisse ac convallis atque vel.,NA,NA,2026-07-30T20:29:53Z,1
R_3K3fv6kySF9XmSy,2,11,3,3,1,0,0,0,0,NA,2,6,NA,NA,4,Nibh wisi vulputate quis augue? Proin convallis suspendisse ac convallis atque vel.,NA,NA,2026-07-30T20:29:53Z,1
R_3K3fv6kySF9XmSy,2,12,1,3,0,1,1,3,11,NA,2,6,NA,NA,4,Nibh wisi vulputate quis augue? Proin convallis suspendisse ac convallis atque vel.,NA,NA,2026-07-30T20:29:53Z,1
R_3K3fv6kySF9XmSy,2,12,2,3,0,3,3,2,113,NA,2,6,NA,NA,4,Nibh wisi vulputate quis augue? Proin convallis suspendisse ac convallis atque vel.,NA,NA,2026-07-30T20:29:53Z,1
R_3K3fv6kySF9XmSy,2,12,3,3,1,0,0,0,0,NA,2,6,NA,NA,4,Nibh wisi vulputate quis augue? Proin convallis suspendisse ac convallis atque vel.,NA,NA,2026-07-30T20:29:53Z,1
R_3K3fv6kySF9XmSy,2,13,1,2,0,3,1,2,22,NA,2,6,NA,NA,4,Nibh wisi vulputate quis augue? Proin convallis suspendisse ac convallis atque vel.,NA,NA,2026-07-30T20:29:53Z,1
R_3K3fv6kySF9XmSy,2,13,2,2,1,1,2,1,84,NA,2,6,NA,NA,4,Nibh wisi vulputate quis augue? Proin convallis suspendisse ac convallis atque vel.,NA,NA,2026-07-30T20:29:53Z,1
R_3K3fv6kySF9XmSy,2,13,3,2,0,0,0,0,0,NA,2,6,NA,NA,4,Nibh wisi vulputate quis augue? Proin convallis suspendisse ac convallis atque vel.,NA,NA,2026-07-30T20:29:53Z,1
R_3K3fv6kySF9XmSy,2,14,1,3,0,3,3,1,22,NA,2,6,NA,NA,4,Nibh wisi vulputate quis augue? Proin convallis suspendisse ac convallis atque vel.,NA,NA,2026-07-30T20:29:53Z,1
R_3K3fv6kySF9XmSy,2,14,2,3,0,1,2,3,84,NA,2,6,NA,NA,4,Nibh wisi vulputate quis augue? Proin convallis suspendisse ac convallis atque vel.,NA,NA,2026-07-30T20:29:53Z,1
R_3K3fv6kySF9XmSy,2,14,3,3,1,0,0,0,0,NA,2,6,NA,NA,4,Nibh wisi vulputate quis augue? Proin convallis suspendisse ac convallis atque vel.,NA,NA,2026-07-30T20:29:53Z,1
R_3K3fv6kySF9XmSy,2,15,1,3,0,3,1,3,113,NA,2,6,NA,NA,4,Nibh wisi vulputate quis augue? Proin convallis suspendisse ac convallis atque vel.,NA,NA,2026-07-30T20:29:53Z,1
R_3K3fv6kySF9XmSy,2,15,2,3,0,2,3,2,11,NA,2,6,NA,NA,4,Nibh wisi vulputate quis augue? Proin convallis suspendisse ac convallis atque vel.,NA,NA,2026-07-30T20:29:53Z,1
R_3K3fv6kySF9XmSy,2,15,3,3,1,0,0,0,0,NA,2,6,NA,NA,4,Nibh wisi vulputate quis augue? Proin convallis suspendisse ac convallis atque vel.,NA,NA,2026-07-30T20:29:53Z,1
R_3K3fv6kySF9XmSy,2,16,1,1,1,2,1,1,84,NA,2,6,NA,NA,4,Nibh wisi vulputate quis augue? Proin convallis suspendisse ac convallis atque vel.,NA,NA,2026-07-30T20:29:53Z,1
R_3K3fv6kySF9XmSy,2,16,2,1,0,1,3,2,22,NA,2,6,NA,NA,4,Nibh wisi vulputate quis augue? Proin convallis suspendisse ac convallis atque vel.,NA,NA,2026-07-30T20:29:53Z,1
R_3K3fv6kySF9XmSy,2,16,3,1,0,0,0,0,0,NA,2,6,NA,NA,4,Nibh wisi vulputate quis augue? Proin convallis suspendisse ac convallis atque vel.,NA,NA,2026-07-30T20:29:53Z,1
R_3K3fv6kySF9XmSy,2,9,1,1,1,1,3,1,113,NA,2,6,NA,NA,4,Nibh wisi vulputate quis augue? Proin convallis suspendisse ac convallis atque vel.,NA,NA,2026-07-30T20:29:53Z,1
R_3K3fv6kySF9XmSy,2,9,2,1,0,2,2,3,11,NA,2,6,NA,NA,4,Nibh wisi vulputate quis augue? Proin convallis suspendisse ac convallis atque vel.,NA,NA,2026-07-30T20:29:53Z,1
R_3K3fv6kySF9XmSy,2,9,3,1,0,0,0,0,0,NA,2,6,NA,NA,4,Nibh wisi vulputate quis augue? Proin convallis suspendisse ac convallis atque vel.,NA,NA,2026-07-30T20:29:53Z,1
R_3OBMcLqHJMtT1Z4,2,10,1,2,0,2,3,3,113,NA,1,6,NA,NA,1,NA,NA,NA,2026-07-30T20:30:05Z,1
R_3OBMcLqHJMtT1Z4,2,10,2,2,1,3,1,1,11,NA,1,6,NA,NA,1,NA,NA,NA,2026-07-30T20:30:05Z,1
R_3OBMcLqHJMtT1Z4,2,10,3,2,0,0,0,0,0,NA,1,6,NA,NA,1,NA,NA,NA,2026-07-30T20:30:05Z,1
R_3OBMcLqHJMtT1Z4,2,11,1,3,0,2,3,1,11,NA,1,6,NA,NA,1,NA,NA,NA,2026-07-30T20:30:05Z,1
R_3OBMcLqHJMtT1Z4,2,11,2,3,0,3,1,3,113,NA,1,6,NA,NA,1,NA,NA,NA,2026-07-30T20:30:05Z,1
R_3OBMcLqHJMtT1Z4,2,11,3,3,1,0,0,0,0,NA,1,6,NA,NA,1,NA,NA,NA,2026-07-30T20:30:05Z,1
R_3OBMcLqHJMtT1Z4,2,12,1,1,1,1,1,3,11,NA,1,6,NA,NA,1,NA,NA,NA,2026-07-30T20:30:05Z,1
R_3OBMcLqHJMtT1Z4,2,12,2,1,0,3,3,2,113,NA,1,6,NA,NA,1,NA,NA,NA,2026-07-30T20:30:05Z,1
R_3OBMcLqHJMtT1Z4,2,12,3,1,0,0,0,0,0,NA,1,6,NA,NA,1,NA,NA,NA,2026-07-30T20:30:05Z,1
R_3OBMcLqHJMtT1Z4,2,13,1,2,0,3,1,2,22,NA,1,6,NA,NA,1,NA,NA,NA,2026-07-30T20:30:05Z,1
R_3OBMcLqHJMtT1Z4,2,13,2,2,1,1,2,1,84,NA,1,6,NA,NA,1,NA,NA,NA,2026-07-30T20:30:05Z,1
R_3OBMcLqHJMtT1Z4,2,13,3,2,0,0,0,0,0,NA,1,6,NA,NA,1,NA,NA,NA,2026-07-30T20:30:05Z,1
R_3OBMcLqHJMtT1Z4,2,14,1,2,0,3,3,1,22,NA,1,6,NA,NA,1,NA,NA,NA,2026-07-30T20:30:05Z,1
R_3OBMcLqHJMtT1Z4,2,14,2,2,1,1,2,3,84,NA,1,6,NA,NA,1,NA,NA,NA,2026-07-30T20:30:05Z,1
R_3OBMcLqHJMtT1Z4,2,14,3,2,0,0,0,0,0,NA,1,6,NA,NA,1,NA,NA,NA,2026-07-30T20:30:05Z,1
R_3OBMcLqHJMtT1Z4,2,15,1,3,0,3,1,3,113,NA,1,6,NA,NA,1,NA,NA,NA,2026-07-30T20:30:05Z,1
R_3OBMcLqHJMtT1Z4,2,15,2,3,0,2,3,2,11,NA,1,6,NA,NA,1,NA,NA,NA,2026-07-30T20:30:05Z,1
R_3OBMcLqHJMtT1Z4,2,15,3,3,1,0,0,0,0,NA,1,6,NA,NA,1,NA,NA,NA,2026-07-30T20:30:05Z,1
R_3OBMcLqHJMtT1Z4,2,16,1,3,0,2,1,1,84,NA,1,6,NA,NA,1,NA,NA,NA,2026-07-30T20:30:05Z,1
R_3OBMcLqHJMtT1Z4,2,16,2,3,0,1,3,2,22,NA,1,6,NA,NA,1,NA,NA,NA,2026-07-30T20:30:05Z,1
R_3OBMcLqHJMtT1Z4,2,16,3,3,1,0,0,0,0,NA,1,6,NA,NA,1,NA,NA,NA,2026-07-30T20:30:05Z,1
R_3OBMcLqHJMtT1Z4,2,9,1,3,0,1,3,1,113,NA,1,6,NA,NA,1,NA,NA,NA,2026-07-30T20:30:05Z,1
R_3OBMcLqHJMtT1Z4,2,9,2,3,0,2,2,3,11,NA,1,6,NA,NA,1,NA,NA,NA,2026-07-30T20:30:05Z,1
R_3OBMcLqHJMtT1Z4,2,9,3,3,1,0,0,0,0,NA,1,6,NA,NA,1,NA,NA,NA,2026-07-30T20:30:05Z,1
R_3QKX6iXx8H2RJm6,1,1,1,2,0,1,2,1,84,NA,3,6,NA,NA,2,NA,NA,NA,2026-07-15T13:30:56Z,1
R_3QKX6iXx8H2RJm6,1,1,2,2,1,2,3,3,56,NA,3,6,NA,NA,2,NA,NA,NA,2026-07-15T13:30:56Z,1
R_3QKX6iXx8H2RJm6,1,1,3,2,0,0,0,0,0,NA,3,6,NA,NA,2,NA,NA,NA,2026-07-15T13:30:56Z,1
R_3QKX6iXx8H2RJm6,1,2,1,2,0,2,3,3,56,NA,3,6,NA,NA,2,NA,NA,NA,2026-07-15T13:30:56Z,1
R_3QKX6iXx8H2RJm6,1,2,2,2,1,3,2,2,56,NA,3,6,NA,NA,2,NA,NA,NA,2026-07-15T13:30:56Z,1
R_3QKX6iXx8H2RJm6,1,2,3,2,0,0,0,0,0,NA,3,6,NA,NA,2,NA,NA,NA,2026-07-15T13:30:56Z,1
R_3QKX6iXx8H2RJm6,1,3,1,1,1,3,2,1,113,NA,3,6,NA,NA,2,NA,NA,NA,2026-07-15T13:30:56Z,1
R_3QKX6iXx8H2RJm6,1,3,2,1,0,1,1,3,22,NA,3,6,NA,NA,2,NA,NA,NA,2026-07-15T13:30:56Z,1
R_3QKX6iXx8H2RJm6,1,3,3,1,0,0,0,0,0,NA,3,6,NA,NA,2,NA,NA,NA,2026-07-15T13:30:56Z,1
R_3QKX6iXx8H2RJm6,1,4,1,1,1,2,2,2,84,NA,3,6,NA,NA,2,NA,NA,NA,2026-07-15T13:30:56Z,1
R_3QKX6iXx8H2RJm6,1,4,2,1,0,1,3,1,56,NA,3,6,NA,NA,2,NA,NA,NA,2026-07-15T13:30:56Z,1
R_3QKX6iXx8H2RJm6,1,4,3,1,0,0,0,0,0,NA,3,6,NA,NA,2,NA,NA,NA,2026-07-15T13:30:56Z,1
R_3QKX6iXx8H2RJm6,1,5,1,2,0,1,2,2,11,NA,3,6,NA,NA,2,NA,NA,NA,2026-07-15T13:30:56Z,1
R_3QKX6iXx8H2RJm6,1,5,2,2,1,2,1,1,11,NA,3,6,NA,NA,2,NA,NA,NA,2026-07-15T13:30:56Z,1
R_3QKX6iXx8H2RJm6,1,5,3,2,0,0,0,0,0,NA,3,6,NA,NA,2,NA,NA,NA,2026-07-15T13:30:56Z,1
R_3QKX6iXx8H2RJm6,1,6,1,1,1,3,2,3,22,NA,3,6,NA,NA,2,NA,NA,NA,2026-07-15T13:30:56Z,1
R_3QKX6iXx8H2RJm6,1,6,2,1,0,2,1,2,113,NA,3,6,NA,NA,2,NA,NA,NA,2026-07-15T13:30:56Z,1
R_3QKX6iXx8H2RJm6,1,6,3,1,0,0,0,0,0,NA,3,6,NA,NA,2,NA,NA,NA,2026-07-15T13:30:56Z,1
R_3QKX6iXx8H2RJm6,1,7,1,3,0,3,3,2,56,NA,3,6,NA,NA,2,NA,NA,NA,2026-07-15T13:30:56Z,1
R_3QKX6iXx8H2RJm6,1,7,2,3,0,2,2,1,84,NA,3,6,NA,NA,2,NA,NA,NA,2026-07-15T13:30:56Z,1
R_3QKX6iXx8H2RJm6,1,7,3,3,1,0,0,0,0,NA,3,6,NA,NA,2,NA,NA,NA,2026-07-15T13:30:56Z,1
R_3QKX6iXx8H2RJm6,1,8,1,1,1,1,1,2,56,NA,3,6,NA,NA,2,NA,NA,NA,2026-07-15T13:30:56Z,1
R_3QKX6iXx8H2RJm6,1,8,2,1,0,3,3,3,22,NA,3,6,NA,NA,2,NA,NA,NA,2026-07-15T13:30:56Z,1
R_3QKX6iXx8H2RJm6,1,8,3,1,0,0,0,0,0,NA,3,6,NA,NA,2,NA,NA,NA,2026-07-15T13:30:56Z,1
R_3ZS3HuDzhJEvBPg,1,1,1,2,0,1,2,1,84,NA,2,1,NA,NA,4,Sapien. A? Suscipit maecenas lorem rutrum tempus et wisi elit.,NA,NA,2026-07-30T20:29:56Z,1
R_3ZS3HuDzhJEvBPg,1,1,2,2,1,2,3,3,56,NA,2,1,NA,NA,4,Sapien. A? Suscipit maecenas lorem rutrum tempus et wisi elit.,NA,NA,2026-07-30T20:29:56Z,1
R_3ZS3HuDzhJEvBPg,1,1,3,2,0,0,0,0,0,NA,2,1,NA,NA,4,Sapien. A? Suscipit maecenas lorem rutrum tempus et wisi elit.,NA,NA,2026-07-30T20:29:56Z,1
R_3ZS3HuDzhJEvBPg,1,2,1,1,1,2,3,3,56,NA,2,1,NA,NA,4,Sapien. A? Suscipit maecenas lorem rutrum tempus et wisi elit.,NA,NA,2026-07-30T20:29:56Z,1
R_3ZS3HuDzhJEvBPg,1,2,2,1,0,3,2,2,56,NA,2,1,NA,NA,4,Sapien. A? Suscipit maecenas lorem rutrum tempus et wisi elit.,NA,NA,2026-07-30T20:29:56Z,1
R_3ZS3HuDzhJEvBPg,1,2,3,1,0,0,0,0,0,NA,2,1,NA,NA,4,Sapien. A? Suscipit maecenas lorem rutrum tempus et wisi elit.,NA,NA,2026-07-30T20:29:56Z,1
R_3ZS3HuDzhJEvBPg,1,3,1,1,1,3,2,1,113,NA,2,1,NA,NA,4,Sapien. A? Suscipit maecenas lorem rutrum tempus et wisi elit.,NA,NA,2026-07-30T20:29:56Z,1
R_3ZS3HuDzhJEvBPg,1,3,2,1,0,1,1,3,22,NA,2,1,NA,NA,4,Sapien. A? Suscipit maecenas lorem rutrum tempus et wisi elit.,NA,NA,2026-07-30T20:29:56Z,1
R_3ZS3HuDzhJEvBPg,1,3,3,1,0,0,0,0,0,NA,2,1,NA,NA,4,Sapien. A? Suscipit maecenas lorem rutrum tempus et wisi elit.,NA,NA,2026-07-30T20:29:56Z,1
R_3ZS3HuDzhJEvBPg,1,4,1,3,0,2,2,2,84,NA,2,1,NA,NA,4,Sapien. A? Suscipit maecenas lorem rutrum tempus et wisi elit.,NA,NA,2026-07-30T20:29:56Z,1
R_3ZS3HuDzhJEvBPg,1,4,2,3,0,1,3,1,56,NA,2,1,NA,NA,4,Sapien. A? Suscipit maecenas lorem rutrum tempus et wisi elit.,NA,NA,2026-07-30T20:29:56Z,1
R_3ZS3HuDzhJEvBPg,1,4,3,3,1,0,0,0,0,NA,2,1,NA,NA,4,Sapien. A? Suscipit maecenas lorem rutrum tempus et wisi elit.,NA,NA,2026-07-30T20:29:56Z,1
R_3ZS3HuDzhJEvBPg,1,5,1,3,0,1,2,2,11,NA,2,1,NA,NA,4,Sapien. A? Suscipit maecenas lorem rutrum tempus et wisi elit.,NA,NA,2026-07-30T20:29:56Z,1
R_3ZS3HuDzhJEvBPg,1,5,2,3,0,2,1,1,11,NA,2,1,NA,NA,4,Sapien. A? Suscipit maecenas lorem rutrum tempus et wisi elit.,NA,NA,2026-07-30T20:29:56Z,1
R_3ZS3HuDzhJEvBPg,1,5,3,3,1,0,0,0,0,NA,2,1,NA,NA,4,Sapien. A? Suscipit maecenas lorem rutrum tempus et wisi elit.,NA,NA,2026-07-30T20:29:56Z,1
R_3ZS3HuDzhJEvBPg,1,6,1,3,0,3,2,3,22,NA,2,1,NA,NA,4,Sapien. A? Suscipit maecenas lorem rutrum tempus et wisi elit.,NA,NA,2026-07-30T20:29:56Z,1
R_3ZS3HuDzhJEvBPg,1,6,2,3,0,2,1,2,113,NA,2,1,NA,NA,4,Sapien. A? Suscipit maecenas lorem rutrum tempus et wisi elit.,NA,NA,2026-07-30T20:29:56Z,1
R_3ZS3HuDzhJEvBPg,1,6,3,3,1,0,0,0,0,NA,2,1,NA,NA,4,Sapien. A? Suscipit maecenas lorem rutrum tempus et wisi elit.,NA,NA,2026-07-30T20:29:56Z,1
R_3ZS3HuDzhJEvBPg,1,7,1,3,0,3,3,2,56,NA,2,1,NA,NA,4,Sapien. A? Suscipit maecenas lorem rutrum tempus et wisi elit.,NA,NA,2026-07-30T20:29:56Z,1
R_3ZS3HuDzhJEvBPg,1,7,2,3,0,2,2,1,84,NA,2,1,NA,NA,4,Sapien. A? Suscipit maecenas lorem rutrum tempus et wisi elit.,NA,NA,2026-07-30T20:29:56Z,1
R_3ZS3HuDzhJEvBPg,1,7,3,3,1,0,0,0,0,NA,2,1,NA,NA,4,Sapien. A? Suscipit maecenas lorem rutrum tempus et wisi elit.,NA,NA,2026-07-30T20:29:56Z,1
R_3ZS3HuDzhJEvBPg,1,8,1,1,1,1,1,2,56,NA,2,1,NA,NA,4,Sapien. A? Suscipit maecenas lorem rutrum tempus et wisi elit.,NA,NA,2026-07-30T20:29:56Z,1
R_3ZS3HuDzhJEvBPg,1,8,2,1,0,3,3,3,22,NA,2,1,NA,NA,4,Sapien. A? Suscipit maecenas lorem rutrum tempus et wisi elit.,NA,NA,2026-07-30T20:29:56Z,1
R_3ZS3HuDzhJEvBPg,1,8,3,1,0,0,0,0,0,NA,2,1,NA,NA,4,Sapien. A? Suscipit maecenas lorem rutrum tempus et wisi elit.,NA,NA,2026-07-30T20:29:56Z,1
R_3g90K6NL72TfFxc,1,1,1,5,0,1,2,1,84,NA,1,4,NA,NA,3,NA,NA,NA,2026-07-30T20:29:53Z,1
R_3g90K6NL72TfFxc,1,1,2,5,0,2,3,3,56,NA,1,4,NA,NA,3,NA,NA,NA,2026-07-30T20:29:53Z,1
R_3g90K6NL72TfFxc,1,1,3,5,0,0,0,0,0,NA,1,4,NA,NA,3,NA,NA,NA,2026-07-30T20:29:53Z,1
R_3g90K6NL72TfFxc,1,2,1,2,0,2,3,3,56,NA,1,4,NA,NA,3,NA,NA,NA,2026-07-30T20:29:53Z,1
R_3g90K6NL72TfFxc,1,2,2,2,1,3,2,2,56,NA,1,4,NA,NA,3,NA,NA,NA,2026-07-30T20:29:53Z,1
R_3g90K6NL72TfFxc,1,2,3,2,0,0,0,0,0,NA,1,4,NA,NA,3,NA,NA,NA,2026-07-30T20:29:53Z,1
R_3g90K6NL72TfFxc,1,3,1,2,0,3,2,1,113,NA,1,4,NA,NA,3,NA,NA,NA,2026-07-30T20:29:53Z,1
R_3g90K6NL72TfFxc,1,3,2,2,1,1,1,3,22,NA,1,4,NA,NA,3,NA,NA,NA,2026-07-30T20:29:53Z,1
R_3g90K6NL72TfFxc,1,3,3,2,0,0,0,0,0,NA,1,4,NA,NA,3,NA,NA,NA,2026-07-30T20:29:53Z,1
R_3g90K6NL72TfFxc,1,4,1,1,1,2,2,2,84,NA,1,4,NA,NA,3,NA,NA,NA,2026-07-30T20:29:53Z,1
R_3g90K6NL72TfFxc,1,4,2,1,0,1,3,1,56,NA,1,4,NA,NA,3,NA,NA,NA,2026-07-30T20:29:53Z,1
R_3g90K6NL72TfFxc,1,4,3,1,0,0,0,0,0,NA,1,4,NA,NA,3,NA,NA,NA,2026-07-30T20:29:53Z,1
R_3g90K6NL72TfFxc,1,5,1,2,0,1,2,2,11,NA,1,4,NA,NA,3,NA,NA,NA,2026-07-30T20:29:53Z,1
R_3g90K6NL72TfFxc,1,5,2,2,1,2,1,1,11,NA,1,4,NA,NA,3,NA,NA,NA,2026-07-30T20:29:53Z,1
R_3g90K6NL72TfFxc,1,5,3,2,0,0,0,0,0,NA,1,4,NA,NA,3,NA,NA,NA,2026-07-30T20:29:53Z,1
R_3g90K6NL72TfFxc,1,6,1,3,0,3,2,3,22,NA,1,4,NA,NA,3,NA,NA,NA,2026-07-30T20:29:53Z,1
R_3g90K6NL72TfFxc,1,6,2,3,0,2,1,2,113,NA,1,4,NA,NA,3,NA,NA,NA,2026-07-30T20:29:53Z,1
R_3g90K6NL72TfFxc,1,6,3,3,1,0,0,0,0,NA,1,4,NA,NA,3,NA,NA,NA,2026-07-30T20:29:53Z,1
R_3g90K6NL72TfFxc,1,7,1,3,0,3,3,2,56,NA,1,4,NA,NA,3,NA,NA,NA,2026-07-30T20:29:53Z,1
R_3g90K6NL72TfFxc,1,7,2,3,0,2,2,1,84,NA,1,4,NA,NA,3,NA,NA,NA,2026-07-30T20:29:53Z,1
R_3g90K6NL72TfFxc,1,7,3,3,1,0,0,0,0,NA,1,4,NA,NA,3,NA,NA,NA,2026-07-30T20:29:53Z,1
R_3g90K6NL72TfFxc,1,8,1,2,0,1,1,2,56,NA,1,4,NA,NA,3,NA,NA,NA,2026-07-30T20:29:53Z,1
R_3g90K6NL72TfFxc,1,8,2,2,1,3,3,3,22,NA,1,4,NA,NA,3,NA,NA,NA,2026-07-30T20:29:53Z,1
R_3g90K6NL72TfFxc,1,8,3,2,0,0,0,0,0,NA,1,4,NA,NA,3,NA,NA,NA,2026-07-30T20:29:53Z,1
R_3l9cGhuusZuE7PM,1,1,1,6,0,1,2,1,84,NA,1,7,"Nunc nonummy! Elit nulla, potenti sodales fermentum id mattis consectetuer purus wisi vehicula.",6,4,Commodo ut tempor tempora risus at! Accusamus dui tempora posuere.,NA,NA,2026-07-30T22:53:44Z,1
R_3l9cGhuusZuE7PM,1,1,2,6,0,2,3,3,56,NA,1,7,"Nunc nonummy! Elit nulla, potenti sodales fermentum id mattis consectetuer purus wisi vehicula.",6,4,Commodo ut tempor tempora risus at! Accusamus dui tempora posuere.,NA,NA,2026-07-30T22:53:44Z,1
R_3l9cGhuusZuE7PM,1,1,3,6,0,0,0,0,0,NA,1,7,"Nunc nonummy! Elit nulla, potenti sodales fermentum id mattis consectetuer purus wisi vehicula.",6,4,Commodo ut tempor tempora risus at! Accusamus dui tempora posuere.,NA,NA,2026-07-30T22:53:44Z,1
R_3l9cGhuusZuE7PM,1,2,1,2,0,2,3,3,56,NA,1,7,"Nunc nonummy! Elit nulla, potenti sodales fermentum id mattis consectetuer purus wisi vehicula.",6,4,Commodo ut tempor tempora risus at! Accusamus dui tempora posuere.,NA,NA,2026-07-30T22:53:44Z,1
R_3l9cGhuusZuE7PM,1,2,2,2,1,3,2,2,56,NA,1,7,"Nunc nonummy! Elit nulla, potenti sodales fermentum id mattis consectetuer purus wisi vehicula.",6,4,Commodo ut tempor tempora risus at! Accusamus dui tempora posuere.,NA,NA,2026-07-30T22:53:44Z,1
R_3l9cGhuusZuE7PM,1,2,3,2,0,0,0,0,0,NA,1,7,"Nunc nonummy! Elit nulla, potenti sodales fermentum id mattis consectetuer purus wisi vehicula.",6,4,Commodo ut tempor tempora risus at! Accusamus dui tempora posuere.,NA,NA,2026-07-30T22:53:44Z,1
R_3l9cGhuusZuE7PM,1,3,1,3,0,3,2,1,113,NA,1,7,"Nunc nonummy! Elit nulla, potenti sodales fermentum id mattis consectetuer purus wisi vehicula.",6,4,Commodo ut tempor tempora risus at! Accusamus dui tempora posuere.,NA,NA,2026-07-30T22:53:44Z,1
R_3l9cGhuusZuE7PM,1,3,2,3,0,1,1,3,22,NA,1,7,"Nunc nonummy! Elit nulla, potenti sodales fermentum id mattis consectetuer purus wisi vehicula.",6,4,Commodo ut tempor tempora risus at! Accusamus dui tempora posuere.,NA,NA,2026-07-30T22:53:44Z,1
R_3l9cGhuusZuE7PM,1,3,3,3,1,0,0,0,0,NA,1,7,"Nunc nonummy! Elit nulla, potenti sodales fermentum id mattis consectetuer purus wisi vehicula.",6,4,Commodo ut tempor tempora risus at! Accusamus dui tempora posuere.,NA,NA,2026-07-30T22:53:44Z,1
R_3l9cGhuusZuE7PM,1,4,1,1,1,2,2,2,84,NA,1,7,"Nunc nonummy! Elit nulla, potenti sodales fermentum id mattis consectetuer purus wisi vehicula.",6,4,Commodo ut tempor tempora risus at! Accusamus dui tempora posuere.,NA,NA,2026-07-30T22:53:44Z,1
R_3l9cGhuusZuE7PM,1,4,2,1,0,1,3,1,56,NA,1,7,"Nunc nonummy! Elit nulla, potenti sodales fermentum id mattis consectetuer purus wisi vehicula.",6,4,Commodo ut tempor tempora risus at! Accusamus dui tempora posuere.,NA,NA,2026-07-30T22:53:44Z,1
R_3l9cGhuusZuE7PM,1,4,3,1,0,0,0,0,0,NA,1,7,"Nunc nonummy! Elit nulla, potenti sodales fermentum id mattis consectetuer purus wisi vehicula.",6,4,Commodo ut tempor tempora risus at! Accusamus dui tempora posuere.,NA,NA,2026-07-30T22:53:44Z,1
R_3l9cGhuusZuE7PM,1,5,1,3,0,1,2,2,11,NA,1,7,"Nunc nonummy! Elit nulla, potenti sodales fermentum id mattis consectetuer purus wisi vehicula.",6,4,Commodo ut tempor tempora risus at! Accusamus dui tempora posuere.,NA,NA,2026-07-30T22:53:44Z,1
R_3l9cGhuusZuE7PM,1,5,2,3,0,2,1,1,11,NA,1,7,"Nunc nonummy! Elit nulla, potenti sodales fermentum id mattis consectetuer purus wisi vehicula.",6,4,Commodo ut tempor tempora risus at! Accusamus dui tempora posuere.,NA,NA,2026-07-30T22:53:44Z,1
R_3l9cGhuusZuE7PM,1,5,3,3,1,0,0,0,0,NA,1,7,"Nunc nonummy! Elit nulla, potenti sodales fermentum id mattis consectetuer purus wisi vehicula.",6,4,Commodo ut tempor tempora risus at! Accusamus dui tempora posuere.,NA,NA,2026-07-30T22:53:44Z,1
R_3l9cGhuusZuE7PM,1,6,1,1,1,3,2,3,22,NA,1,7,"Nunc nonummy! Elit nulla, potenti sodales fermentum id mattis consectetuer purus wisi vehicula.",6,4,Commodo ut tempor tempora risus at! Accusamus dui tempora posuere.,NA,NA,2026-07-30T22:53:44Z,1
R_3l9cGhuusZuE7PM,1,6,2,1,0,2,1,2,113,NA,1,7,"Nunc nonummy! Elit nulla, potenti sodales fermentum id mattis consectetuer purus wisi vehicula.",6,4,Commodo ut tempor tempora risus at! Accusamus dui tempora posuere.,NA,NA,2026-07-30T22:53:44Z,1
R_3l9cGhuusZuE7PM,1,6,3,1,0,0,0,0,0,NA,1,7,"Nunc nonummy! Elit nulla, potenti sodales fermentum id mattis consectetuer purus wisi vehicula.",6,4,Commodo ut tempor tempora risus at! Accusamus dui tempora posuere.,NA,NA,2026-07-30T22:53:44Z,1
R_3l9cGhuusZuE7PM,1,7,1,1,1,3,3,2,56,NA,1,7,"Nunc nonummy! Elit nulla, potenti sodales fermentum id mattis consectetuer purus wisi vehicula.",6,4,Commodo ut tempor tempora risus at! Accusamus dui tempora posuere.,NA,NA,2026-07-30T22:53:44Z,1
R_3l9cGhuusZuE7PM,1,7,2,1,0,2,2,1,84,NA,1,7,"Nunc nonummy! Elit nulla, potenti sodales fermentum id mattis consectetuer purus wisi vehicula.",6,4,Commodo ut tempor tempora risus at! Accusamus dui tempora posuere.,NA,NA,2026-07-30T22:53:44Z,1
R_3l9cGhuusZuE7PM,1,7,3,1,0,0,0,0,0,NA,1,7,"Nunc nonummy! Elit nulla, potenti sodales fermentum id mattis consectetuer purus wisi vehicula.",6,4,Commodo ut tempor tempora risus at! Accusamus dui tempora posuere.,NA,NA,2026-07-30T22:53:44Z,1
R_3l9cGhuusZuE7PM,1,8,1,3,0,1,1,2,56,NA,1,7,"Nunc nonummy! Elit nulla, potenti sodales fermentum id mattis consectetuer purus wisi vehicula.",6,4,Commodo ut tempor tempora risus at! Accusamus dui tempora posuere.,NA,NA,2026-07-30T22:53:44Z,1
R_3l9cGhuusZuE7PM,1,8,2,3,0,3,3,3,22,NA,1,7,"Nunc nonummy! Elit nulla, potenti sodales fermentum id mattis consectetuer purus wisi vehicula.",6,4,Commodo ut tempor tempora risus at! Accusamus dui tempora posuere.,NA,NA,2026-07-30T22:53:44Z,1
R_3l9cGhuusZuE7PM,1,8,3,3,1,0,0,0,0,NA,1,7,"Nunc nonummy! Elit nulla, potenti sodales fermentum id mattis consectetuer purus wisi vehicula.",6,4,Commodo ut tempor tempora risus at! Accusamus dui tempora posuere.,NA,NA,2026-07-30T22:53:44Z,1
R_4190RPlryKeKTcO,1,1,1,2,0,1,2,1,84,NA,3,7,Elit lectus risus. Sollicitudin proin scelerisque vestibulum! Proin turpis tellus.,NA,2,NA,NA,NA,2026-07-30T20:29:51Z,1
R_4190RPlryKeKTcO,1,1,2,2,1,2,3,3,56,NA,3,7,Elit lectus risus. Sollicitudin proin scelerisque vestibulum! Proin turpis tellus.,NA,2,NA,NA,NA,2026-07-30T20:29:51Z,1
R_4190RPlryKeKTcO,1,1,3,2,0,0,0,0,0,NA,3,7,Elit lectus risus. Sollicitudin proin scelerisque vestibulum! Proin turpis tellus.,NA,2,NA,NA,NA,2026-07-30T20:29:51Z,1
R_4190RPlryKeKTcO,1,2,1,1,1,2,3,3,56,NA,3,7,Elit lectus risus. Sollicitudin proin scelerisque vestibulum! Proin turpis tellus.,NA,2,NA,NA,NA,2026-07-30T20:29:51Z,1
R_4190RPlryKeKTcO,1,2,2,1,0,3,2,2,56,NA,3,7,Elit lectus risus. Sollicitudin proin scelerisque vestibulum! Proin turpis tellus.,NA,2,NA,NA,NA,2026-07-30T20:29:51Z,1
R_4190RPlryKeKTcO,1,2,3,1,0,0,0,0,0,NA,3,7,Elit lectus risus. Sollicitudin proin scelerisque vestibulum! Proin turpis tellus.,NA,2,NA,NA,NA,2026-07-30T20:29:51Z,1
R_4190RPlryKeKTcO,1,3,1,1,1,3,2,1,113,NA,3,7,Elit lectus risus. Sollicitudin proin scelerisque vestibulum! Proin turpis tellus.,NA,2,NA,NA,NA,2026-07-30T20:29:51Z,1
R_4190RPlryKeKTcO,1,3,2,1,0,1,1,3,22,NA,3,7,Elit lectus risus. Sollicitudin proin scelerisque vestibulum! Proin turpis tellus.,NA,2,NA,NA,NA,2026-07-30T20:29:51Z,1
R_4190RPlryKeKTcO,1,3,3,1,0,0,0,0,0,NA,3,7,Elit lectus risus. Sollicitudin proin scelerisque vestibulum! Proin turpis tellus.,NA,2,NA,NA,NA,2026-07-30T20:29:51Z,1
R_4190RPlryKeKTcO,1,4,1,2,0,2,2,2,84,NA,3,7,Elit lectus risus. Sollicitudin proin scelerisque vestibulum! Proin turpis tellus.,NA,2,NA,NA,NA,2026-07-30T20:29:51Z,1
R_4190RPlryKeKTcO,1,4,2,2,1,1,3,1,56,NA,3,7,Elit lectus risus. Sollicitudin proin scelerisque vestibulum! Proin turpis tellus.,NA,2,NA,NA,NA,2026-07-30T20:29:51Z,1
R_4190RPlryKeKTcO,1,4,3,2,0,0,0,0,0,NA,3,7,Elit lectus risus. Sollicitudin proin scelerisque vestibulum! Proin turpis tellus.,NA,2,NA,NA,NA,2026-07-30T20:29:51Z,1
R_4190RPlryKeKTcO,1,5,1,1,1,1,2,2,11,NA,3,7,Elit lectus risus. Sollicitudin proin scelerisque vestibulum! Proin turpis tellus.,NA,2,NA,NA,NA,2026-07-30T20:29:51Z,1
R_4190RPlryKeKTcO,1,5,2,1,0,2,1,1,11,NA,3,7,Elit lectus risus. Sollicitudin proin scelerisque vestibulum! Proin turpis tellus.,NA,2,NA,NA,NA,2026-07-30T20:29:51Z,1
R_4190RPlryKeKTcO,1,5,3,1,0,0,0,0,0,NA,3,7,Elit lectus risus. Sollicitudin proin scelerisque vestibulum! Proin turpis tellus.,NA,2,NA,NA,NA,2026-07-30T20:29:51Z,1
R_4190RPlryKeKTcO,1,6,1,1,1,3,2,3,22,NA,3,7,Elit lectus risus. Sollicitudin proin scelerisque vestibulum! Proin turpis tellus.,NA,2,NA,NA,NA,2026-07-30T20:29:51Z,1
R_4190RPlryKeKTcO,1,6,2,1,0,2,1,2,113,NA,3,7,Elit lectus risus. Sollicitudin proin scelerisque vestibulum! Proin turpis tellus.,NA,2,NA,NA,NA,2026-07-30T20:29:51Z,1
R_4190RPlryKeKTcO,1,6,3,1,0,0,0,0,0,NA,3,7,Elit lectus risus. Sollicitudin proin scelerisque vestibulum! Proin turpis tellus.,NA,2,NA,NA,NA,2026-07-30T20:29:51Z,1
R_4190RPlryKeKTcO,1,7,1,2,0,3,3,2,56,NA,3,7,Elit lectus risus. Sollicitudin proin scelerisque vestibulum! Proin turpis tellus.,NA,2,NA,NA,NA,2026-07-30T20:29:51Z,1
R_4190RPlryKeKTcO,1,7,2,2,1,2,2,1,84,NA,3,7,Elit lectus risus. Sollicitudin proin scelerisque vestibulum! Proin turpis tellus.,NA,2,NA,NA,NA,2026-07-30T20:29:51Z,1
R_4190RPlryKeKTcO,1,7,3,2,0,0,0,0,0,NA,3,7,Elit lectus risus. Sollicitudin proin scelerisque vestibulum! Proin turpis tellus.,NA,2,NA,NA,NA,2026-07-30T20:29:51Z,1
R_4190RPlryKeKTcO,1,8,1,1,1,1,1,2,56,NA,3,7,Elit lectus risus. Sollicitudin proin scelerisque vestibulum! Proin turpis tellus.,NA,2,NA,NA,NA,2026-07-30T20:29:51Z,1
R_4190RPlryKeKTcO,1,8,2,1,0,3,3,3,22,NA,3,7,Elit lectus risus. Sollicitudin proin scelerisque vestibulum! Proin turpis tellus.,NA,2,NA,NA,NA,2026-07-30T20:29:51Z,1
R_4190RPlryKeKTcO,1,8,3,1,0,0,0,0,0,NA,3,7,Elit lectus risus. Sollicitudin proin scelerisque vestibulum! Proin turpis tellus.,NA,2,NA,NA,NA,2026-07-30T20:29:51Z,1
R_42xJOozrMe6uqW2,2,10,1,3,0,2,3,3,113,NA,2,5,NA,NA,4,Dolor? Mattis luctus venenatis facilisis imperdiet viverra sagittis fusce consectetuer.,NA,NA,2026-07-15T13:31:10Z,1
R_42xJOozrMe6uqW2,2,10,2,3,0,3,1,1,11,NA,2,5,NA,NA,4,Dolor? Mattis luctus venenatis facilisis imperdiet viverra sagittis fusce consectetuer.,NA,NA,2026-07-15T13:31:10Z,1
R_42xJOozrMe6uqW2,2,10,3,3,1,0,0,0,0,NA,2,5,NA,NA,4,Dolor? Mattis luctus venenatis facilisis imperdiet viverra sagittis fusce consectetuer.,NA,NA,2026-07-15T13:31:10Z,1
R_42xJOozrMe6uqW2,2,11,1,2,0,2,3,1,11,NA,2,5,NA,NA,4,Dolor? Mattis luctus venenatis facilisis imperdiet viverra sagittis fusce consectetuer.,NA,NA,2026-07-15T13:31:10Z,1
R_42xJOozrMe6uqW2,2,11,2,2,1,3,1,3,113,NA,2,5,NA,NA,4,Dolor? Mattis luctus venenatis facilisis imperdiet viverra sagittis fusce consectetuer.,NA,NA,2026-07-15T13:31:10Z,1
R_42xJOozrMe6uqW2,2,11,3,2,0,0,0,0,0,NA,2,5,NA,NA,4,Dolor? Mattis luctus venenatis facilisis imperdiet viverra sagittis fusce consectetuer.,NA,NA,2026-07-15T13:31:10Z,1
R_42xJOozrMe6uqW2,2,12,1,3,0,1,1,3,11,NA,2,5,NA,NA,4,Dolor? Mattis luctus venenatis facilisis imperdiet viverra sagittis fusce consectetuer.,NA,NA,2026-07-15T13:31:10Z,1
R_42xJOozrMe6uqW2,2,12,2,3,0,3,3,2,113,NA,2,5,NA,NA,4,Dolor? Mattis luctus venenatis facilisis imperdiet viverra sagittis fusce consectetuer.,NA,NA,2026-07-15T13:31:10Z,1
R_42xJOozrMe6uqW2,2,12,3,3,1,0,0,0,0,NA,2,5,NA,NA,4,Dolor? Mattis luctus venenatis facilisis imperdiet viverra sagittis fusce consectetuer.,NA,NA,2026-07-15T13:31:10Z,1
R_42xJOozrMe6uqW2,2,13,1,2,0,3,1,2,22,NA,2,5,NA,NA,4,Dolor? Mattis luctus venenatis facilisis imperdiet viverra sagittis fusce consectetuer.,NA,NA,2026-07-15T13:31:10Z,1
R_42xJOozrMe6uqW2,2,13,2,2,1,1,2,1,84,NA,2,5,NA,NA,4,Dolor? Mattis luctus venenatis facilisis imperdiet viverra sagittis fusce consectetuer.,NA,NA,2026-07-15T13:31:10Z,1
R_42xJOozrMe6uqW2,2,13,3,2,0,0,0,0,0,NA,2,5,NA,NA,4,Dolor? Mattis luctus venenatis facilisis imperdiet viverra sagittis fusce consectetuer.,NA,NA,2026-07-15T13:31:10Z,1
R_42xJOozrMe6uqW2,2,14,1,2,0,3,3,1,22,NA,2,5,NA,NA,4,Dolor? Mattis luctus venenatis facilisis imperdiet viverra sagittis fusce consectetuer.,NA,NA,2026-07-15T13:31:10Z,1
R_42xJOozrMe6uqW2,2,14,2,2,1,1,2,3,84,NA,2,5,NA,NA,4,Dolor? Mattis luctus venenatis facilisis imperdiet viverra sagittis fusce consectetuer.,NA,NA,2026-07-15T13:31:10Z,1
R_42xJOozrMe6uqW2,2,14,3,2,0,0,0,0,0,NA,2,5,NA,NA,4,Dolor? Mattis luctus venenatis facilisis imperdiet viverra sagittis fusce consectetuer.,NA,NA,2026-07-15T13:31:10Z,1
R_42xJOozrMe6uqW2,2,15,1,2,0,3,1,3,113,NA,2,5,NA,NA,4,Dolor? Mattis luctus venenatis facilisis imperdiet viverra sagittis fusce consectetuer.,NA,NA,2026-07-15T13:31:10Z,1
R_42xJOozrMe6uqW2,2,15,2,2,1,2,3,2,11,NA,2,5,NA,NA,4,Dolor? Mattis luctus venenatis facilisis imperdiet viverra sagittis fusce consectetuer.,NA,NA,2026-07-15T13:31:10Z,1
R_42xJOozrMe6uqW2,2,15,3,2,0,0,0,0,0,NA,2,5,NA,NA,4,Dolor? Mattis luctus venenatis facilisis imperdiet viverra sagittis fusce consectetuer.,NA,NA,2026-07-15T13:31:10Z,1
R_42xJOozrMe6uqW2,2,16,1,3,0,2,1,1,84,NA,2,5,NA,NA,4,Dolor? Mattis luctus venenatis facilisis imperdiet viverra sagittis fusce consectetuer.,NA,NA,2026-07-15T13:31:10Z,1
R_42xJOozrMe6uqW2,2,16,2,3,0,1,3,2,22,NA,2,5,NA,NA,4,Dolor? Mattis luctus venenatis facilisis imperdiet viverra sagittis fusce consectetuer.,NA,NA,2026-07-15T13:31:10Z,1
R_42xJOozrMe6uqW2,2,16,3,3,1,0,0,0,0,NA,2,5,NA,NA,4,Dolor? Mattis luctus venenatis facilisis imperdiet viverra sagittis fusce consectetuer.,NA,NA,2026-07-15T13:31:10Z,1
R_42xJOozrMe6uqW2,2,9,1,3,0,1,3,1,113,NA,2,5,NA,NA,4,Dolor? Mattis luctus venenatis facilisis imperdiet viverra sagittis fusce consectetuer.,NA,NA,2026-07-15T13:31:10Z,1
R_42xJOozrMe6uqW2,2,9,2,3,0,2,2,3,11,NA,2,5,NA,NA,4,Dolor? Mattis luctus venenatis facilisis imperdiet viverra sagittis fusce consectetuer.,NA,NA,2026-07-15T13:31:10Z,1
R_42xJOozrMe6uqW2,2,9,3,3,1,0,0,0,0,NA,2,5,NA,NA,4,Dolor? Mattis luctus venenatis facilisis imperdiet viverra sagittis fusce consectetuer.,NA,NA,2026-07-15T13:31:10Z,1
R_43m6OlEtVwhiFvH,2,10,1,3,0,2,3,3,113,26,2,6,NA,NA,4,NA,NA,NA,2026-07-22T20:54:43Z,1
R_43m6OlEtVwhiFvH,2,10,2,3,0,3,1,1,11,26,2,6,NA,NA,4,NA,NA,NA,2026-07-22T20:54:43Z,1
R_43m6OlEtVwhiFvH,2,10,3,3,1,0,0,0,0,26,2,6,NA,NA,4,NA,NA,NA,2026-07-22T20:54:43Z,1
R_43m6OlEtVwhiFvH,2,11,1,3,0,2,3,1,11,26,2,6,NA,NA,4,NA,NA,NA,2026-07-22T20:54:43Z,1
R_43m6OlEtVwhiFvH,2,11,2,3,0,3,1,3,113,26,2,6,NA,NA,4,NA,NA,NA,2026-07-22T20:54:43Z,1
R_43m6OlEtVwhiFvH,2,11,3,3,1,0,0,0,0,26,2,6,NA,NA,4,NA,NA,NA,2026-07-22T20:54:43Z,1
R_43m6OlEtVwhiFvH,2,9,1,3,0,1,3,1,113,26,2,6,NA,NA,4,NA,NA,NA,2026-07-22T20:54:43Z,1
R_43m6OlEtVwhiFvH,2,9,2,3,0,2,2,3,11,26,2,6,NA,NA,4,NA,NA,NA,2026-07-22T20:54:43Z,1
R_43m6OlEtVwhiFvH,2,9,3,3,1,0,0,0,0,26,2,6,NA,NA,4,NA,NA,NA,2026-07-22T20:54:43Z,1
R_4GgOeqb13p3wosK,1,1,1,6,0,1,2,1,84,NA,1,5,NA,NA,4,Facilisi! Nibh! Nunc vestibulum. Wisi nibh tortor arcu augue nunc viverra nibh vitae.,NA,NA,2026-07-30T20:29:55Z,1
R_4GgOeqb13p3wosK,1,1,2,6,0,2,3,3,56,NA,1,5,NA,NA,4,Facilisi! Nibh! Nunc vestibulum. Wisi nibh tortor arcu augue nunc viverra nibh vitae.,NA,NA,2026-07-30T20:29:55Z,1
R_4GgOeqb13p3wosK,1,1,3,6,0,0,0,0,0,NA,1,5,NA,NA,4,Facilisi! Nibh! Nunc vestibulum. Wisi nibh tortor arcu augue nunc viverra nibh vitae.,NA,NA,2026-07-30T20:29:55Z,1
R_4GgOeqb13p3wosK,1,2,1,2,0,2,3,3,56,NA,1,5,NA,NA,4,Facilisi! Nibh! Nunc vestibulum. Wisi nibh tortor arcu augue nunc viverra nibh vitae.,NA,NA,2026-07-30T20:29:55Z,1
R_4GgOeqb13p3wosK,1,2,2,2,1,3,2,2,56,NA,1,5,NA,NA,4,Facilisi! Nibh! Nunc vestibulum. Wisi nibh tortor arcu augue nunc viverra nibh vitae.,NA,NA,2026-07-30T20:29:55Z,1
R_4GgOeqb13p3wosK,1,2,3,2,0,0,0,0,0,NA,1,5,NA,NA,4,Facilisi! Nibh! Nunc vestibulum. Wisi nibh tortor arcu augue nunc viverra nibh vitae.,NA,NA,2026-07-30T20:29:55Z,1
R_4GgOeqb13p3wosK,1,3,1,2,0,3,2,1,113,NA,1,5,NA,NA,4,Facilisi! Nibh! Nunc vestibulum. Wisi nibh tortor arcu augue nunc viverra nibh vitae.,NA,NA,2026-07-30T20:29:55Z,1
R_4GgOeqb13p3wosK,1,3,2,2,1,1,1,3,22,NA,1,5,NA,NA,4,Facilisi! Nibh! Nunc vestibulum. Wisi nibh tortor arcu augue nunc viverra nibh vitae.,NA,NA,2026-07-30T20:29:55Z,1
R_4GgOeqb13p3wosK,1,3,3,2,0,0,0,0,0,NA,1,5,NA,NA,4,Facilisi! Nibh! Nunc vestibulum. Wisi nibh tortor arcu augue nunc viverra nibh vitae.,NA,NA,2026-07-30T20:29:55Z,1
R_4GgOeqb13p3wosK,1,4,1,2,0,2,2,2,84,NA,1,5,NA,NA,4,Facilisi! Nibh! Nunc vestibulum. Wisi nibh tortor arcu augue nunc viverra nibh vitae.,NA,NA,2026-07-30T20:29:55Z,1
R_4GgOeqb13p3wosK,1,4,2,2,1,1,3,1,56,NA,1,5,NA,NA,4,Facilisi! Nibh! Nunc vestibulum. Wisi nibh tortor arcu augue nunc viverra nibh vitae.,NA,NA,2026-07-30T20:29:55Z,1
R_4GgOeqb13p3wosK,1,4,3,2,0,0,0,0,0,NA,1,5,NA,NA,4,Facilisi! Nibh! Nunc vestibulum. Wisi nibh tortor arcu augue nunc viverra nibh vitae.,NA,NA,2026-07-30T20:29:55Z,1
R_4GgOeqb13p3wosK,1,5,1,3,0,1,2,2,11,NA,1,5,NA,NA,4,Facilisi! Nibh! Nunc vestibulum. Wisi nibh tortor arcu augue nunc viverra nibh vitae.,NA,NA,2026-07-30T20:29:55Z,1
R_4GgOeqb13p3wosK,1,5,2,3,0,2,1,1,11,NA,1,5,NA,NA,4,Facilisi! Nibh! Nunc vestibulum. Wisi nibh tortor arcu augue nunc viverra nibh vitae.,NA,NA,2026-07-30T20:29:55Z,1
R_4GgOeqb13p3wosK,1,5,3,3,1,0,0,0,0,NA,1,5,NA,NA,4,Facilisi! Nibh! Nunc vestibulum. Wisi nibh tortor arcu augue nunc viverra nibh vitae.,NA,NA,2026-07-30T20:29:55Z,1
R_4GgOeqb13p3wosK,1,6,1,3,0,3,2,3,22,NA,1,5,NA,NA,4,Facilisi! Nibh! Nunc vestibulum. Wisi nibh tortor arcu augue nunc viverra nibh vitae.,NA,NA,2026-07-30T20:29:55Z,1
R_4GgOeqb13p3wosK,1,6,2,3,0,2,1,2,113,NA,1,5,NA,NA,4,Facilisi! Nibh! Nunc vestibulum. Wisi nibh tortor arcu augue nunc viverra nibh vitae.,NA,NA,2026-07-30T20:29:55Z,1
R_4GgOeqb13p3wosK,1,6,3,3,1,0,0,0,0,NA,1,5,NA,NA,4,Facilisi! Nibh! Nunc vestibulum. Wisi nibh tortor arcu augue nunc viverra nibh vitae.,NA,NA,2026-07-30T20:29:55Z,1
R_4GgOeqb13p3wosK,1,7,1,1,1,3,3,2,56,NA,1,5,NA,NA,4,Facilisi! Nibh! Nunc vestibulum. Wisi nibh tortor arcu augue nunc viverra nibh vitae.,NA,NA,2026-07-30T20:29:55Z,1
R_4GgOeqb13p3wosK,1,7,2,1,0,2,2,1,84,NA,1,5,NA,NA,4,Facilisi! Nibh! Nunc vestibulum. Wisi nibh tortor arcu augue nunc viverra nibh vitae.,NA,NA,2026-07-30T20:29:55Z,1
R_4GgOeqb13p3wosK,1,7,3,1,0,0,0,0,0,NA,1,5,NA,NA,4,Facilisi! Nibh! Nunc vestibulum. Wisi nibh tortor arcu augue nunc viverra nibh vitae.,NA,NA,2026-07-30T20:29:55Z,1
R_4GgOeqb13p3wosK,1,8,1,3,0,1,1,2,56,NA,1,5,NA,NA,4,Facilisi! Nibh! Nunc vestibulum. Wisi nibh tortor arcu augue nunc viverra nibh vitae.,NA,NA,2026-07-30T20:29:55Z,1
R_4GgOeqb13p3wosK,1,8,2,3,0,3,3,3,22,NA,1,5,NA,NA,4,Facilisi! Nibh! Nunc vestibulum. Wisi nibh tortor arcu augue nunc viverra nibh vitae.,NA,NA,2026-07-30T20:29:55Z,1
R_4GgOeqb13p3wosK,1,8,3,3,1,0,0,0,0,NA,1,5,NA,NA,4,Facilisi! Nibh! Nunc vestibulum. Wisi nibh tortor arcu augue nunc viverra nibh vitae.,NA,NA,2026-07-30T20:29:55Z,1
R_4H2OhcsYSn3TPQG,2,10,1,2,0,2,3,3,113,NA,2,4,NA,6,1,NA,NA,NA,2026-07-30T22:53:52Z,1
R_4H2OhcsYSn3TPQG,2,10,2,2,1,3,1,1,11,NA,2,4,NA,6,1,NA,NA,NA,2026-07-30T22:53:52Z,1
R_4H2OhcsYSn3TPQG,2,10,3,2,0,0,0,0,0,NA,2,4,NA,6,1,NA,NA,NA,2026-07-30T22:53:52Z,1
R_4H2OhcsYSn3TPQG,2,11,1,3,0,2,3,1,11,NA,2,4,NA,6,1,NA,NA,NA,2026-07-30T22:53:52Z,1
R_4H2OhcsYSn3TPQG,2,11,2,3,0,3,1,3,113,NA,2,4,NA,6,1,NA,NA,NA,2026-07-30T22:53:52Z,1
R_4H2OhcsYSn3TPQG,2,11,3,3,1,0,0,0,0,NA,2,4,NA,6,1,NA,NA,NA,2026-07-30T22:53:52Z,1
R_4H2OhcsYSn3TPQG,2,12,1,2,0,1,1,3,11,NA,2,4,NA,6,1,NA,NA,NA,2026-07-30T22:53:52Z,1
R_4H2OhcsYSn3TPQG,2,12,2,2,1,3,3,2,113,NA,2,4,NA,6,1,NA,NA,NA,2026-07-30T22:53:52Z,1
R_4H2OhcsYSn3TPQG,2,12,3,2,0,0,0,0,0,NA,2,4,NA,6,1,NA,NA,NA,2026-07-30T22:53:52Z,1
R_4H2OhcsYSn3TPQG,2,13,1,3,0,3,1,2,22,NA,2,4,NA,6,1,NA,NA,NA,2026-07-30T22:53:52Z,1
R_4H2OhcsYSn3TPQG,2,13,2,3,0,1,2,1,84,NA,2,4,NA,6,1,NA,NA,NA,2026-07-30T22:53:52Z,1
R_4H2OhcsYSn3TPQG,2,13,3,3,1,0,0,0,0,NA,2,4,NA,6,1,NA,NA,NA,2026-07-30T22:53:52Z,1
R_4H2OhcsYSn3TPQG,2,14,1,1,1,3,3,1,22,NA,2,4,NA,6,1,NA,NA,NA,2026-07-30T22:53:52Z,1
R_4H2OhcsYSn3TPQG,2,14,2,1,0,1,2,3,84,NA,2,4,NA,6,1,NA,NA,NA,2026-07-30T22:53:52Z,1
R_4H2OhcsYSn3TPQG,2,14,3,1,0,0,0,0,0,NA,2,4,NA,6,1,NA,NA,NA,2026-07-30T22:53:52Z,1
R_4H2OhcsYSn3TPQG,2,15,1,1,1,3,1,3,113,NA,2,4,NA,6,1,NA,NA,NA,2026-07-30T22:53:52Z,1
R_4H2OhcsYSn3TPQG,2,15,2,1,0,2,3,2,11,NA,2,4,NA,6,1,NA,NA,NA,2026-07-30T22:53:52Z,1
R_4H2OhcsYSn3TPQG,2,15,3,1,0,0,0,0,0,NA,2,4,NA,6,1,NA,NA,NA,2026-07-30T22:53:52Z,1
R_4H2OhcsYSn3TPQG,2,16,1,1,1,2,1,1,84,NA,2,4,NA,6,1,NA,NA,NA,2026-07-30T22:53:52Z,1
R_4H2OhcsYSn3TPQG,2,16,2,1,0,1,3,2,22,NA,2,4,NA,6,1,NA,NA,NA,2026-07-30T22:53:52Z,1
R_4H2OhcsYSn3TPQG,2,16,3,1,0,0,0,0,0,NA,2,4,NA,6,1,NA,NA,NA,2026-07-30T22:53:52Z,1
R_4H2OhcsYSn3TPQG,2,9,1,3,0,1,3,1,113,NA,2,4,NA,6,1,NA,NA,NA,2026-07-30T22:53:52Z,1
R_4H2OhcsYSn3TPQG,2,9,2,3,0,2,2,3,11,NA,2,4,NA,6,1,NA,NA,NA,2026-07-30T22:53:52Z,1
R_4H2OhcsYSn3TPQG,2,9,3,3,1,0,0,0,0,NA,2,4,NA,6,1,NA,NA,NA,2026-07-30T22:53:52Z,1
R_4OcImbGHSyYkmmq,2,10,1,1,1,2,3,3,113,NA,2,4,NA,4,4,Aliquam nonummy consectetuer mi erat velit at? Sem suspendisse! At.,NA,NA,2026-07-30T22:53:40Z,1
R_4OcImbGHSyYkmmq,2,10,2,1,0,3,1,1,11,NA,2,4,NA,4,4,Aliquam nonummy consectetuer mi erat velit at? Sem suspendisse! At.,NA,NA,2026-07-30T22:53:40Z,1
R_4OcImbGHSyYkmmq,2,10,3,1,0,0,0,0,0,NA,2,4,NA,4,4,Aliquam nonummy consectetuer mi erat velit at? Sem suspendisse! At.,NA,NA,2026-07-30T22:53:40Z,1
R_4OcImbGHSyYkmmq,2,11,1,3,0,2,3,1,11,NA,2,4,NA,4,4,Aliquam nonummy consectetuer mi erat velit at? Sem suspendisse! At.,NA,NA,2026-07-30T22:53:40Z,1
R_4OcImbGHSyYkmmq,2,11,2,3,0,3,1,3,113,NA,2,4,NA,4,4,Aliquam nonummy consectetuer mi erat velit at? Sem suspendisse! At.,NA,NA,2026-07-30T22:53:40Z,1
R_4OcImbGHSyYkmmq,2,11,3,3,1,0,0,0,0,NA,2,4,NA,4,4,Aliquam nonummy consectetuer mi erat velit at? Sem suspendisse! At.,NA,NA,2026-07-30T22:53:40Z,1
R_4OcImbGHSyYkmmq,2,12,1,3,0,1,1,3,11,NA,2,4,NA,4,4,Aliquam nonummy consectetuer mi erat velit at? Sem suspendisse! At.,NA,NA,2026-07-30T22:53:40Z,1
R_4OcImbGHSyYkmmq,2,12,2,3,0,3,3,2,113,NA,2,4,NA,4,4,Aliquam nonummy consectetuer mi erat velit at? Sem suspendisse! At.,NA,NA,2026-07-30T22:53:40Z,1
R_4OcImbGHSyYkmmq,2,12,3,3,1,0,0,0,0,NA,2,4,NA,4,4,Aliquam nonummy consectetuer mi erat velit at? Sem suspendisse! At.,NA,NA,2026-07-30T22:53:40Z,1
R_4OcImbGHSyYkmmq,2,13,1,2,0,3,1,2,22,NA,2,4,NA,4,4,Aliquam nonummy consectetuer mi erat velit at? Sem suspendisse! At.,NA,NA,2026-07-30T22:53:40Z,1
R_4OcImbGHSyYkmmq,2,13,2,2,1,1,2,1,84,NA,2,4,NA,4,4,Aliquam nonummy consectetuer mi erat velit at? Sem suspendisse! At.,NA,NA,2026-07-30T22:53:40Z,1
R_4OcImbGHSyYkmmq,2,13,3,2,0,0,0,0,0,NA,2,4,NA,4,4,Aliquam nonummy consectetuer mi erat velit at? Sem suspendisse! At.,NA,NA,2026-07-30T22:53:40Z,1
R_4OcImbGHSyYkmmq,2,14,1,3,0,3,3,1,22,NA,2,4,NA,4,4,Aliquam nonummy consectetuer mi erat velit at? Sem suspendisse! At.,NA,NA,2026-07-30T22:53:40Z,1
R_4OcImbGHSyYkmmq,2,14,2,3,0,1,2,3,84,NA,2,4,NA,4,4,Aliquam nonummy consectetuer mi erat velit at? Sem suspendisse! At.,NA,NA,2026-07-30T22:53:40Z,1
R_4OcImbGHSyYkmmq,2,14,3,3,1,0,0,0,0,NA,2,4,NA,4,4,Aliquam nonummy consectetuer mi erat velit at? Sem suspendisse! At.,NA,NA,2026-07-30T22:53:40Z,1
R_4OcImbGHSyYkmmq,2,15,1,2,0,3,1,3,113,NA,2,4,NA,4,4,Aliquam nonummy consectetuer mi erat velit at? Sem suspendisse! At.,NA,NA,2026-07-30T22:53:40Z,1
R_4OcImbGHSyYkmmq,2,15,2,2,1,2,3,2,11,NA,2,4,NA,4,4,Aliquam nonummy consectetuer mi erat velit at? Sem suspendisse! At.,NA,NA,2026-07-30T22:53:40Z,1
R_4OcImbGHSyYkmmq,2,15,3,2,0,0,0,0,0,NA,2,4,NA,4,4,Aliquam nonummy consectetuer mi erat velit at? Sem suspendisse! At.,NA,NA,2026-07-30T22:53:40Z,1
R_4OcImbGHSyYkmmq,2,16,1,1,1,2,1,1,84,NA,2,4,NA,4,4,Aliquam nonummy consectetuer mi erat velit at? Sem suspendisse! At.,NA,NA,2026-07-30T22:53:40Z,1
R_4OcImbGHSyYkmmq,2,16,2,1,0,1,3,2,22,NA,2,4,NA,4,4,Aliquam nonummy consectetuer mi erat velit at? Sem suspendisse! At.,NA,NA,2026-07-30T22:53:40Z,1
R_4OcImbGHSyYkmmq,2,16,3,1,0,0,0,0,0,NA,2,4,NA,4,4,Aliquam nonummy consectetuer mi erat velit at? Sem suspendisse! At.,NA,NA,2026-07-30T22:53:40Z,1
R_4OcImbGHSyYkmmq,2,9,1,1,1,1,3,1,113,NA,2,4,NA,4,4,Aliquam nonummy consectetuer mi erat velit at? Sem suspendisse! At.,NA,NA,2026-07-30T22:53:40Z,1
R_4OcImbGHSyYkmmq,2,9,2,1,0,2,2,3,11,NA,2,4,NA,4,4,Aliquam nonummy consectetuer mi erat velit at? Sem suspendisse! At.,NA,NA,2026-07-30T22:53:40Z,1
R_4OcImbGHSyYkmmq,2,9,3,1,0,0,0,0,0,NA,2,4,NA,4,4,Aliquam nonummy consectetuer mi erat velit at? Sem suspendisse! At.,NA,NA,2026-07-30T22:53:40Z,1
R_4SYrWn9XBIVzN8W,2,10,1,1,1,2,3,3,113,NA,2,2,NA,NA,2,NA,NA,NA,2026-07-30T20:29:50Z,1
R_4SYrWn9XBIVzN8W,2,10,2,1,0,3,1,1,11,NA,2,2,NA,NA,2,NA,NA,NA,2026-07-30T20:29:50Z,1
R_4SYrWn9XBIVzN8W,2,10,3,1,0,0,0,0,0,NA,2,2,NA,NA,2,NA,NA,NA,2026-07-30T20:29:50Z,1
R_4SYrWn9XBIVzN8W,2,11,1,2,0,2,3,1,11,NA,2,2,NA,NA,2,NA,NA,NA,2026-07-30T20:29:50Z,1
R_4SYrWn9XBIVzN8W,2,11,2,2,1,3,1,3,113,NA,2,2,NA,NA,2,NA,NA,NA,2026-07-30T20:29:50Z,1
R_4SYrWn9XBIVzN8W,2,11,3,2,0,0,0,0,0,NA,2,2,NA,NA,2,NA,NA,NA,2026-07-30T20:29:50Z,1
R_4SYrWn9XBIVzN8W,2,12,1,2,0,1,1,3,11,NA,2,2,NA,NA,2,NA,NA,NA,2026-07-30T20:29:50Z,1
R_4SYrWn9XBIVzN8W,2,12,2,2,1,3,3,2,113,NA,2,2,NA,NA,2,NA,NA,NA,2026-07-30T20:29:50Z,1
R_4SYrWn9XBIVzN8W,2,12,3,2,0,0,0,0,0,NA,2,2,NA,NA,2,NA,NA,NA,2026-07-30T20:29:50Z,1
R_4SYrWn9XBIVzN8W,2,13,1,3,0,3,1,2,22,NA,2,2,NA,NA,2,NA,NA,NA,2026-07-30T20:29:50Z,1
R_4SYrWn9XBIVzN8W,2,13,2,3,0,1,2,1,84,NA,2,2,NA,NA,2,NA,NA,NA,2026-07-30T20:29:50Z,1
R_4SYrWn9XBIVzN8W,2,13,3,3,1,0,0,0,0,NA,2,2,NA,NA,2,NA,NA,NA,2026-07-30T20:29:50Z,1
R_4SYrWn9XBIVzN8W,2,14,1,2,0,3,3,1,22,NA,2,2,NA,NA,2,NA,NA,NA,2026-07-30T20:29:50Z,1
R_4SYrWn9XBIVzN8W,2,14,2,2,1,1,2,3,84,NA,2,2,NA,NA,2,NA,NA,NA,2026-07-30T20:29:50Z,1
R_4SYrWn9XBIVzN8W,2,14,3,2,0,0,0,0,0,NA,2,2,NA,NA,2,NA,NA,NA,2026-07-30T20:29:50Z,1
R_4SYrWn9XBIVzN8W,2,15,1,3,0,3,1,3,113,NA,2,2,NA,NA,2,NA,NA,NA,2026-07-30T20:29:50Z,1
R_4SYrWn9XBIVzN8W,2,15,2,3,0,2,3,2,11,NA,2,2,NA,NA,2,NA,NA,NA,2026-07-30T20:29:50Z,1
R_4SYrWn9XBIVzN8W,2,15,3,3,1,0,0,0,0,NA,2,2,NA,NA,2,NA,NA,NA,2026-07-30T20:29:50Z,1
R_4SYrWn9XBIVzN8W,2,16,1,1,1,2,1,1,84,NA,2,2,NA,NA,2,NA,NA,NA,2026-07-30T20:29:50Z,1
R_4SYrWn9XBIVzN8W,2,16,2,1,0,1,3,2,22,NA,2,2,NA,NA,2,NA,NA,NA,2026-07-30T20:29:50Z,1
R_4SYrWn9XBIVzN8W,2,16,3,1,0,0,0,0,0,NA,2,2,NA,NA,2,NA,NA,NA,2026-07-30T20:29:50Z,1
R_4SYrWn9XBIVzN8W,2,9,1,1,1,1,3,1,113,NA,2,2,NA,NA,2,NA,NA,NA,2026-07-30T20:29:50Z,1
R_4SYrWn9XBIVzN8W,2,9,2,1,0,2,2,3,11,NA,2,2,NA,NA,2,NA,NA,NA,2026-07-30T20:29:50Z,1
R_4SYrWn9XBIVzN8W,2,9,3,1,0,0,0,0,0,NA,2,2,NA,NA,2,NA,NA,NA,2026-07-30T20:29:50Z,1
R_4YLfcHAmeC5WeWy,2,10,1,3,0,2,3,3,113,NA,1,5,NA,5,1,NA,NA,NA,2026-07-30T22:54:09Z,1
R_4YLfcHAmeC5WeWy,2,10,2,3,0,3,1,1,11,NA,1,5,NA,5,1,NA,NA,NA,2026-07-30T22:54:09Z,1
R_4YLfcHAmeC5WeWy,2,10,3,3,1,0,0,0,0,NA,1,5,NA,5,1,NA,NA,NA,2026-07-30T22:54:09Z,1
R_4YLfcHAmeC5WeWy,2,11,1,3,0,2,3,1,11,NA,1,5,NA,5,1,NA,NA,NA,2026-07-30T22:54:09Z,1
R_4YLfcHAmeC5WeWy,2,11,2,3,0,3,1,3,113,NA,1,5,NA,5,1,NA,NA,NA,2026-07-30T22:54:09Z,1
R_4YLfcHAmeC5WeWy,2,11,3,3,1,0,0,0,0,NA,1,5,NA,5,1,NA,NA,NA,2026-07-30T22:54:09Z,1
R_4YLfcHAmeC5WeWy,2,12,1,2,0,1,1,3,11,NA,1,5,NA,5,1,NA,NA,NA,2026-07-30T22:54:09Z,1
R_4YLfcHAmeC5WeWy,2,12,2,2,1,3,3,2,113,NA,1,5,NA,5,1,NA,NA,NA,2026-07-30T22:54:09Z,1
R_4YLfcHAmeC5WeWy,2,12,3,2,0,0,0,0,0,NA,1,5,NA,5,1,NA,NA,NA,2026-07-30T22:54:09Z,1
R_4YLfcHAmeC5WeWy,2,13,1,2,0,3,1,2,22,NA,1,5,NA,5,1,NA,NA,NA,2026-07-30T22:54:09Z,1
R_4YLfcHAmeC5WeWy,2,13,2,2,1,1,2,1,84,NA,1,5,NA,5,1,NA,NA,NA,2026-07-30T22:54:09Z,1
R_4YLfcHAmeC5WeWy,2,13,3,2,0,0,0,0,0,NA,1,5,NA,5,1,NA,NA,NA,2026-07-30T22:54:09Z,1
R_4YLfcHAmeC5WeWy,2,14,1,2,0,3,3,1,22,NA,1,5,NA,5,1,NA,NA,NA,2026-07-30T22:54:09Z,1
R_4YLfcHAmeC5WeWy,2,14,2,2,1,1,2,3,84,NA,1,5,NA,5,1,NA,NA,NA,2026-07-30T22:54:09Z,1
R_4YLfcHAmeC5WeWy,2,14,3,2,0,0,0,0,0,NA,1,5,NA,5,1,NA,NA,NA,2026-07-30T22:54:09Z,1
R_4YLfcHAmeC5WeWy,2,15,1,3,0,3,1,3,113,NA,1,5,NA,5,1,NA,NA,NA,2026-07-30T22:54:09Z,1
R_4YLfcHAmeC5WeWy,2,15,2,3,0,2,3,2,11,NA,1,5,NA,5,1,NA,NA,NA,2026-07-30T22:54:09Z,1
R_4YLfcHAmeC5WeWy,2,15,3,3,1,0,0,0,0,NA,1,5,NA,5,1,NA,NA,NA,2026-07-30T22:54:09Z,1
R_4YLfcHAmeC5WeWy,2,16,1,2,0,2,1,1,84,NA,1,5,NA,5,1,NA,NA,NA,2026-07-30T22:54:09Z,1
R_4YLfcHAmeC5WeWy,2,16,2,2,1,1,3,2,22,NA,1,5,NA,5,1,NA,NA,NA,2026-07-30T22:54:09Z,1
R_4YLfcHAmeC5WeWy,2,16,3,2,0,0,0,0,0,NA,1,5,NA,5,1,NA,NA,NA,2026-07-30T22:54:09Z,1
R_4YLfcHAmeC5WeWy,2,9,1,3,0,1,3,1,113,NA,1,5,NA,5,1,NA,NA,NA,2026-07-30T22:54:09Z,1
R_4YLfcHAmeC5WeWy,2,9,2,3,0,2,2,3,11,NA,1,5,NA,5,1,NA,NA,NA,2026-07-30T22:54:09Z,1
R_4YLfcHAmeC5WeWy,2,9,3,3,1,0,0,0,0,NA,1,5,NA,5,1,NA,NA,NA,2026-07-30T22:54:09Z,1
R_5AtPekUZI6RjGv4,1,1,1,2,0,1,2,1,84,NA,1,2,NA,NA,3,NA,NA,NA,2026-07-15T13:30:58Z,1
R_5AtPekUZI6RjGv4,1,1,2,2,1,2,3,3,56,NA,1,2,NA,NA,3,NA,NA,NA,2026-07-15T13:30:58Z,1
R_5AtPekUZI6RjGv4,1,1,3,2,0,0,0,0,0,NA,1,2,NA,NA,3,NA,NA,NA,2026-07-15T13:30:58Z,1
R_5AtPekUZI6RjGv4,1,2,1,3,0,2,3,3,56,NA,1,2,NA,NA,3,NA,NA,NA,2026-07-15T13:30:58Z,1
R_5AtPekUZI6RjGv4,1,2,2,3,0,3,2,2,56,NA,1,2,NA,NA,3,NA,NA,NA,2026-07-15T13:30:58Z,1
R_5AtPekUZI6RjGv4,1,2,3,3,1,0,0,0,0,NA,1,2,NA,NA,3,NA,NA,NA,2026-07-15T13:30:58Z,1
R_5AtPekUZI6RjGv4,1,3,1,3,0,3,2,1,113,NA,1,2,NA,NA,3,NA,NA,NA,2026-07-15T13:30:58Z,1
R_5AtPekUZI6RjGv4,1,3,2,3,0,1,1,3,22,NA,1,2,NA,NA,3,NA,NA,NA,2026-07-15T13:30:58Z,1
R_5AtPekUZI6RjGv4,1,3,3,3,1,0,0,0,0,NA,1,2,NA,NA,3,NA,NA,NA,2026-07-15T13:30:58Z,1
R_5AtPekUZI6RjGv4,1,4,1,2,0,2,2,2,84,NA,1,2,NA,NA,3,NA,NA,NA,2026-07-15T13:30:58Z,1
R_5AtPekUZI6RjGv4,1,4,2,2,1,1,3,1,56,NA,1,2,NA,NA,3,NA,NA,NA,2026-07-15T13:30:58Z,1
R_5AtPekUZI6RjGv4,1,4,3,2,0,0,0,0,0,NA,1,2,NA,NA,3,NA,NA,NA,2026-07-15T13:30:58Z,1
R_5AtPekUZI6RjGv4,1,5,1,1,1,1,2,2,11,NA,1,2,NA,NA,3,NA,NA,NA,2026-07-15T13:30:58Z,1
R_5AtPekUZI6RjGv4,1,5,2,1,0,2,1,1,11,NA,1,2,NA,NA,3,NA,NA,NA,2026-07-15T13:30:58Z,1
R_5AtPekUZI6RjGv4,1,5,3,1,0,0,0,0,0,NA,1,2,NA,NA,3,NA,NA,NA,2026-07-15T13:30:58Z,1
R_5AtPekUZI6RjGv4,1,6,1,2,0,3,2,3,22,NA,1,2,NA,NA,3,NA,NA,NA,2026-07-15T13:30:58Z,1
R_5AtPekUZI6RjGv4,1,6,2,2,1,2,1,2,113,NA,1,2,NA,NA,3,NA,NA,NA,2026-07-15T13:30:58Z,1
R_5AtPekUZI6RjGv4,1,6,3,2,0,0,0,0,0,NA,1,2,NA,NA,3,NA,NA,NA,2026-07-15T13:30:58Z,1
R_5AtPekUZI6RjGv4,1,7,1,3,0,3,3,2,56,NA,1,2,NA,NA,3,NA,NA,NA,2026-07-15T13:30:58Z,1
R_5AtPekUZI6RjGv4,1,7,2,3,0,2,2,1,84,NA,1,2,NA,NA,3,NA,NA,NA,2026-07-15T13:30:58Z,1
R_5AtPekUZI6RjGv4,1,7,3,3,1,0,0,0,0,NA,1,2,NA,NA,3,NA,NA,NA,2026-07-15T13:30:58Z,1
R_5AtPekUZI6RjGv4,1,8,1,1,1,1,1,2,56,NA,1,2,NA,NA,3,NA,NA,NA,2026-07-15T13:30:58Z,1
R_5AtPekUZI6RjGv4,1,8,2,1,0,3,3,3,22,NA,1,2,NA,NA,3,NA,NA,NA,2026-07-15T13:30:58Z,1
R_5AtPekUZI6RjGv4,1,8,3,1,0,0,0,0,0,NA,1,2,NA,NA,3,NA,NA,NA,2026-07-15T13:30:58Z,1
R_5gS6ZsfdgRunguq,1,1,1,3,0,1,2,1,84,NA,1,7,"Laoreet, tortor? Curabitur pharetra, fringilla eros wisi sapien ridiculus sollicitudin cras ultricies at accumsan.",NA,3,NA,NA,NA,2026-06-23T11:57:30Z,1
R_5gS6ZsfdgRunguq,1,1,2,3,0,2,3,3,56,NA,1,7,"Laoreet, tortor? Curabitur pharetra, fringilla eros wisi sapien ridiculus sollicitudin cras ultricies at accumsan.",NA,3,NA,NA,NA,2026-06-23T11:57:30Z,1
R_5gS6ZsfdgRunguq,1,1,3,3,1,0,0,0,0,NA,1,7,"Laoreet, tortor? Curabitur pharetra, fringilla eros wisi sapien ridiculus sollicitudin cras ultricies at accumsan.",NA,3,NA,NA,NA,2026-06-23T11:57:30Z,1
R_5gS6ZsfdgRunguq,1,2,1,2,0,2,3,3,56,NA,1,7,"Laoreet, tortor? Curabitur pharetra, fringilla eros wisi sapien ridiculus sollicitudin cras ultricies at accumsan.",NA,3,NA,NA,NA,2026-06-23T11:57:30Z,1
R_5gS6ZsfdgRunguq,1,2,2,2,1,3,2,2,56,NA,1,7,"Laoreet, tortor? Curabitur pharetra, fringilla eros wisi sapien ridiculus sollicitudin cras ultricies at accumsan.",NA,3,NA,NA,NA,2026-06-23T11:57:30Z,1
R_5gS6ZsfdgRunguq,1,2,3,2,0,0,0,0,0,NA,1,7,"Laoreet, tortor? Curabitur pharetra, fringilla eros wisi sapien ridiculus sollicitudin cras ultricies at accumsan.",NA,3,NA,NA,NA,2026-06-23T11:57:30Z,1
R_5gS6ZsfdgRunguq,1,3,1,1,1,3,2,1,113,NA,1,7,"Laoreet, tortor? Curabitur pharetra, fringilla eros wisi sapien ridiculus sollicitudin cras ultricies at accumsan.",NA,3,NA,NA,NA,2026-06-23T11:57:30Z,1
R_5gS6ZsfdgRunguq,1,3,2,1,0,1,1,3,22,NA,1,7,"Laoreet, tortor? Curabitur pharetra, fringilla eros wisi sapien ridiculus sollicitudin cras ultricies at accumsan.",NA,3,NA,NA,NA,2026-06-23T11:57:30Z,1
R_5gS6ZsfdgRunguq,1,3,3,1,0,0,0,0,0,NA,1,7,"Laoreet, tortor? Curabitur pharetra, fringilla eros wisi sapien ridiculus sollicitudin cras ultricies at accumsan.",NA,3,NA,NA,NA,2026-06-23T11:57:30Z,1
R_5gS6ZsfdgRunguq,1,4,1,1,1,2,2,2,84,NA,1,7,"Laoreet, tortor? Curabitur pharetra, fringilla eros wisi sapien ridiculus sollicitudin cras ultricies at accumsan.",NA,3,NA,NA,NA,2026-06-23T11:57:30Z,1
R_5gS6ZsfdgRunguq,1,4,2,1,0,1,3,1,56,NA,1,7,"Laoreet, tortor? Curabitur pharetra, fringilla eros wisi sapien ridiculus sollicitudin cras ultricies at accumsan.",NA,3,NA,NA,NA,2026-06-23T11:57:30Z,1
R_5gS6ZsfdgRunguq,1,4,3,1,0,0,0,0,0,NA,1,7,"Laoreet, tortor? Curabitur pharetra, fringilla eros wisi sapien ridiculus sollicitudin cras ultricies at accumsan.",NA,3,NA,NA,NA,2026-06-23T11:57:30Z,1
R_5gS6ZsfdgRunguq,1,5,1,1,1,1,2,2,11,NA,1,7,"Laoreet, tortor? Curabitur pharetra, fringilla eros wisi sapien ridiculus sollicitudin cras ultricies at accumsan.",NA,3,NA,NA,NA,2026-06-23T11:57:30Z,1
R_5gS6ZsfdgRunguq,1,5,2,1,0,2,1,1,11,NA,1,7,"Laoreet, tortor? Curabitur pharetra, fringilla eros wisi sapien ridiculus sollicitudin cras ultricies at accumsan.",NA,3,NA,NA,NA,2026-06-23T11:57:30Z,1
R_5gS6ZsfdgRunguq,1,5,3,1,0,0,0,0,0,NA,1,7,"Laoreet, tortor? Curabitur pharetra, fringilla eros wisi sapien ridiculus sollicitudin cras ultricies at accumsan.",NA,3,NA,NA,NA,2026-06-23T11:57:30Z,1
R_5gS6ZsfdgRunguq,1,6,1,2,0,3,2,3,22,NA,1,7,"Laoreet, tortor? Curabitur pharetra, fringilla eros wisi sapien ridiculus sollicitudin cras ultricies at accumsan.",NA,3,NA,NA,NA,2026-06-23T11:57:30Z,1
R_5gS6ZsfdgRunguq,1,6,2,2,1,2,1,2,113,NA,1,7,"Laoreet, tortor? Curabitur pharetra, fringilla eros wisi sapien ridiculus sollicitudin cras ultricies at accumsan.",NA,3,NA,NA,NA,2026-06-23T11:57:30Z,1
R_5gS6ZsfdgRunguq,1,6,3,2,0,0,0,0,0,NA,1,7,"Laoreet, tortor? Curabitur pharetra, fringilla eros wisi sapien ridiculus sollicitudin cras ultricies at accumsan.",NA,3,NA,NA,NA,2026-06-23T11:57:30Z,1
R_5gS6ZsfdgRunguq,1,7,1,3,0,3,3,2,56,NA,1,7,"Laoreet, tortor? Curabitur pharetra, fringilla eros wisi sapien ridiculus sollicitudin cras ultricies at accumsan.",NA,3,NA,NA,NA,2026-06-23T11:57:30Z,1
R_5gS6ZsfdgRunguq,1,7,2,3,0,2,2,1,84,NA,1,7,"Laoreet, tortor? Curabitur pharetra, fringilla eros wisi sapien ridiculus sollicitudin cras ultricies at accumsan.",NA,3,NA,NA,NA,2026-06-23T11:57:30Z,1
R_5gS6ZsfdgRunguq,1,7,3,3,1,0,0,0,0,NA,1,7,"Laoreet, tortor? Curabitur pharetra, fringilla eros wisi sapien ridiculus sollicitudin cras ultricies at accumsan.",NA,3,NA,NA,NA,2026-06-23T11:57:30Z,1
R_5gS6ZsfdgRunguq,1,8,1,3,0,1,1,2,56,NA,1,7,"Laoreet, tortor? Curabitur pharetra, fringilla eros wisi sapien ridiculus sollicitudin cras ultricies at accumsan.",NA,3,NA,NA,NA,2026-06-23T11:57:30Z,1
R_5gS6ZsfdgRunguq,1,8,2,3,0,3,3,3,22,NA,1,7,"Laoreet, tortor? Curabitur pharetra, fringilla eros wisi sapien ridiculus sollicitudin cras ultricies at accumsan.",NA,3,NA,NA,NA,2026-06-23T11:57:30Z,1
R_5gS6ZsfdgRunguq,1,8,3,3,1,0,0,0,0,NA,1,7,"Laoreet, tortor? Curabitur pharetra, fringilla eros wisi sapien ridiculus sollicitudin cras ultricies at accumsan.",NA,3,NA,NA,NA,2026-06-23T11:57:30Z,1
R_5gywO2KJT4r8p8y,1,1,1,5,0,1,2,1,84,NA,3,5,NA,NA,2,NA,NA,NA,2026-06-23T11:57:14Z,1
R_5gywO2KJT4r8p8y,1,1,2,5,0,2,3,3,56,NA,3,5,NA,NA,2,NA,NA,NA,2026-06-23T11:57:14Z,1
R_5gywO2KJT4r8p8y,1,1,3,5,0,0,0,0,0,NA,3,5,NA,NA,2,NA,NA,NA,2026-06-23T11:57:14Z,1
R_5gywO2KJT4r8p8y,1,2,1,1,1,2,3,3,56,NA,3,5,NA,NA,2,NA,NA,NA,2026-06-23T11:57:14Z,1
R_5gywO2KJT4r8p8y,1,2,2,1,0,3,2,2,56,NA,3,5,NA,NA,2,NA,NA,NA,2026-06-23T11:57:14Z,1
R_5gywO2KJT4r8p8y,1,2,3,1,0,0,0,0,0,NA,3,5,NA,NA,2,NA,NA,NA,2026-06-23T11:57:14Z,1
R_5gywO2KJT4r8p8y,1,3,1,3,0,3,2,1,113,NA,3,5,NA,NA,2,NA,NA,NA,2026-06-23T11:57:14Z,1
R_5gywO2KJT4r8p8y,1,3,2,3,0,1,1,3,22,NA,3,5,NA,NA,2,NA,NA,NA,2026-06-23T11:57:14Z,1
R_5gywO2KJT4r8p8y,1,3,3,3,1,0,0,0,0,NA,3,5,NA,NA,2,NA,NA,NA,2026-06-23T11:57:14Z,1
R_5gywO2KJT4r8p8y,1,4,1,2,0,2,2,2,84,NA,3,5,NA,NA,2,NA,NA,NA,2026-06-23T11:57:14Z,1
R_5gywO2KJT4r8p8y,1,4,2,2,1,1,3,1,56,NA,3,5,NA,NA,2,NA,NA,NA,2026-06-23T11:57:14Z,1
R_5gywO2KJT4r8p8y,1,4,3,2,0,0,0,0,0,NA,3,5,NA,NA,2,NA,NA,NA,2026-06-23T11:57:14Z,1
R_5gywO2KJT4r8p8y,1,5,1,1,1,1,2,2,11,NA,3,5,NA,NA,2,NA,NA,NA,2026-06-23T11:57:14Z,1
R_5gywO2KJT4r8p8y,1,5,2,1,0,2,1,1,11,NA,3,5,NA,NA,2,NA,NA,NA,2026-06-23T11:57:14Z,1
R_5gywO2KJT4r8p8y,1,5,3,1,0,0,0,0,0,NA,3,5,NA,NA,2,NA,NA,NA,2026-06-23T11:57:14Z,1
R_5gywO2KJT4r8p8y,1,6,1,3,0,3,2,3,22,NA,3,5,NA,NA,2,NA,NA,NA,2026-06-23T11:57:14Z,1
R_5gywO2KJT4r8p8y,1,6,2,3,0,2,1,2,113,NA,3,5,NA,NA,2,NA,NA,NA,2026-06-23T11:57:14Z,1
R_5gywO2KJT4r8p8y,1,6,3,3,1,0,0,0,0,NA,3,5,NA,NA,2,NA,NA,NA,2026-06-23T11:57:14Z,1
R_5gywO2KJT4r8p8y,1,7,1,3,0,3,3,2,56,NA,3,5,NA,NA,2,NA,NA,NA,2026-06-23T11:57:14Z,1
R_5gywO2KJT4r8p8y,1,7,2,3,0,2,2,1,84,NA,3,5,NA,NA,2,NA,NA,NA,2026-06-23T11:57:14Z,1
R_5gywO2KJT4r8p8y,1,7,3,3,1,0,0,0,0,NA,3,5,NA,NA,2,NA,NA,NA,2026-06-23T11:57:14Z,1
R_5gywO2KJT4r8p8y,1,8,1,3,0,1,1,2,56,NA,3,5,NA,NA,2,NA,NA,NA,2026-06-23T11:57:14Z,1
R_5gywO2KJT4r8p8y,1,8,2,3,0,3,3,3,22,NA,3,5,NA,NA,2,NA,NA,NA,2026-06-23T11:57:14Z,1
R_5gywO2KJT4r8p8y,1,8,3,3,1,0,0,0,0,NA,3,5,NA,NA,2,NA,NA,NA,2026-06-23T11:57:14Z,1
R_5iqmL77r6ftvgPk,1,1,1,5,0,1,2,1,84,NA,2,1,NA,NA,3,NA,NA,NA,2026-07-15T13:30:59Z,1
R_5iqmL77r6ftvgPk,1,1,2,5,0,2,3,3,56,NA,2,1,NA,NA,3,NA,NA,NA,2026-07-15T13:30:59Z,1
R_5iqmL77r6ftvgPk,1,1,3,5,0,0,0,0,0,NA,2,1,NA,NA,3,NA,NA,NA,2026-07-15T13:30:59Z,1
R_5iqmL77r6ftvgPk,1,2,1,2,0,2,3,3,56,NA,2,1,NA,NA,3,NA,NA,NA,2026-07-15T13:30:59Z,1
R_5iqmL77r6ftvgPk,1,2,2,2,1,3,2,2,56,NA,2,1,NA,NA,3,NA,NA,NA,2026-07-15T13:30:59Z,1
R_5iqmL77r6ftvgPk,1,2,3,2,0,0,0,0,0,NA,2,1,NA,NA,3,NA,NA,NA,2026-07-15T13:30:59Z,1
R_5iqmL77r6ftvgPk,1,3,1,2,0,3,2,1,113,NA,2,1,NA,NA,3,NA,NA,NA,2026-07-15T13:30:59Z,1
R_5iqmL77r6ftvgPk,1,3,2,2,1,1,1,3,22,NA,2,1,NA,NA,3,NA,NA,NA,2026-07-15T13:30:59Z,1
R_5iqmL77r6ftvgPk,1,3,3,2,0,0,0,0,0,NA,2,1,NA,NA,3,NA,NA,NA,2026-07-15T13:30:59Z,1
R_5iqmL77r6ftvgPk,1,4,1,3,0,2,2,2,84,NA,2,1,NA,NA,3,NA,NA,NA,2026-07-15T13:30:59Z,1
R_5iqmL77r6ftvgPk,1,4,2,3,0,1,3,1,56,NA,2,1,NA,NA,3,NA,NA,NA,2026-07-15T13:30:59Z,1
R_5iqmL77r6ftvgPk,1,4,3,3,1,0,0,0,0,NA,2,1,NA,NA,3,NA,NA,NA,2026-07-15T13:30:59Z,1
R_5iqmL77r6ftvgPk,1,5,1,2,0,1,2,2,11,NA,2,1,NA,NA,3,NA,NA,NA,2026-07-15T13:30:59Z,1
R_5iqmL77r6ftvgPk,1,5,2,2,1,2,1,1,11,NA,2,1,NA,NA,3,NA,NA,NA,2026-07-15T13:30:59Z,1
R_5iqmL77r6ftvgPk,1,5,3,2,0,0,0,0,0,NA,2,1,NA,NA,3,NA,NA,NA,2026-07-15T13:30:59Z,1
R_5iqmL77r6ftvgPk,1,6,1,2,0,3,2,3,22,NA,2,1,NA,NA,3,NA,NA,NA,2026-07-15T13:30:59Z,1
R_5iqmL77r6ftvgPk,1,6,2,2,1,2,1,2,113,NA,2,1,NA,NA,3,NA,NA,NA,2026-07-15T13:30:59Z,1
R_5iqmL77r6ftvgPk,1,6,3,2,0,0,0,0,0,NA,2,1,NA,NA,3,NA,NA,NA,2026-07-15T13:30:59Z,1
R_5iqmL77r6ftvgPk,1,7,1,1,1,3,3,2,56,NA,2,1,NA,NA,3,NA,NA,NA,2026-07-15T13:30:59Z,1
R_5iqmL77r6ftvgPk,1,7,2,1,0,2,2,1,84,NA,2,1,NA,NA,3,NA,NA,NA,2026-07-15T13:30:59Z,1
R_5iqmL77r6ftvgPk,1,7,3,1,0,0,0,0,0,NA,2,1,NA,NA,3,NA,NA,NA,2026-07-15T13:30:59Z,1
R_5iqmL77r6ftvgPk,1,8,1,2,0,1,1,2,56,NA,2,1,NA,NA,3,NA,NA,NA,2026-07-15T13:30:59Z,1
R_5iqmL77r6ftvgPk,1,8,2,2,1,3,3,3,22,NA,2,1,NA,NA,3,NA,NA,NA,2026-07-15T13:30:59Z,1
R_5iqmL77r6ftvgPk,1,8,3,2,0,0,0,0,0,NA,2,1,NA,NA,3,NA,NA,NA,2026-07-15T13:30:59Z,1
R_5o191d0C4znhFLo,1,1,1,5,0,1,2,1,84,NA,3,6,NA,4,2,NA,NA,NA,2026-07-30T22:53:51Z,1
R_5o191d0C4znhFLo,1,1,2,5,0,2,3,3,56,NA,3,6,NA,4,2,NA,NA,NA,2026-07-30T22:53:51Z,1
R_5o191d0C4znhFLo,1,1,3,5,0,0,0,0,0,NA,3,6,NA,4,2,NA,NA,NA,2026-07-30T22:53:51Z,1
R_5o191d0C4znhFLo,1,2,1,1,1,2,3,3,56,NA,3,6,NA,4,2,NA,NA,NA,2026-07-30T22:53:51Z,1
R_5o191d0C4znhFLo,1,2,2,1,0,3,2,2,56,NA,3,6,NA,4,2,NA,NA,NA,2026-07-30T22:53:51Z,1
R_5o191d0C4znhFLo,1,2,3,1,0,0,0,0,0,NA,3,6,NA,4,2,NA,NA,NA,2026-07-30T22:53:51Z,1
R_5o191d0C4znhFLo,1,3,1,3,0,3,2,1,113,NA,3,6,NA,4,2,NA,NA,NA,2026-07-30T22:53:51Z,1
R_5o191d0C4znhFLo,1,3,2,3,0,1,1,3,22,NA,3,6,NA,4,2,NA,NA,NA,2026-07-30T22:53:51Z,1
R_5o191d0C4znhFLo,1,3,3,3,1,0,0,0,0,NA,3,6,NA,4,2,NA,NA,NA,2026-07-30T22:53:51Z,1
R_5o191d0C4znhFLo,1,4,1,1,1,2,2,2,84,NA,3,6,NA,4,2,NA,NA,NA,2026-07-30T22:53:51Z,1
R_5o191d0C4znhFLo,1,4,2,1,0,1,3,1,56,NA,3,6,NA,4,2,NA,NA,NA,2026-07-30T22:53:51Z,1
R_5o191d0C4znhFLo,1,4,3,1,0,0,0,0,0,NA,3,6,NA,4,2,NA,NA,NA,2026-07-30T22:53:51Z,1
R_5o191d0C4znhFLo,1,5,1,3,0,1,2,2,11,NA,3,6,NA,4,2,NA,NA,NA,2026-07-30T22:53:51Z,1
R_5o191d0C4znhFLo,1,5,2,3,0,2,1,1,11,NA,3,6,NA,4,2,NA,NA,NA,2026-07-30T22:53:51Z,1
R_5o191d0C4znhFLo,1,5,3,3,1,0,0,0,0,NA,3,6,NA,4,2,NA,NA,NA,2026-07-30T22:53:51Z,1
R_5o191d0C4znhFLo,1,6,1,3,0,3,2,3,22,NA,3,6,NA,4,2,NA,NA,NA,2026-07-30T22:53:51Z,1
R_5o191d0C4znhFLo,1,6,2,3,0,2,1,2,113,NA,3,6,NA,4,2,NA,NA,NA,2026-07-30T22:53:51Z,1
R_5o191d0C4znhFLo,1,6,3,3,1,0,0,0,0,NA,3,6,NA,4,2,NA,NA,NA,2026-07-30T22:53:51Z,1
R_5o191d0C4znhFLo,1,7,1,3,0,3,3,2,56,NA,3,6,NA,4,2,NA,NA,NA,2026-07-30T22:53:51Z,1
R_5o191d0C4znhFLo,1,7,2,3,0,2,2,1,84,NA,3,6,NA,4,2,NA,NA,NA,2026-07-30T22:53:51Z,1
R_5o191d0C4znhFLo,1,7,3,3,1,0,0,0,0,NA,3,6,NA,4,2,NA,NA,NA,2026-07-30T22:53:51Z,1
R_5o191d0C4znhFLo,1,8,1,2,0,1,1,2,56,NA,3,6,NA,4,2,NA,NA,NA,2026-07-30T22:53:51Z,1
R_5o191d0C4znhFLo,1,8,2,2,1,3,3,3,22,NA,3,6,NA,4,2,NA,NA,NA,2026-07-30T22:53:51Z,1
R_5o191d0C4znhFLo,1,8,3,2,0,0,0,0,0,NA,3,6,NA,4,2,NA,NA,NA,2026-07-30T22:53:51Z,1
R_5tCeAcQZsaf9I0e,2,10,1,1,1,2,3,3,113,NA,2,5,NA,NA,4,"Mattis natoque vitae curabitur. Volutpat ligula dapibus purus vivamus leo, rhoncus primis, aliquam morbi laoreet.",NA,NA,2026-06-23T11:57:26Z,1
R_5tCeAcQZsaf9I0e,2,10,2,1,0,3,1,1,11,NA,2,5,NA,NA,4,"Mattis natoque vitae curabitur. Volutpat ligula dapibus purus vivamus leo, rhoncus primis, aliquam morbi laoreet.",NA,NA,2026-06-23T11:57:26Z,1
R_5tCeAcQZsaf9I0e,2,10,3,1,0,0,0,0,0,NA,2,5,NA,NA,4,"Mattis natoque vitae curabitur. Volutpat ligula dapibus purus vivamus leo, rhoncus primis, aliquam morbi laoreet.",NA,NA,2026-06-23T11:57:26Z,1
R_5tCeAcQZsaf9I0e,2,11,1,2,0,2,3,1,11,NA,2,5,NA,NA,4,"Mattis natoque vitae curabitur. Volutpat ligula dapibus purus vivamus leo, rhoncus primis, aliquam morbi laoreet.",NA,NA,2026-06-23T11:57:26Z,1
R_5tCeAcQZsaf9I0e,2,11,2,2,1,3,1,3,113,NA,2,5,NA,NA,4,"Mattis natoque vitae curabitur. Volutpat ligula dapibus purus vivamus leo, rhoncus primis, aliquam morbi laoreet.",NA,NA,2026-06-23T11:57:26Z,1
R_5tCeAcQZsaf9I0e,2,11,3,2,0,0,0,0,0,NA,2,5,NA,NA,4,"Mattis natoque vitae curabitur. Volutpat ligula dapibus purus vivamus leo, rhoncus primis, aliquam morbi laoreet.",NA,NA,2026-06-23T11:57:26Z,1
R_5tCeAcQZsaf9I0e,2,12,1,1,1,1,1,3,11,NA,2,5,NA,NA,4,"Mattis natoque vitae curabitur. Volutpat ligula dapibus purus vivamus leo, rhoncus primis, aliquam morbi laoreet.",NA,NA,2026-06-23T11:57:26Z,1
R_5tCeAcQZsaf9I0e,2,12,2,1,0,3,3,2,113,NA,2,5,NA,NA,4,"Mattis natoque vitae curabitur. Volutpat ligula dapibus purus vivamus leo, rhoncus primis, aliquam morbi laoreet.",NA,NA,2026-06-23T11:57:26Z,1
R_5tCeAcQZsaf9I0e,2,12,3,1,0,0,0,0,0,NA,2,5,NA,NA,4,"Mattis natoque vitae curabitur. Volutpat ligula dapibus purus vivamus leo, rhoncus primis, aliquam morbi laoreet.",NA,NA,2026-06-23T11:57:26Z,1
R_5tCeAcQZsaf9I0e,2,13,1,1,1,3,1,2,22,NA,2,5,NA,NA,4,"Mattis natoque vitae curabitur. Volutpat ligula dapibus purus vivamus leo, rhoncus primis, aliquam morbi laoreet.",NA,NA,2026-06-23T11:57:26Z,1
R_5tCeAcQZsaf9I0e,2,13,2,1,0,1,2,1,84,NA,2,5,NA,NA,4,"Mattis natoque vitae curabitur. Volutpat ligula dapibus purus vivamus leo, rhoncus primis, aliquam morbi laoreet.",NA,NA,2026-06-23T11:57:26Z,1
R_5tCeAcQZsaf9I0e,2,13,3,1,0,0,0,0,0,NA,2,5,NA,NA,4,"Mattis natoque vitae curabitur. Volutpat ligula dapibus purus vivamus leo, rhoncus primis, aliquam morbi laoreet.",NA,NA,2026-06-23T11:57:26Z,1
R_5tCeAcQZsaf9I0e,2,14,1,3,0,3,3,1,22,NA,2,5,NA,NA,4,"Mattis natoque vitae curabitur. Volutpat ligula dapibus purus vivamus leo, rhoncus primis, aliquam morbi laoreet.",NA,NA,2026-06-23T11:57:26Z,1
R_5tCeAcQZsaf9I0e,2,14,2,3,0,1,2,3,84,NA,2,5,NA,NA,4,"Mattis natoque vitae curabitur. Volutpat ligula dapibus purus vivamus leo, rhoncus primis, aliquam morbi laoreet.",NA,NA,2026-06-23T11:57:26Z,1
R_5tCeAcQZsaf9I0e,2,14,3,3,1,0,0,0,0,NA,2,5,NA,NA,4,"Mattis natoque vitae curabitur. Volutpat ligula dapibus purus vivamus leo, rhoncus primis, aliquam morbi laoreet.",NA,NA,2026-06-23T11:57:26Z,1
R_5tCeAcQZsaf9I0e,2,15,1,1,1,3,1,3,113,NA,2,5,NA,NA,4,"Mattis natoque vitae curabitur. Volutpat ligula dapibus purus vivamus leo, rhoncus primis, aliquam morbi laoreet.",NA,NA,2026-06-23T11:57:26Z,1
R_5tCeAcQZsaf9I0e,2,15,2,1,0,2,3,2,11,NA,2,5,NA,NA,4,"Mattis natoque vitae curabitur. Volutpat ligula dapibus purus vivamus leo, rhoncus primis, aliquam morbi laoreet.",NA,NA,2026-06-23T11:57:26Z,1
R_5tCeAcQZsaf9I0e,2,15,3,1,0,0,0,0,0,NA,2,5,NA,NA,4,"Mattis natoque vitae curabitur. Volutpat ligula dapibus purus vivamus leo, rhoncus primis, aliquam morbi laoreet.",NA,NA,2026-06-23T11:57:26Z,1
R_5tCeAcQZsaf9I0e,2,16,1,1,1,2,1,1,84,NA,2,5,NA,NA,4,"Mattis natoque vitae curabitur. Volutpat ligula dapibus purus vivamus leo, rhoncus primis, aliquam morbi laoreet.",NA,NA,2026-06-23T11:57:26Z,1
R_5tCeAcQZsaf9I0e,2,16,2,1,0,1,3,2,22,NA,2,5,NA,NA,4,"Mattis natoque vitae curabitur. Volutpat ligula dapibus purus vivamus leo, rhoncus primis, aliquam morbi laoreet.",NA,NA,2026-06-23T11:57:26Z,1
R_5tCeAcQZsaf9I0e,2,16,3,1,0,0,0,0,0,NA,2,5,NA,NA,4,"Mattis natoque vitae curabitur. Volutpat ligula dapibus purus vivamus leo, rhoncus primis, aliquam morbi laoreet.",NA,NA,2026-06-23T11:57:26Z,1
R_5tCeAcQZsaf9I0e,2,9,1,1,1,1,3,1,113,NA,2,5,NA,NA,4,"Mattis natoque vitae curabitur. Volutpat ligula dapibus purus vivamus leo, rhoncus primis, aliquam morbi laoreet.",NA,NA,2026-06-23T11:57:26Z,1
R_5tCeAcQZsaf9I0e,2,9,2,1,0,2,2,3,11,NA,2,5,NA,NA,4,"Mattis natoque vitae curabitur. Volutpat ligula dapibus purus vivamus leo, rhoncus primis, aliquam morbi laoreet.",NA,NA,2026-06-23T11:57:26Z,1
R_5tCeAcQZsaf9I0e,2,9,3,1,0,0,0,0,0,NA,2,5,NA,NA,4,"Mattis natoque vitae curabitur. Volutpat ligula dapibus purus vivamus leo, rhoncus primis, aliquam morbi laoreet.",NA,NA,2026-06-23T11:57:26Z,1
R_5uP5hzQNRw4w1Ui,2,10,1,1,1,2,3,3,113,NA,1,3,NA,4,2,NA,NA,NA,2026-07-30T22:53:50Z,1
R_5uP5hzQNRw4w1Ui,2,10,2,1,0,3,1,1,11,NA,1,3,NA,4,2,NA,NA,NA,2026-07-30T22:53:50Z,1
R_5uP5hzQNRw4w1Ui,2,10,3,1,0,0,0,0,0,NA,1,3,NA,4,2,NA,NA,NA,2026-07-30T22:53:50Z,1
R_5uP5hzQNRw4w1Ui,2,11,1,2,0,2,3,1,11,NA,1,3,NA,4,2,NA,NA,NA,2026-07-30T22:53:50Z,1
R_5uP5hzQNRw4w1Ui,2,11,2,2,1,3,1,3,113,NA,1,3,NA,4,2,NA,NA,NA,2026-07-30T22:53:50Z,1
R_5uP5hzQNRw4w1Ui,2,11,3,2,0,0,0,0,0,NA,1,3,NA,4,2,NA,NA,NA,2026-07-30T22:53:50Z,1
R_5uP5hzQNRw4w1Ui,2,12,1,2,0,1,1,3,11,NA,1,3,NA,4,2,NA,NA,NA,2026-07-30T22:53:50Z,1
R_5uP5hzQNRw4w1Ui,2,12,2,2,1,3,3,2,113,NA,1,3,NA,4,2,NA,NA,NA,2026-07-30T22:53:50Z,1
R_5uP5hzQNRw4w1Ui,2,12,3,2,0,0,0,0,0,NA,1,3,NA,4,2,NA,NA,NA,2026-07-30T22:53:50Z,1
R_5uP5hzQNRw4w1Ui,2,13,1,2,0,3,1,2,22,NA,1,3,NA,4,2,NA,NA,NA,2026-07-30T22:53:50Z,1
R_5uP5hzQNRw4w1Ui,2,13,2,2,1,1,2,1,84,NA,1,3,NA,4,2,NA,NA,NA,2026-07-30T22:53:50Z,1
R_5uP5hzQNRw4w1Ui,2,13,3,2,0,0,0,0,0,NA,1,3,NA,4,2,NA,NA,NA,2026-07-30T22:53:50Z,1
R_5uP5hzQNRw4w1Ui,2,14,1,1,1,3,3,1,22,NA,1,3,NA,4,2,NA,NA,NA,2026-07-30T22:53:50Z,1
R_5uP5hzQNRw4w1Ui,2,14,2,1,0,1,2,3,84,NA,1,3,NA,4,2,NA,NA,NA,2026-07-30T22:53:50Z,1
R_5uP5hzQNRw4w1Ui,2,14,3,1,0,0,0,0,0,NA,1,3,NA,4,2,NA,NA,NA,2026-07-30T22:53:50Z,1
R_5uP5hzQNRw4w1Ui,2,15,1,2,0,3,1,3,113,NA,1,3,NA,4,2,NA,NA,NA,2026-07-30T22:53:50Z,1
R_5uP5hzQNRw4w1Ui,2,15,2,2,1,2,3,2,11,NA,1,3,NA,4,2,NA,NA,NA,2026-07-30T22:53:50Z,1
R_5uP5hzQNRw4w1Ui,2,15,3,2,0,0,0,0,0,NA,1,3,NA,4,2,NA,NA,NA,2026-07-30T22:53:50Z,1
R_5uP5hzQNRw4w1Ui,2,16,1,2,0,2,1,1,84,NA,1,3,NA,4,2,NA,NA,NA,2026-07-30T22:53:50Z,1
R_5uP5hzQNRw4w1Ui,2,16,2,2,1,1,3,2,22,NA,1,3,NA,4,2,NA,NA,NA,2026-07-30T22:53:50Z,1
R_5uP5hzQNRw4w1Ui,2,16,3,2,0,0,0,0,0,NA,1,3,NA,4,2,NA,NA,NA,2026-07-30T22:53:50Z,1
R_5uP5hzQNRw4w1Ui,2,9,1,1,1,1,3,1,113,NA,1,3,NA,4,2,NA,NA,NA,2026-07-30T22:53:50Z,1
R_5uP5hzQNRw4w1Ui,2,9,2,1,0,2,2,3,11,NA,1,3,NA,4,2,NA,NA,NA,2026-07-30T22:53:50Z,1
R_5uP5hzQNRw4w1Ui,2,9,3,1,0,0,0,0,0,NA,1,3,NA,4,2,NA,NA,NA,2026-07-30T22:53:50Z,1
R_5zjca3Ivn0I34I6,2,10,1,1,1,2,3,3,113,NA,1,5,NA,6,1,NA,NA,NA,2026-07-30T22:53:44Z,1
R_5zjca3Ivn0I34I6,2,10,2,1,0,3,1,1,11,NA,1,5,NA,6,1,NA,NA,NA,2026-07-30T22:53:44Z,1
R_5zjca3Ivn0I34I6,2,10,3,1,0,0,0,0,0,NA,1,5,NA,6,1,NA,NA,NA,2026-07-30T22:53:44Z,1
R_5zjca3Ivn0I34I6,2,11,1,1,1,2,3,1,11,NA,1,5,NA,6,1,NA,NA,NA,2026-07-30T22:53:44Z,1
R_5zjca3Ivn0I34I6,2,11,2,1,0,3,1,3,113,NA,1,5,NA,6,1,NA,NA,NA,2026-07-30T22:53:44Z,1
R_5zjca3Ivn0I34I6,2,11,3,1,0,0,0,0,0,NA,1,5,NA,6,1,NA,NA,NA,2026-07-30T22:53:44Z,1
R_5zjca3Ivn0I34I6,2,12,1,2,0,1,1,3,11,NA,1,5,NA,6,1,NA,NA,NA,2026-07-30T22:53:44Z,1
R_5zjca3Ivn0I34I6,2,12,2,2,1,3,3,2,113,NA,1,5,NA,6,1,NA,NA,NA,2026-07-30T22:53:44Z,1
R_5zjca3Ivn0I34I6,2,12,3,2,0,0,0,0,0,NA,1,5,NA,6,1,NA,NA,NA,2026-07-30T22:53:44Z,1
R_5zjca3Ivn0I34I6,2,13,1,1,1,3,1,2,22,NA,1,5,NA,6,1,NA,NA,NA,2026-07-30T22:53:44Z,1
R_5zjca3Ivn0I34I6,2,13,2,1,0,1,2,1,84,NA,1,5,NA,6,1,NA,NA,NA,2026-07-30T22:53:44Z,1
R_5zjca3Ivn0I34I6,2,13,3,1,0,0,0,0,0,NA,1,5,NA,6,1,NA,NA,NA,2026-07-30T22:53:44Z,1
R_5zjca3Ivn0I34I6,2,14,1,2,0,3,3,1,22,NA,1,5,NA,6,1,NA,NA,NA,2026-07-30T22:53:44Z,1
R_5zjca3Ivn0I34I6,2,14,2,2,1,1,2,3,84,NA,1,5,NA,6,1,NA,NA,NA,2026-07-30T22:53:44Z,1
R_5zjca3Ivn0I34I6,2,14,3,2,0,0,0,0,0,NA,1,5,NA,6,1,NA,NA,NA,2026-07-30T22:53:44Z,1
R_5zjca3Ivn0I34I6,2,15,1,3,0,3,1,3,113,NA,1,5,NA,6,1,NA,NA,NA,2026-07-30T22:53:44Z,1
R_5zjca3Ivn0I34I6,2,15,2,3,0,2,3,2,11,NA,1,5,NA,6,1,NA,NA,NA,2026-07-30T22:53:44Z,1
R_5zjca3Ivn0I34I6,2,15,3,3,1,0,0,0,0,NA,1,5,NA,6,1,NA,NA,NA,2026-07-30T22:53:44Z,1
R_5zjca3Ivn0I34I6,2,16,1,1,1,2,1,1,84,NA,1,5,NA,6,1,NA,NA,NA,2026-07-30T22:53:44Z,1
R_5zjca3Ivn0I34I6,2,16,2,1,0,1,3,2,22,NA,1,5,NA,6,1,NA,NA,NA,2026-07-30T22:53:44Z,1
R_5zjca3Ivn0I34I6,2,16,3,1,0,0,0,0,0,NA,1,5,NA,6,1,NA,NA,NA,2026-07-30T22:53:44Z,1
R_5zjca3Ivn0I34I6,2,9,1,3,0,1,3,1,113,NA,1,5,NA,6,1,NA,NA,NA,2026-07-30T22:53:44Z,1
R_5zjca3Ivn0I34I6,2,9,2,3,0,2,2,3,11,NA,1,5,NA,6,1,NA,NA,NA,2026-07-30T22:53:44Z,1
R_5zjca3Ivn0I34I6,2,9,3,3,1,0,0,0,0,NA,1,5,NA,6,1,NA,NA,NA,2026-07-30T22:53:44Z,1
R_6CZmylbXEXQRUcC,1,1,1,2,0,1,2,1,84,NA,1,3,NA,5,4,Accumsan euismod placerat sem. Risus mattis leo consectetuer suscipit! Vivamus enim eros.,NA,NA,2026-07-30T22:53:51Z,1
R_6CZmylbXEXQRUcC,1,1,2,2,1,2,3,3,56,NA,1,3,NA,5,4,Accumsan euismod placerat sem. Risus mattis leo consectetuer suscipit! Vivamus enim eros.,NA,NA,2026-07-30T22:53:51Z,1
R_6CZmylbXEXQRUcC,1,1,3,2,0,0,0,0,0,NA,1,3,NA,5,4,Accumsan euismod placerat sem. Risus mattis leo consectetuer suscipit! Vivamus enim eros.,NA,NA,2026-07-30T22:53:51Z,1
R_6CZmylbXEXQRUcC,1,2,1,1,1,2,3,3,56,NA,1,3,NA,5,4,Accumsan euismod placerat sem. Risus mattis leo consectetuer suscipit! Vivamus enim eros.,NA,NA,2026-07-30T22:53:51Z,1
R_6CZmylbXEXQRUcC,1,2,2,1,0,3,2,2,56,NA,1,3,NA,5,4,Accumsan euismod placerat sem. Risus mattis leo consectetuer suscipit! Vivamus enim eros.,NA,NA,2026-07-30T22:53:51Z,1
R_6CZmylbXEXQRUcC,1,2,3,1,0,0,0,0,0,NA,1,3,NA,5,4,Accumsan euismod placerat sem. Risus mattis leo consectetuer suscipit! Vivamus enim eros.,NA,NA,2026-07-30T22:53:51Z,1
R_6CZmylbXEXQRUcC,1,3,1,3,0,3,2,1,113,NA,1,3,NA,5,4,Accumsan euismod placerat sem. Risus mattis leo consectetuer suscipit! Vivamus enim eros.,NA,NA,2026-07-30T22:53:51Z,1
R_6CZmylbXEXQRUcC,1,3,2,3,0,1,1,3,22,NA,1,3,NA,5,4,Accumsan euismod placerat sem. Risus mattis leo consectetuer suscipit! Vivamus enim eros.,NA,NA,2026-07-30T22:53:51Z,1
R_6CZmylbXEXQRUcC,1,3,3,3,1,0,0,0,0,NA,1,3,NA,5,4,Accumsan euismod placerat sem. Risus mattis leo consectetuer suscipit! Vivamus enim eros.,NA,NA,2026-07-30T22:53:51Z,1
R_6CZmylbXEXQRUcC,1,4,1,2,0,2,2,2,84,NA,1,3,NA,5,4,Accumsan euismod placerat sem. Risus mattis leo consectetuer suscipit! Vivamus enim eros.,NA,NA,2026-07-30T22:53:51Z,1
R_6CZmylbXEXQRUcC,1,4,2,2,1,1,3,1,56,NA,1,3,NA,5,4,Accumsan euismod placerat sem. Risus mattis leo consectetuer suscipit! Vivamus enim eros.,NA,NA,2026-07-30T22:53:51Z,1
R_6CZmylbXEXQRUcC,1,4,3,2,0,0,0,0,0,NA,1,3,NA,5,4,Accumsan euismod placerat sem. Risus mattis leo consectetuer suscipit! Vivamus enim eros.,NA,NA,2026-07-30T22:53:51Z,1
R_6CZmylbXEXQRUcC,1,5,1,1,1,1,2,2,11,NA,1,3,NA,5,4,Accumsan euismod placerat sem. Risus mattis leo consectetuer suscipit! Vivamus enim eros.,NA,NA,2026-07-30T22:53:51Z,1
R_6CZmylbXEXQRUcC,1,5,2,1,0,2,1,1,11,NA,1,3,NA,5,4,Accumsan euismod placerat sem. Risus mattis leo consectetuer suscipit! Vivamus enim eros.,NA,NA,2026-07-30T22:53:51Z,1
R_6CZmylbXEXQRUcC,1,5,3,1,0,0,0,0,0,NA,1,3,NA,5,4,Accumsan euismod placerat sem. Risus mattis leo consectetuer suscipit! Vivamus enim eros.,NA,NA,2026-07-30T22:53:51Z,1
R_6CZmylbXEXQRUcC,1,6,1,2,0,3,2,3,22,NA,1,3,NA,5,4,Accumsan euismod placerat sem. Risus mattis leo consectetuer suscipit! Vivamus enim eros.,NA,NA,2026-07-30T22:53:51Z,1
R_6CZmylbXEXQRUcC,1,6,2,2,1,2,1,2,113,NA,1,3,NA,5,4,Accumsan euismod placerat sem. Risus mattis leo consectetuer suscipit! Vivamus enim eros.,NA,NA,2026-07-30T22:53:51Z,1
R_6CZmylbXEXQRUcC,1,6,3,2,0,0,0,0,0,NA,1,3,NA,5,4,Accumsan euismod placerat sem. Risus mattis leo consectetuer suscipit! Vivamus enim eros.,NA,NA,2026-07-30T22:53:51Z,1
R_6CZmylbXEXQRUcC,1,7,1,3,0,3,3,2,56,NA,1,3,NA,5,4,Accumsan euismod placerat sem. Risus mattis leo consectetuer suscipit! Vivamus enim eros.,NA,NA,2026-07-30T22:53:51Z,1
R_6CZmylbXEXQRUcC,1,7,2,3,0,2,2,1,84,NA,1,3,NA,5,4,Accumsan euismod placerat sem. Risus mattis leo consectetuer suscipit! Vivamus enim eros.,NA,NA,2026-07-30T22:53:51Z,1
R_6CZmylbXEXQRUcC,1,7,3,3,1,0,0,0,0,NA,1,3,NA,5,4,Accumsan euismod placerat sem. Risus mattis leo consectetuer suscipit! Vivamus enim eros.,NA,NA,2026-07-30T22:53:51Z,1
R_6CZmylbXEXQRUcC,1,8,1,1,1,1,1,2,56,NA,1,3,NA,5,4,Accumsan euismod placerat sem. Risus mattis leo consectetuer suscipit! Vivamus enim eros.,NA,NA,2026-07-30T22:53:51Z,1
R_6CZmylbXEXQRUcC,1,8,2,1,0,3,3,3,22,NA,1,3,NA,5,4,Accumsan euismod placerat sem. Risus mattis leo consectetuer suscipit! Vivamus enim eros.,NA,NA,2026-07-30T22:53:51Z,1
R_6CZmylbXEXQRUcC,1,8,3,1,0,0,0,0,0,NA,1,3,NA,5,4,Accumsan euismod placerat sem. Risus mattis leo consectetuer suscipit! Vivamus enim eros.,NA,NA,2026-07-30T22:53:51Z,1
R_6CwWZ9Nn5hDjSfJ,1,1,1,5,0,1,2,1,84,NA,NA,NA,NA,NA,NA,NA,200,25,2026-07-22T15:13:13Z,1
R_6CwWZ9Nn5hDjSfJ,1,1,2,5,0,2,3,3,56,NA,NA,NA,NA,NA,NA,NA,200,25,2026-07-22T15:13:13Z,1
R_6CwWZ9Nn5hDjSfJ,1,1,3,5,0,0,0,0,0,NA,NA,NA,NA,NA,NA,NA,200,25,2026-07-22T15:13:13Z,1
R_6CwWZ9Nn5hDjSfJ,1,3,1,3,0,3,2,1,113,NA,NA,NA,NA,NA,NA,NA,200,25,2026-07-22T15:13:13Z,1
R_6CwWZ9Nn5hDjSfJ,1,3,2,3,0,1,1,3,22,NA,NA,NA,NA,NA,NA,NA,200,25,2026-07-22T15:13:13Z,1
R_6CwWZ9Nn5hDjSfJ,1,3,3,3,1,0,0,0,0,NA,NA,NA,NA,NA,NA,NA,200,25,2026-07-22T15:13:13Z,1
R_6CwWZ9Nn5hDjSfJ,1,4,1,3,0,2,2,2,84,NA,NA,NA,NA,NA,NA,NA,200,25,2026-07-22T15:13:13Z,1
R_6CwWZ9Nn5hDjSfJ,1,4,2,3,0,1,3,1,56,NA,NA,NA,NA,NA,NA,NA,200,25,2026-07-22T15:13:13Z,1
R_6CwWZ9Nn5hDjSfJ,1,4,3,3,1,0,0,0,0,NA,NA,NA,NA,NA,NA,NA,200,25,2026-07-22T15:13:13Z,1
R_6CwWZ9Nn5hDjSfJ,1,5,1,3,0,1,2,2,11,NA,NA,NA,NA,NA,NA,NA,200,25,2026-07-22T15:13:13Z,1
R_6CwWZ9Nn5hDjSfJ,1,5,2,3,0,2,1,1,11,NA,NA,NA,NA,NA,NA,NA,200,25,2026-07-22T15:13:13Z,1
R_6CwWZ9Nn5hDjSfJ,1,5,3,3,1,0,0,0,0,NA,NA,NA,NA,NA,NA,NA,200,25,2026-07-22T15:13:13Z,1
R_6CwWZ9Nn5hDjSfJ,1,6,1,3,0,3,2,3,22,NA,NA,NA,NA,NA,NA,NA,200,25,2026-07-22T15:13:13Z,1
R_6CwWZ9Nn5hDjSfJ,1,6,2,3,0,2,1,2,113,NA,NA,NA,NA,NA,NA,NA,200,25,2026-07-22T15:13:13Z,1
R_6CwWZ9Nn5hDjSfJ,1,6,3,3,1,0,0,0,0,NA,NA,NA,NA,NA,NA,NA,200,25,2026-07-22T15:13:13Z,1
R_6CwWZ9Nn5hDjSfJ,1,7,1,3,0,3,3,2,56,NA,NA,NA,NA,NA,NA,NA,200,25,2026-07-22T15:13:13Z,1
R_6CwWZ9Nn5hDjSfJ,1,7,2,3,0,2,2,1,84,NA,NA,NA,NA,NA,NA,NA,200,25,2026-07-22T15:13:13Z,1
R_6CwWZ9Nn5hDjSfJ,1,7,3,3,1,0,0,0,0,NA,NA,NA,NA,NA,NA,NA,200,25,2026-07-22T15:13:13Z,1
R_6CwWZ9Nn5hDjSfJ,1,8,1,3,0,1,1,2,56,NA,NA,NA,NA,NA,NA,NA,200,25,2026-07-22T15:13:13Z,1
R_6CwWZ9Nn5hDjSfJ,1,8,2,3,0,3,3,3,22,NA,NA,NA,NA,NA,NA,NA,200,25,2026-07-22T15:13:13Z,1
R_6CwWZ9Nn5hDjSfJ,1,8,3,3,1,0,0,0,0,NA,NA,NA,NA,NA,NA,NA,200,25,2026-07-22T15:13:13Z,1
R_6D06hnoVBRBc26q,2,10,1,3,0,2,3,3,113,NA,2,2,NA,NA,1,NA,NA,NA,2026-07-15T13:31:01Z,1
R_6D06hnoVBRBc26q,2,10,2,3,0,3,1,1,11,NA,2,2,NA,NA,1,NA,NA,NA,2026-07-15T13:31:01Z,1
R_6D06hnoVBRBc26q,2,10,3,3,1,0,0,0,0,NA,2,2,NA,NA,1,NA,NA,NA,2026-07-15T13:31:01Z,1
R_6D06hnoVBRBc26q,2,11,1,2,0,2,3,1,11,NA,2,2,NA,NA,1,NA,NA,NA,2026-07-15T13:31:01Z,1
R_6D06hnoVBRBc26q,2,11,2,2,1,3,1,3,113,NA,2,2,NA,NA,1,NA,NA,NA,2026-07-15T13:31:01Z,1
R_6D06hnoVBRBc26q,2,11,3,2,0,0,0,0,0,NA,2,2,NA,NA,1,NA,NA,NA,2026-07-15T13:31:01Z,1
R_6D06hnoVBRBc26q,2,12,1,3,0,1,1,3,11,NA,2,2,NA,NA,1,NA,NA,NA,2026-07-15T13:31:01Z,1
R_6D06hnoVBRBc26q,2,12,2,3,0,3,3,2,113,NA,2,2,NA,NA,1,NA,NA,NA,2026-07-15T13:31:01Z,1
R_6D06hnoVBRBc26q,2,12,3,3,1,0,0,0,0,NA,2,2,NA,NA,1,NA,NA,NA,2026-07-15T13:31:01Z,1
R_6D06hnoVBRBc26q,2,13,1,1,1,3,1,2,22,NA,2,2,NA,NA,1,NA,NA,NA,2026-07-15T13:31:01Z,1
R_6D06hnoVBRBc26q,2,13,2,1,0,1,2,1,84,NA,2,2,NA,NA,1,NA,NA,NA,2026-07-15T13:31:01Z,1
R_6D06hnoVBRBc26q,2,13,3,1,0,0,0,0,0,NA,2,2,NA,NA,1,NA,NA,NA,2026-07-15T13:31:01Z,1
R_6D06hnoVBRBc26q,2,14,1,1,1,3,3,1,22,NA,2,2,NA,NA,1,NA,NA,NA,2026-07-15T13:31:01Z,1
R_6D06hnoVBRBc26q,2,14,2,1,0,1,2,3,84,NA,2,2,NA,NA,1,NA,NA,NA,2026-07-15T13:31:01Z,1
R_6D06hnoVBRBc26q,2,14,3,1,0,0,0,0,0,NA,2,2,NA,NA,1,NA,NA,NA,2026-07-15T13:31:01Z,1
R_6D06hnoVBRBc26q,2,15,1,2,0,3,1,3,113,NA,2,2,NA,NA,1,NA,NA,NA,2026-07-15T13:31:01Z,1
R_6D06hnoVBRBc26q,2,15,2,2,1,2,3,2,11,NA,2,2,NA,NA,1,NA,NA,NA,2026-07-15T13:31:01Z,1
R_6D06hnoVBRBc26q,2,15,3,2,0,0,0,0,0,NA,2,2,NA,NA,1,NA,NA,NA,2026-07-15T13:31:01Z,1
R_6D06hnoVBRBc26q,2,16,1,3,0,2,1,1,84,NA,2,2,NA,NA,1,NA,NA,NA,2026-07-15T13:31:01Z,1
R_6D06hnoVBRBc26q,2,16,2,3,0,1,3,2,22,NA,2,2,NA,NA,1,NA,NA,NA,2026-07-15T13:31:01Z,1
R_6D06hnoVBRBc26q,2,16,3,3,1,0,0,0,0,NA,2,2,NA,NA,1,NA,NA,NA,2026-07-15T13:31:01Z,1
R_6D06hnoVBRBc26q,2,9,1,2,0,1,3,1,113,NA,2,2,NA,NA,1,NA,NA,NA,2026-07-15T13:31:01Z,1
R_6D06hnoVBRBc26q,2,9,2,2,1,2,2,3,11,NA,2,2,NA,NA,1,NA,NA,NA,2026-07-15T13:31:01Z,1
R_6D06hnoVBRBc26q,2,9,3,2,0,0,0,0,0,NA,2,2,NA,NA,1,NA,NA,NA,2026-07-15T13:31:01Z,1
R_6D3nl2bcwaBsncO,1,1,1,2,0,1,2,1,84,NA,3,7,Facilisi consectetuer imperdiet sit aliquam! Neque? Neque mattis felis est platea.,NA,1,NA,NA,NA,2026-07-15T13:31:03Z,1
R_6D3nl2bcwaBsncO,1,1,2,2,1,2,3,3,56,NA,3,7,Facilisi consectetuer imperdiet sit aliquam! Neque? Neque mattis felis est platea.,NA,1,NA,NA,NA,2026-07-15T13:31:03Z,1
R_6D3nl2bcwaBsncO,1,1,3,2,0,0,0,0,0,NA,3,7,Facilisi consectetuer imperdiet sit aliquam! Neque? Neque mattis felis est platea.,NA,1,NA,NA,NA,2026-07-15T13:31:03Z,1
R_6D3nl2bcwaBsncO,1,2,1,1,1,2,3,3,56,NA,3,7,Facilisi consectetuer imperdiet sit aliquam! Neque? Neque mattis felis est platea.,NA,1,NA,NA,NA,2026-07-15T13:31:03Z,1
R_6D3nl2bcwaBsncO,1,2,2,1,0,3,2,2,56,NA,3,7,Facilisi consectetuer imperdiet sit aliquam! Neque? Neque mattis felis est platea.,NA,1,NA,NA,NA,2026-07-15T13:31:03Z,1
R_6D3nl2bcwaBsncO,1,2,3,1,0,0,0,0,0,NA,3,7,Facilisi consectetuer imperdiet sit aliquam! Neque? Neque mattis felis est platea.,NA,1,NA,NA,NA,2026-07-15T13:31:03Z,1
R_6D3nl2bcwaBsncO,1,3,1,2,0,3,2,1,113,NA,3,7,Facilisi consectetuer imperdiet sit aliquam! Neque? Neque mattis felis est platea.,NA,1,NA,NA,NA,2026-07-15T13:31:03Z,1
R_6D3nl2bcwaBsncO,1,3,2,2,1,1,1,3,22,NA,3,7,Facilisi consectetuer imperdiet sit aliquam! Neque? Neque mattis felis est platea.,NA,1,NA,NA,NA,2026-07-15T13:31:03Z,1
R_6D3nl2bcwaBsncO,1,3,3,2,0,0,0,0,0,NA,3,7,Facilisi consectetuer imperdiet sit aliquam! Neque? Neque mattis felis est platea.,NA,1,NA,NA,NA,2026-07-15T13:31:03Z,1
R_6D3nl2bcwaBsncO,1,4,1,1,1,2,2,2,84,NA,3,7,Facilisi consectetuer imperdiet sit aliquam! Neque? Neque mattis felis est platea.,NA,1,NA,NA,NA,2026-07-15T13:31:03Z,1
R_6D3nl2bcwaBsncO,1,4,2,1,0,1,3,1,56,NA,3,7,Facilisi consectetuer imperdiet sit aliquam! Neque? Neque mattis felis est platea.,NA,1,NA,NA,NA,2026-07-15T13:31:03Z,1
R_6D3nl2bcwaBsncO,1,4,3,1,0,0,0,0,0,NA,3,7,Facilisi consectetuer imperdiet sit aliquam! Neque? Neque mattis felis est platea.,NA,1,NA,NA,NA,2026-07-15T13:31:03Z,1
R_6D3nl2bcwaBsncO,1,5,1,3,0,1,2,2,11,NA,3,7,Facilisi consectetuer imperdiet sit aliquam! Neque? Neque mattis felis est platea.,NA,1,NA,NA,NA,2026-07-15T13:31:03Z,1
R_6D3nl2bcwaBsncO,1,5,2,3,0,2,1,1,11,NA,3,7,Facilisi consectetuer imperdiet sit aliquam! Neque? Neque mattis felis est platea.,NA,1,NA,NA,NA,2026-07-15T13:31:03Z,1
R_6D3nl2bcwaBsncO,1,5,3,3,1,0,0,0,0,NA,3,7,Facilisi consectetuer imperdiet sit aliquam! Neque? Neque mattis felis est platea.,NA,1,NA,NA,NA,2026-07-15T13:31:03Z,1
R_6D3nl2bcwaBsncO,1,6,1,2,0,3,2,3,22,NA,3,7,Facilisi consectetuer imperdiet sit aliquam! Neque? Neque mattis felis est platea.,NA,1,NA,NA,NA,2026-07-15T13:31:03Z,1
R_6D3nl2bcwaBsncO,1,6,2,2,1,2,1,2,113,NA,3,7,Facilisi consectetuer imperdiet sit aliquam! Neque? Neque mattis felis est platea.,NA,1,NA,NA,NA,2026-07-15T13:31:03Z,1
R_6D3nl2bcwaBsncO,1,6,3,2,0,0,0,0,0,NA,3,7,Facilisi consectetuer imperdiet sit aliquam! Neque? Neque mattis felis est platea.,NA,1,NA,NA,NA,2026-07-15T13:31:03Z,1
R_6D3nl2bcwaBsncO,1,7,1,3,0,3,3,2,56,NA,3,7,Facilisi consectetuer imperdiet sit aliquam! Neque? Neque mattis felis est platea.,NA,1,NA,NA,NA,2026-07-15T13:31:03Z,1
R_6D3nl2bcwaBsncO,1,7,2,3,0,2,2,1,84,NA,3,7,Facilisi consectetuer imperdiet sit aliquam! Neque? Neque mattis felis est platea.,NA,1,NA,NA,NA,2026-07-15T13:31:03Z,1
R_6D3nl2bcwaBsncO,1,7,3,3,1,0,0,0,0,NA,3,7,Facilisi consectetuer imperdiet sit aliquam! Neque? Neque mattis felis est platea.,NA,1,NA,NA,NA,2026-07-15T13:31:03Z,1
R_6D3nl2bcwaBsncO,1,8,1,3,0,1,1,2,56,NA,3,7,Facilisi consectetuer imperdiet sit aliquam! Neque? Neque mattis felis est platea.,NA,1,NA,NA,NA,2026-07-15T13:31:03Z,1
R_6D3nl2bcwaBsncO,1,8,2,3,0,3,3,3,22,NA,3,7,Facilisi consectetuer imperdiet sit aliquam! Neque? Neque mattis felis est platea.,NA,1,NA,NA,NA,2026-07-15T13:31:03Z,1
R_6D3nl2bcwaBsncO,1,8,3,3,1,0,0,0,0,NA,3,7,Facilisi consectetuer imperdiet sit aliquam! Neque? Neque mattis felis est platea.,NA,1,NA,NA,NA,2026-07-15T13:31:03Z,1
R_6E9ZUQWxlGl5k2O,1,1,1,5,0,1,2,1,84,NA,1,4,NA,NA,3,NA,NA,NA,2026-07-30T20:30:01Z,1
R_6E9ZUQWxlGl5k2O,1,1,2,5,0,2,3,3,56,NA,1,4,NA,NA,3,NA,NA,NA,2026-07-30T20:30:01Z,1
R_6E9ZUQWxlGl5k2O,1,1,3,5,0,0,0,0,0,NA,1,4,NA,NA,3,NA,NA,NA,2026-07-30T20:30:01Z,1
R_6E9ZUQWxlGl5k2O,1,2,1,2,0,2,3,3,56,NA,1,4,NA,NA,3,NA,NA,NA,2026-07-30T20:30:01Z,1
R_6E9ZUQWxlGl5k2O,1,2,2,2,1,3,2,2,56,NA,1,4,NA,NA,3,NA,NA,NA,2026-07-30T20:30:01Z,1
R_6E9ZUQWxlGl5k2O,1,2,3,2,0,0,0,0,0,NA,1,4,NA,NA,3,NA,NA,NA,2026-07-30T20:30:01Z,1
R_6E9ZUQWxlGl5k2O,1,3,1,1,1,3,2,1,113,NA,1,4,NA,NA,3,NA,NA,NA,2026-07-30T20:30:01Z,1
R_6E9ZUQWxlGl5k2O,1,3,2,1,0,1,1,3,22,NA,1,4,NA,NA,3,NA,NA,NA,2026-07-30T20:30:01Z,1
R_6E9ZUQWxlGl5k2O,1,3,3,1,0,0,0,0,0,NA,1,4,NA,NA,3,NA,NA,NA,2026-07-30T20:30:01Z,1
R_6E9ZUQWxlGl5k2O,1,4,1,2,0,2,2,2,84,NA,1,4,NA,NA,3,NA,NA,NA,2026-07-30T20:30:01Z,1
R_6E9ZUQWxlGl5k2O,1,4,2,2,1,1,3,1,56,NA,1,4,NA,NA,3,NA,NA,NA,2026-07-30T20:30:01Z,1
R_6E9ZUQWxlGl5k2O,1,4,3,2,0,0,0,0,0,NA,1,4,NA,NA,3,NA,NA,NA,2026-07-30T20:30:01Z,1
R_6E9ZUQWxlGl5k2O,1,5,1,3,0,1,2,2,11,NA,1,4,NA,NA,3,NA,NA,NA,2026-07-30T20:30:01Z,1
R_6E9ZUQWxlGl5k2O,1,5,2,3,0,2,1,1,11,NA,1,4,NA,NA,3,NA,NA,NA,2026-07-30T20:30:01Z,1
R_6E9ZUQWxlGl5k2O,1,5,3,3,1,0,0,0,0,NA,1,4,NA,NA,3,NA,NA,NA,2026-07-30T20:30:01Z,1
R_6E9ZUQWxlGl5k2O,1,6,1,2,0,3,2,3,22,NA,1,4,NA,NA,3,NA,NA,NA,2026-07-30T20:30:01Z,1
R_6E9ZUQWxlGl5k2O,1,6,2,2,1,2,1,2,113,NA,1,4,NA,NA,3,NA,NA,NA,2026-07-30T20:30:01Z,1
R_6E9ZUQWxlGl5k2O,1,6,3,2,0,0,0,0,0,NA,1,4,NA,NA,3,NA,NA,NA,2026-07-30T20:30:01Z,1
R_6E9ZUQWxlGl5k2O,1,7,1,2,0,3,3,2,56,NA,1,4,NA,NA,3,NA,NA,NA,2026-07-30T20:30:01Z,1
R_6E9ZUQWxlGl5k2O,1,7,2,2,1,2,2,1,84,NA,1,4,NA,NA,3,NA,NA,NA,2026-07-30T20:30:01Z,1
R_6E9ZUQWxlGl5k2O,1,7,3,2,0,0,0,0,0,NA,1,4,NA,NA,3,NA,NA,NA,2026-07-30T20:30:01Z,1
R_6E9ZUQWxlGl5k2O,1,8,1,1,1,1,1,2,56,NA,1,4,NA,NA,3,NA,NA,NA,2026-07-30T20:30:01Z,1
R_6E9ZUQWxlGl5k2O,1,8,2,1,0,3,3,3,22,NA,1,4,NA,NA,3,NA,NA,NA,2026-07-30T20:30:01Z,1
R_6E9ZUQWxlGl5k2O,1,8,3,1,0,0,0,0,0,NA,1,4,NA,NA,3,NA,NA,NA,2026-07-30T20:30:01Z,1
R_6ETcjqnx1VzWZ2S,1,1,1,2,0,1,2,1,84,NA,2,4,NA,NA,2,NA,NA,NA,2026-07-30T20:30:16Z,1
R_6ETcjqnx1VzWZ2S,1,1,2,2,1,2,3,3,56,NA,2,4,NA,NA,2,NA,NA,NA,2026-07-30T20:30:16Z,1
R_6ETcjqnx1VzWZ2S,1,1,3,2,0,0,0,0,0,NA,2,4,NA,NA,2,NA,NA,NA,2026-07-30T20:30:16Z,1
R_6ETcjqnx1VzWZ2S,1,2,1,3,0,2,3,3,56,NA,2,4,NA,NA,2,NA,NA,NA,2026-07-30T20:30:16Z,1
R_6ETcjqnx1VzWZ2S,1,2,2,3,0,3,2,2,56,NA,2,4,NA,NA,2,NA,NA,NA,2026-07-30T20:30:16Z,1
R_6ETcjqnx1VzWZ2S,1,2,3,3,1,0,0,0,0,NA,2,4,NA,NA,2,NA,NA,NA,2026-07-30T20:30:16Z,1
R_6ETcjqnx1VzWZ2S,1,3,1,2,0,3,2,1,113,NA,2,4,NA,NA,2,NA,NA,NA,2026-07-30T20:30:16Z,1
R_6ETcjqnx1VzWZ2S,1,3,2,2,1,1,1,3,22,NA,2,4,NA,NA,2,NA,NA,NA,2026-07-30T20:30:16Z,1
R_6ETcjqnx1VzWZ2S,1,3,3,2,0,0,0,0,0,NA,2,4,NA,NA,2,NA,NA,NA,2026-07-30T20:30:16Z,1
R_6ETcjqnx1VzWZ2S,1,4,1,1,1,2,2,2,84,NA,2,4,NA,NA,2,NA,NA,NA,2026-07-30T20:30:16Z,1
R_6ETcjqnx1VzWZ2S,1,4,2,1,0,1,3,1,56,NA,2,4,NA,NA,2,NA,NA,NA,2026-07-30T20:30:16Z,1
R_6ETcjqnx1VzWZ2S,1,4,3,1,0,0,0,0,0,NA,2,4,NA,NA,2,NA,NA,NA,2026-07-30T20:30:16Z,1
R_6ETcjqnx1VzWZ2S,1,5,1,1,1,1,2,2,11,NA,2,4,NA,NA,2,NA,NA,NA,2026-07-30T20:30:16Z,1
R_6ETcjqnx1VzWZ2S,1,5,2,1,0,2,1,1,11,NA,2,4,NA,NA,2,NA,NA,NA,2026-07-30T20:30:16Z,1
R_6ETcjqnx1VzWZ2S,1,5,3,1,0,0,0,0,0,NA,2,4,NA,NA,2,NA,NA,NA,2026-07-30T20:30:16Z,1
R_6ETcjqnx1VzWZ2S,1,6,1,2,0,3,2,3,22,NA,2,4,NA,NA,2,NA,NA,NA,2026-07-30T20:30:16Z,1
R_6ETcjqnx1VzWZ2S,1,6,2,2,1,2,1,2,113,NA,2,4,NA,NA,2,NA,NA,NA,2026-07-30T20:30:16Z,1
R_6ETcjqnx1VzWZ2S,1,6,3,2,0,0,0,0,0,NA,2,4,NA,NA,2,NA,NA,NA,2026-07-30T20:30:16Z,1
R_6ETcjqnx1VzWZ2S,1,7,1,1,1,3,3,2,56,NA,2,4,NA,NA,2,NA,NA,NA,2026-07-30T20:30:16Z,1
R_6ETcjqnx1VzWZ2S,1,7,2,1,0,2,2,1,84,NA,2,4,NA,NA,2,NA,NA,NA,2026-07-30T20:30:16Z,1
R_6ETcjqnx1VzWZ2S,1,7,3,1,0,0,0,0,0,NA,2,4,NA,NA,2,NA,NA,NA,2026-07-30T20:30:16Z,1
R_6ETcjqnx1VzWZ2S,1,8,1,2,0,1,1,2,56,NA,2,4,NA,NA,2,NA,NA,NA,2026-07-30T20:30:16Z,1
R_6ETcjqnx1VzWZ2S,1,8,2,2,1,3,3,3,22,NA,2,4,NA,NA,2,NA,NA,NA,2026-07-30T20:30:16Z,1
R_6ETcjqnx1VzWZ2S,1,8,3,2,0,0,0,0,0,NA,2,4,NA,NA,2,NA,NA,NA,2026-07-30T20:30:16Z,1
R_6Gk7dot1IDoOWXH,1,3,1,2,0,3,2,1,113,NA,NA,NA,NA,NA,NA,NA,NA,NA,2026-07-22T15:44:34Z,1
R_6Gk7dot1IDoOWXH,1,3,2,2,1,1,1,3,22,NA,NA,NA,NA,NA,NA,NA,NA,NA,2026-07-22T15:44:34Z,1
R_6Gk7dot1IDoOWXH,1,3,3,2,0,0,0,0,0,NA,NA,NA,NA,NA,NA,NA,NA,NA,2026-07-22T15:44:34Z,1
R_6KhTI1CYzQi7vwJ,2,10,1,2,0,2,3,3,113,NA,NA,NA,NA,NA,NA,NA,NA,NA,2026-07-22T15:29:55Z,1
R_6KhTI1CYzQi7vwJ,2,10,2,2,1,3,1,1,11,NA,NA,NA,NA,NA,NA,NA,NA,NA,2026-07-22T15:29:55Z,1
R_6KhTI1CYzQi7vwJ,2,10,3,2,0,0,0,0,0,NA,NA,NA,NA,NA,NA,NA,NA,NA,2026-07-22T15:29:55Z,1
R_6PTGKMMsGnjIwQu,1,1,1,6,0,1,2,1,84,NA,1,4,NA,NA,1,NA,NA,NA,2026-07-30T20:30:08Z,1
R_6PTGKMMsGnjIwQu,1,1,2,6,0,2,3,3,56,NA,1,4,NA,NA,1,NA,NA,NA,2026-07-30T20:30:08Z,1
R_6PTGKMMsGnjIwQu,1,1,3,6,0,0,0,0,0,NA,1,4,NA,NA,1,NA,NA,NA,2026-07-30T20:30:08Z,1
R_6PTGKMMsGnjIwQu,1,2,1,2,0,2,3,3,56,NA,1,4,NA,NA,1,NA,NA,NA,2026-07-30T20:30:08Z,1
R_6PTGKMMsGnjIwQu,1,2,2,2,1,3,2,2,56,NA,1,4,NA,NA,1,NA,NA,NA,2026-07-30T20:30:08Z,1
R_6PTGKMMsGnjIwQu,1,2,3,2,0,0,0,0,0,NA,1,4,NA,NA,1,NA,NA,NA,2026-07-30T20:30:08Z,1
R_6PTGKMMsGnjIwQu,1,3,1,2,0,3,2,1,113,NA,1,4,NA,NA,1,NA,NA,NA,2026-07-30T20:30:08Z,1
R_6PTGKMMsGnjIwQu,1,3,2,2,1,1,1,3,22,NA,1,4,NA,NA,1,NA,NA,NA,2026-07-30T20:30:08Z,1
R_6PTGKMMsGnjIwQu,1,3,3,2,0,0,0,0,0,NA,1,4,NA,NA,1,NA,NA,NA,2026-07-30T20:30:08Z,1
R_6PTGKMMsGnjIwQu,1,4,1,1,1,2,2,2,84,NA,1,4,NA,NA,1,NA,NA,NA,2026-07-30T20:30:08Z,1
R_6PTGKMMsGnjIwQu,1,4,2,1,0,1,3,1,56,NA,1,4,NA,NA,1,NA,NA,NA,2026-07-30T20:30:08Z,1
R_6PTGKMMsGnjIwQu,1,4,3,1,0,0,0,0,0,NA,1,4,NA,NA,1,NA,NA,NA,2026-07-30T20:30:08Z,1
R_6PTGKMMsGnjIwQu,1,5,1,1,1,1,2,2,11,NA,1,4,NA,NA,1,NA,NA,NA,2026-07-30T20:30:08Z,1
R_6PTGKMMsGnjIwQu,1,5,2,1,0,2,1,1,11,NA,1,4,NA,NA,1,NA,NA,NA,2026-07-30T20:30:08Z,1
R_6PTGKMMsGnjIwQu,1,5,3,1,0,0,0,0,0,NA,1,4,NA,NA,1,NA,NA,NA,2026-07-30T20:30:08Z,1
R_6PTGKMMsGnjIwQu,1,6,1,1,1,3,2,3,22,NA,1,4,NA,NA,1,NA,NA,NA,2026-07-30T20:30:08Z,1
R_6PTGKMMsGnjIwQu,1,6,2,1,0,2,1,2,113,NA,1,4,NA,NA,1,NA,NA,NA,2026-07-30T20:30:08Z,1
R_6PTGKMMsGnjIwQu,1,6,3,1,0,0,0,0,0,NA,1,4,NA,NA,1,NA,NA,NA,2026-07-30T20:30:08Z,1
R_6PTGKMMsGnjIwQu,1,7,1,2,0,3,3,2,56,NA,1,4,NA,NA,1,NA,NA,NA,2026-07-30T20:30:08Z,1
R_6PTGKMMsGnjIwQu,1,7,2,2,1,2,2,1,84,NA,1,4,NA,NA,1,NA,NA,NA,2026-07-30T20:30:08Z,1
R_6PTGKMMsGnjIwQu,1,7,3,2,0,0,0,0,0,NA,1,4,NA,NA,1,NA,NA,NA,2026-07-30T20:30:08Z,1
R_6PTGKMMsGnjIwQu,1,8,1,1,1,1,1,2,56,NA,1,4,NA,NA,1,NA,NA,NA,2026-07-30T20:30:08Z,1
R_6PTGKMMsGnjIwQu,1,8,2,1,0,3,3,3,22,NA,1,4,NA,NA,1,NA,NA,NA,2026-07-30T20:30:08Z,1
R_6PTGKMMsGnjIwQu,1,8,3,1,0,0,0,0,0,NA,1,4,NA,NA,1,NA,NA,NA,2026-07-30T20:30:08Z,1
R_6PuzpkOyNLM2CA6,1,1,1,2,0,1,2,1,84,NA,3,1,NA,NA,1,NA,NA,NA,2026-06-23T11:57:25Z,1
R_6PuzpkOyNLM2CA6,1,1,2,2,1,2,3,3,56,NA,3,1,NA,NA,1,NA,NA,NA,2026-06-23T11:57:25Z,1
R_6PuzpkOyNLM2CA6,1,1,3,2,0,0,0,0,0,NA,3,1,NA,NA,1,NA,NA,NA,2026-06-23T11:57:25Z,1
R_6PuzpkOyNLM2CA6,1,2,1,2,0,2,3,3,56,NA,3,1,NA,NA,1,NA,NA,NA,2026-06-23T11:57:25Z,1
R_6PuzpkOyNLM2CA6,1,2,2,2,1,3,2,2,56,NA,3,1,NA,NA,1,NA,NA,NA,2026-06-23T11:57:25Z,1
R_6PuzpkOyNLM2CA6,1,2,3,2,0,0,0,0,0,NA,3,1,NA,NA,1,NA,NA,NA,2026-06-23T11:57:25Z,1
R_6PuzpkOyNLM2CA6,1,3,1,2,0,3,2,1,113,NA,3,1,NA,NA,1,NA,NA,NA,2026-06-23T11:57:25Z,1
R_6PuzpkOyNLM2CA6,1,3,2,2,1,1,1,3,22,NA,3,1,NA,NA,1,NA,NA,NA,2026-06-23T11:57:25Z,1
R_6PuzpkOyNLM2CA6,1,3,3,2,0,0,0,0,0,NA,3,1,NA,NA,1,NA,NA,NA,2026-06-23T11:57:25Z,1
R_6PuzpkOyNLM2CA6,1,4,1,1,1,2,2,2,84,NA,3,1,NA,NA,1,NA,NA,NA,2026-06-23T11:57:25Z,1
R_6PuzpkOyNLM2CA6,1,4,2,1,0,1,3,1,56,NA,3,1,NA,NA,1,NA,NA,NA,2026-06-23T11:57:25Z,1
R_6PuzpkOyNLM2CA6,1,4,3,1,0,0,0,0,0,NA,3,1,NA,NA,1,NA,NA,NA,2026-06-23T11:57:25Z,1
R_6PuzpkOyNLM2CA6,1,5,1,2,0,1,2,2,11,NA,3,1,NA,NA,1,NA,NA,NA,2026-06-23T11:57:25Z,1
R_6PuzpkOyNLM2CA6,1,5,2,2,1,2,1,1,11,NA,3,1,NA,NA,1,NA,NA,NA,2026-06-23T11:57:25Z,1
R_6PuzpkOyNLM2CA6,1,5,3,2,0,0,0,0,0,NA,3,1,NA,NA,1,NA,NA,NA,2026-06-23T11:57:25Z,1
R_6PuzpkOyNLM2CA6,1,6,1,2,0,3,2,3,22,NA,3,1,NA,NA,1,NA,NA,NA,2026-06-23T11:57:25Z,1
R_6PuzpkOyNLM2CA6,1,6,2,2,1,2,1,2,113,NA,3,1,NA,NA,1,NA,NA,NA,2026-06-23T11:57:25Z,1
R_6PuzpkOyNLM2CA6,1,6,3,2,0,0,0,0,0,NA,3,1,NA,NA,1,NA,NA,NA,2026-06-23T11:57:25Z,1
R_6PuzpkOyNLM2CA6,1,7,1,3,0,3,3,2,56,NA,3,1,NA,NA,1,NA,NA,NA,2026-06-23T11:57:25Z,1
R_6PuzpkOyNLM2CA6,1,7,2,3,0,2,2,1,84,NA,3,1,NA,NA,1,NA,NA,NA,2026-06-23T11:57:25Z,1
R_6PuzpkOyNLM2CA6,1,7,3,3,1,0,0,0,0,NA,3,1,NA,NA,1,NA,NA,NA,2026-06-23T11:57:25Z,1
R_6PuzpkOyNLM2CA6,1,8,1,2,0,1,1,2,56,NA,3,1,NA,NA,1,NA,NA,NA,2026-06-23T11:57:25Z,1
R_6PuzpkOyNLM2CA6,1,8,2,2,1,3,3,3,22,NA,3,1,NA,NA,1,NA,NA,NA,2026-06-23T11:57:25Z,1
R_6PuzpkOyNLM2CA6,1,8,3,2,0,0,0,0,0,NA,3,1,NA,NA,1,NA,NA,NA,2026-06-23T11:57:25Z,1
R_6QRv6kZ0hOg37jS,1,3,1,3,0,3,2,1,113,NA,NA,NA,NA,NA,NA,NA,NA,NA,2026-07-22T15:25:59Z,1
R_6QRv6kZ0hOg37jS,1,3,2,3,0,1,1,3,22,NA,NA,NA,NA,NA,NA,NA,NA,NA,2026-07-22T15:25:59Z,1
R_6QRv6kZ0hOg37jS,1,3,3,3,1,0,0,0,0,NA,NA,NA,NA,NA,NA,NA,NA,NA,2026-07-22T15:25:59Z,1
R_6QRv6kZ0hOg37jS,1,4,1,3,0,2,2,2,84,NA,NA,NA,NA,NA,NA,NA,NA,NA,2026-07-22T15:25:59Z,1
R_6QRv6kZ0hOg37jS,1,4,2,3,0,1,3,1,56,NA,NA,NA,NA,NA,NA,NA,NA,NA,2026-07-22T15:25:59Z,1
R_6QRv6kZ0hOg37jS,1,4,3,3,1,0,0,0,0,NA,NA,NA,NA,NA,NA,NA,NA,NA,2026-07-22T15:25:59Z,1
R_6QRv6kZ0hOg37jS,1,5,1,2,0,1,2,2,11,NA,NA,NA,NA,NA,NA,NA,NA,NA,2026-07-22T15:25:59Z,1
R_6QRv6kZ0hOg37jS,1,5,2,2,1,2,1,1,11,NA,NA,NA,NA,NA,NA,NA,NA,NA,2026-07-22T15:25:59Z,1
R_6QRv6kZ0hOg37jS,1,5,3,2,0,0,0,0,0,NA,NA,NA,NA,NA,NA,NA,NA,NA,2026-07-22T15:25:59Z,1
R_6QRv6kZ0hOg37jS,1,6,1,3,0,3,2,3,22,NA,NA,NA,NA,NA,NA,NA,NA,NA,2026-07-22T15:25:59Z,1
R_6QRv6kZ0hOg37jS,1,6,2,3,0,2,1,2,113,NA,NA,NA,NA,NA,NA,NA,NA,NA,2026-07-22T15:25:59Z,1
R_6QRv6kZ0hOg37jS,1,6,3,3,1,0,0,0,0,NA,NA,NA,NA,NA,NA,NA,NA,NA,2026-07-22T15:25:59Z,1
R_6QRv6kZ0hOg37jS,1,7,1,2,0,3,3,2,56,NA,NA,NA,NA,NA,NA,NA,NA,NA,2026-07-22T15:25:59Z,1
R_6QRv6kZ0hOg37jS,1,7,2,2,1,2,2,1,84,NA,NA,NA,NA,NA,NA,NA,NA,NA,2026-07-22T15:25:59Z,1
R_6QRv6kZ0hOg37jS,1,7,3,2,0,0,0,0,0,NA,NA,NA,NA,NA,NA,NA,NA,NA,2026-07-22T15:25:59Z,1
R_6QRv6kZ0hOg37jS,1,8,1,3,0,1,1,2,56,NA,NA,NA,NA,NA,NA,NA,NA,NA,2026-07-22T15:25:59Z,1
R_6QRv6kZ0hOg37jS,1,8,2,3,0,3,3,3,22,NA,NA,NA,NA,NA,NA,NA,NA,NA,2026-07-22T15:25:59Z,1
R_6QRv6kZ0hOg37jS,1,8,3,3,1,0,0,0,0,NA,NA,NA,NA,NA,NA,NA,NA,NA,2026-07-22T15:25:59Z,1
R_6Qhhi1vs8bMpVki,2,10,1,3,0,2,3,3,113,NA,1,2,NA,NA,1,NA,NA,NA,2026-07-15T13:30:58Z,1
R_6Qhhi1vs8bMpVki,2,10,2,3,0,3,1,1,11,NA,1,2,NA,NA,1,NA,NA,NA,2026-07-15T13:30:58Z,1
R_6Qhhi1vs8bMpVki,2,10,3,3,1,0,0,0,0,NA,1,2,NA,NA,1,NA,NA,NA,2026-07-15T13:30:58Z,1
R_6Qhhi1vs8bMpVki,2,11,1,1,1,2,3,1,11,NA,1,2,NA,NA,1,NA,NA,NA,2026-07-15T13:30:58Z,1
R_6Qhhi1vs8bMpVki,2,11,2,1,0,3,1,3,113,NA,1,2,NA,NA,1,NA,NA,NA,2026-07-15T13:30:58Z,1
R_6Qhhi1vs8bMpVki,2,11,3,1,0,0,0,0,0,NA,1,2,NA,NA,1,NA,NA,NA,2026-07-15T13:30:58Z,1
R_6Qhhi1vs8bMpVki,2,12,1,3,0,1,1,3,11,NA,1,2,NA,NA,1,NA,NA,NA,2026-07-15T13:30:58Z,1
R_6Qhhi1vs8bMpVki,2,12,2,3,0,3,3,2,113,NA,1,2,NA,NA,1,NA,NA,NA,2026-07-15T13:30:58Z,1
R_6Qhhi1vs8bMpVki,2,12,3,3,1,0,0,0,0,NA,1,2,NA,NA,1,NA,NA,NA,2026-07-15T13:30:58Z,1
R_6Qhhi1vs8bMpVki,2,13,1,2,0,3,1,2,22,NA,1,2,NA,NA,1,NA,NA,NA,2026-07-15T13:30:58Z,1
R_6Qhhi1vs8bMpVki,2,13,2,2,1,1,2,1,84,NA,1,2,NA,NA,1,NA,NA,NA,2026-07-15T13:30:58Z,1
R_6Qhhi1vs8bMpVki,2,13,3,2,0,0,0,0,0,NA,1,2,NA,NA,1,NA,NA,NA,2026-07-15T13:30:58Z,1
R_6Qhhi1vs8bMpVki,2,14,1,1,1,3,3,1,22,NA,1,2,NA,NA,1,NA,NA,NA,2026-07-15T13:30:58Z,1
R_6Qhhi1vs8bMpVki,2,14,2,1,0,1,2,3,84,NA,1,2,NA,NA,1,NA,NA,NA,2026-07-15T13:30:58Z,1
R_6Qhhi1vs8bMpVki,2,14,3,1,0,0,0,0,0,NA,1,2,NA,NA,1,NA,NA,NA,2026-07-15T13:30:58Z,1
R_6Qhhi1vs8bMpVki,2,15,1,1,1,3,1,3,113,NA,1,2,NA,NA,1,NA,NA,NA,2026-07-15T13:30:58Z,1
R_6Qhhi1vs8bMpVki,2,15,2,1,0,2,3,2,11,NA,1,2,NA,NA,1,NA,NA,NA,2026-07-15T13:30:58Z,1
R_6Qhhi1vs8bMpVki,2,15,3,1,0,0,0,0,0,NA,1,2,NA,NA,1,NA,NA,NA,2026-07-15T13:30:58Z,1
R_6Qhhi1vs8bMpVki,2,16,1,3,0,2,1,1,84,NA,1,2,NA,NA,1,NA,NA,NA,2026-07-15T13:30:58Z,1
R_6Qhhi1vs8bMpVki,2,16,2,3,0,1,3,2,22,NA,1,2,NA,NA,1,NA,NA,NA,2026-07-15T13:30:58Z,1
R_6Qhhi1vs8bMpVki,2,16,3,3,1,0,0,0,0,NA,1,2,NA,NA,1,NA,NA,NA,2026-07-15T13:30:58Z,1
R_6Qhhi1vs8bMpVki,2,9,1,3,0,1,3,1,113,NA,1,2,NA,NA,1,NA,NA,NA,2026-07-15T13:30:58Z,1
R_6Qhhi1vs8bMpVki,2,9,2,3,0,2,2,3,11,NA,1,2,NA,NA,1,NA,NA,NA,2026-07-15T13:30:58Z,1
R_6Qhhi1vs8bMpVki,2,9,3,3,1,0,0,0,0,NA,1,2,NA,NA,1,NA,NA,NA,2026-07-15T13:30:58Z,1
R_6V8ujgvNXS91eAe,1,1,1,2,0,1,2,1,84,NA,NA,NA,NA,NA,NA,NA,NA,NA,2026-07-09T16:35:03Z,1
R_6V8ujgvNXS91eAe,1,1,2,2,1,2,3,3,56,NA,NA,NA,NA,NA,NA,NA,NA,NA,2026-07-09T16:35:03Z,1
R_6V8ujgvNXS91eAe,1,1,3,2,0,0,0,0,0,NA,NA,NA,NA,NA,NA,NA,NA,NA,2026-07-09T16:35:03Z,1
R_6V8ujgvNXS91eAe,1,2,1,3,0,2,3,3,56,NA,NA,NA,NA,NA,NA,NA,NA,NA,2026-07-09T16:35:03Z,1
R_6V8ujgvNXS91eAe,1,2,2,3,0,3,2,2,56,NA,NA,NA,NA,NA,NA,NA,NA,NA,2026-07-09T16:35:03Z,1
R_6V8ujgvNXS91eAe,1,2,3,3,1,0,0,0,0,NA,NA,NA,NA,NA,NA,NA,NA,NA,2026-07-09T16:35:03Z,1
R_6V8ujgvNXS91eAe,1,3,1,3,0,3,2,1,113,NA,NA,NA,NA,NA,NA,NA,NA,NA,2026-07-09T16:35:03Z,1
R_6V8ujgvNXS91eAe,1,3,2,3,0,1,1,3,22,NA,NA,NA,NA,NA,NA,NA,NA,NA,2026-07-09T16:35:03Z,1
R_6V8ujgvNXS91eAe,1,3,3,3,1,0,0,0,0,NA,NA,NA,NA,NA,NA,NA,NA,NA,2026-07-09T16:35:03Z,1
R_6V8ujgvNXS91eAe,1,4,1,3,0,2,2,2,84,NA,NA,NA,NA,NA,NA,NA,NA,NA,2026-07-09T16:35:03Z,1
R_6V8ujgvNXS91eAe,1,4,2,3,0,1,3,1,56,NA,NA,NA,NA,NA,NA,NA,NA,NA,2026-07-09T16:35:03Z,1
R_6V8ujgvNXS91eAe,1,4,3,3,1,0,0,0,0,NA,NA,NA,NA,NA,NA,NA,NA,NA,2026-07-09T16:35:03Z,1
R_6V8ujgvNXS91eAe,1,5,1,3,0,1,2,2,11,NA,NA,NA,NA,NA,NA,NA,NA,NA,2026-07-09T16:35:03Z,1
R_6V8ujgvNXS91eAe,1,5,2,3,0,2,1,1,11,NA,NA,NA,NA,NA,NA,NA,NA,NA,2026-07-09T16:35:03Z,1
R_6V8ujgvNXS91eAe,1,5,3,3,1,0,0,0,0,NA,NA,NA,NA,NA,NA,NA,NA,NA,2026-07-09T16:35:03Z,1
R_6V8ujgvNXS91eAe,1,6,1,3,0,3,2,3,22,NA,NA,NA,NA,NA,NA,NA,NA,NA,2026-07-09T16:35:03Z,1
R_6V8ujgvNXS91eAe,1,6,2,3,0,2,1,2,113,NA,NA,NA,NA,NA,NA,NA,NA,NA,2026-07-09T16:35:03Z,1
R_6V8ujgvNXS91eAe,1,6,3,3,1,0,0,0,0,NA,NA,NA,NA,NA,NA,NA,NA,NA,2026-07-09T16:35:03Z,1
R_6V8ujgvNXS91eAe,1,7,1,3,0,3,3,2,56,NA,NA,NA,NA,NA,NA,NA,NA,NA,2026-07-09T16:35:03Z,1
R_6V8ujgvNXS91eAe,1,7,2,3,0,2,2,1,84,NA,NA,NA,NA,NA,NA,NA,NA,NA,2026-07-09T16:35:03Z,1
R_6V8ujgvNXS91eAe,1,7,3,3,1,0,0,0,0,NA,NA,NA,NA,NA,NA,NA,NA,NA,2026-07-09T16:35:03Z,1
R_6V8ujgvNXS91eAe,1,8,1,3,0,1,1,2,56,NA,NA,NA,NA,NA,NA,NA,NA,NA,2026-07-09T16:35:03Z,1
R_6V8ujgvNXS91eAe,1,8,2,3,0,3,3,3,22,NA,NA,NA,NA,NA,NA,NA,NA,NA,2026-07-09T16:35:03Z,1
R_6V8ujgvNXS91eAe,1,8,3,3,1,0,0,0,0,NA,NA,NA,NA,NA,NA,NA,NA,NA,2026-07-09T16:35:03Z,1
R_6VAOqXP2E8OYzfU,1,1,1,5,0,1,2,1,84,NA,1,7,Bibendum aliquam justo per vitae faucibus! Molestie! Vulputate. Felis quam dolor dictumst! Sodales dolorem.,NA,2,NA,NA,NA,2026-06-23T11:57:19Z,1
R_6VAOqXP2E8OYzfU,1,1,2,5,0,2,3,3,56,NA,1,7,Bibendum aliquam justo per vitae faucibus! Molestie! Vulputate. Felis quam dolor dictumst! Sodales dolorem.,NA,2,NA,NA,NA,2026-06-23T11:57:19Z,1
R_6VAOqXP2E8OYzfU,1,1,3,5,0,0,0,0,0,NA,1,7,Bibendum aliquam justo per vitae faucibus! Molestie! Vulputate. Felis quam dolor dictumst! Sodales dolorem.,NA,2,NA,NA,NA,2026-06-23T11:57:19Z,1
R_6VAOqXP2E8OYzfU,1,2,1,1,1,2,3,3,56,NA,1,7,Bibendum aliquam justo per vitae faucibus! Molestie! Vulputate. Felis quam dolor dictumst! Sodales dolorem.,NA,2,NA,NA,NA,2026-06-23T11:57:19Z,1
R_6VAOqXP2E8OYzfU,1,2,2,1,0,3,2,2,56,NA,1,7,Bibendum aliquam justo per vitae faucibus! Molestie! Vulputate. Felis quam dolor dictumst! Sodales dolorem.,NA,2,NA,NA,NA,2026-06-23T11:57:19Z,1
R_6VAOqXP2E8OYzfU,1,2,3,1,0,0,0,0,0,NA,1,7,Bibendum aliquam justo per vitae faucibus! Molestie! Vulputate. Felis quam dolor dictumst! Sodales dolorem.,NA,2,NA,NA,NA,2026-06-23T11:57:19Z,1
R_6VAOqXP2E8OYzfU,1,3,1,1,1,3,2,1,113,NA,1,7,Bibendum aliquam justo per vitae faucibus! Molestie! Vulputate. Felis quam dolor dictumst! Sodales dolorem.,NA,2,NA,NA,NA,2026-06-23T11:57:19Z,1
R_6VAOqXP2E8OYzfU,1,3,2,1,0,1,1,3,22,NA,1,7,Bibendum aliquam justo per vitae faucibus! Molestie! Vulputate. Felis quam dolor dictumst! Sodales dolorem.,NA,2,NA,NA,NA,2026-06-23T11:57:19Z,1
R_6VAOqXP2E8OYzfU,1,3,3,1,0,0,0,0,0,NA,1,7,Bibendum aliquam justo per vitae faucibus! Molestie! Vulputate. Felis quam dolor dictumst! Sodales dolorem.,NA,2,NA,NA,NA,2026-06-23T11:57:19Z,1
R_6VAOqXP2E8OYzfU,1,4,1,1,1,2,2,2,84,NA,1,7,Bibendum aliquam justo per vitae faucibus! Molestie! Vulputate. Felis quam dolor dictumst! Sodales dolorem.,NA,2,NA,NA,NA,2026-06-23T11:57:19Z,1
R_6VAOqXP2E8OYzfU,1,4,2,1,0,1,3,1,56,NA,1,7,Bibendum aliquam justo per vitae faucibus! Molestie! Vulputate. Felis quam dolor dictumst! Sodales dolorem.,NA,2,NA,NA,NA,2026-06-23T11:57:19Z,1
R_6VAOqXP2E8OYzfU,1,4,3,1,0,0,0,0,0,NA,1,7,Bibendum aliquam justo per vitae faucibus! Molestie! Vulputate. Felis quam dolor dictumst! Sodales dolorem.,NA,2,NA,NA,NA,2026-06-23T11:57:19Z,1
R_6VAOqXP2E8OYzfU,1,5,1,3,0,1,2,2,11,NA,1,7,Bibendum aliquam justo per vitae faucibus! Molestie! Vulputate. Felis quam dolor dictumst! Sodales dolorem.,NA,2,NA,NA,NA,2026-06-23T11:57:19Z,1
R_6VAOqXP2E8OYzfU,1,5,2,3,0,2,1,1,11,NA,1,7,Bibendum aliquam justo per vitae faucibus! Molestie! Vulputate. Felis quam dolor dictumst! Sodales dolorem.,NA,2,NA,NA,NA,2026-06-23T11:57:19Z,1
R_6VAOqXP2E8OYzfU,1,5,3,3,1,0,0,0,0,NA,1,7,Bibendum aliquam justo per vitae faucibus! Molestie! Vulputate. Felis quam dolor dictumst! Sodales dolorem.,NA,2,NA,NA,NA,2026-06-23T11:57:19Z,1
R_6VAOqXP2E8OYzfU,1,6,1,2,0,3,2,3,22,NA,1,7,Bibendum aliquam justo per vitae faucibus! Molestie! Vulputate. Felis quam dolor dictumst! Sodales dolorem.,NA,2,NA,NA,NA,2026-06-23T11:57:19Z,1
R_6VAOqXP2E8OYzfU,1,6,2,2,1,2,1,2,113,NA,1,7,Bibendum aliquam justo per vitae faucibus! Molestie! Vulputate. Felis quam dolor dictumst! Sodales dolorem.,NA,2,NA,NA,NA,2026-06-23T11:57:19Z,1
R_6VAOqXP2E8OYzfU,1,6,3,2,0,0,0,0,0,NA,1,7,Bibendum aliquam justo per vitae faucibus! Molestie! Vulputate. Felis quam dolor dictumst! Sodales dolorem.,NA,2,NA,NA,NA,2026-06-23T11:57:19Z,1
R_6VAOqXP2E8OYzfU,1,7,1,1,1,3,3,2,56,NA,1,7,Bibendum aliquam justo per vitae faucibus! Molestie! Vulputate. Felis quam dolor dictumst! Sodales dolorem.,NA,2,NA,NA,NA,2026-06-23T11:57:19Z,1
R_6VAOqXP2E8OYzfU,1,7,2,1,0,2,2,1,84,NA,1,7,Bibendum aliquam justo per vitae faucibus! Molestie! Vulputate. Felis quam dolor dictumst! Sodales dolorem.,NA,2,NA,NA,NA,2026-06-23T11:57:19Z,1
R_6VAOqXP2E8OYzfU,1,7,3,1,0,0,0,0,0,NA,1,7,Bibendum aliquam justo per vitae faucibus! Molestie! Vulputate. Felis quam dolor dictumst! Sodales dolorem.,NA,2,NA,NA,NA,2026-06-23T11:57:19Z,1
R_6VAOqXP2E8OYzfU,1,8,1,1,1,1,1,2,56,NA,1,7,Bibendum aliquam justo per vitae faucibus! Molestie! Vulputate. Felis quam dolor dictumst! Sodales dolorem.,NA,2,NA,NA,NA,2026-06-23T11:57:19Z,1
R_6VAOqXP2E8OYzfU,1,8,2,1,0,3,3,3,22,NA,1,7,Bibendum aliquam justo per vitae faucibus! Molestie! Vulputate. Felis quam dolor dictumst! Sodales dolorem.,NA,2,NA,NA,NA,2026-06-23T11:57:19Z,1
R_6VAOqXP2E8OYzfU,1,8,3,1,0,0,0,0,0,NA,1,7,Bibendum aliquam justo per vitae faucibus! Molestie! Vulputate. Felis quam dolor dictumst! Sodales dolorem.,NA,2,NA,NA,NA,2026-06-23T11:57:19Z,1
R_6XX3UsYGw3uhKku,1,1,1,6,0,1,2,1,84,NA,1,4,NA,NA,3,NA,NA,NA,2026-07-30T20:29:56Z,1
R_6XX3UsYGw3uhKku,1,1,2,6,0,2,3,3,56,NA,1,4,NA,NA,3,NA,NA,NA,2026-07-30T20:29:56Z,1
R_6XX3UsYGw3uhKku,1,1,3,6,0,0,0,0,0,NA,1,4,NA,NA,3,NA,NA,NA,2026-07-30T20:29:56Z,1
R_6XX3UsYGw3uhKku,1,2,1,2,0,2,3,3,56,NA,1,4,NA,NA,3,NA,NA,NA,2026-07-30T20:29:56Z,1
R_6XX3UsYGw3uhKku,1,2,2,2,1,3,2,2,56,NA,1,4,NA,NA,3,NA,NA,NA,2026-07-30T20:29:56Z,1
R_6XX3UsYGw3uhKku,1,2,3,2,0,0,0,0,0,NA,1,4,NA,NA,3,NA,NA,NA,2026-07-30T20:29:56Z,1
R_6XX3UsYGw3uhKku,1,3,1,2,0,3,2,1,113,NA,1,4,NA,NA,3,NA,NA,NA,2026-07-30T20:29:56Z,1
R_6XX3UsYGw3uhKku,1,3,2,2,1,1,1,3,22,NA,1,4,NA,NA,3,NA,NA,NA,2026-07-30T20:29:56Z,1
R_6XX3UsYGw3uhKku,1,3,3,2,0,0,0,0,0,NA,1,4,NA,NA,3,NA,NA,NA,2026-07-30T20:29:56Z,1
R_6XX3UsYGw3uhKku,1,4,1,2,0,2,2,2,84,NA,1,4,NA,NA,3,NA,NA,NA,2026-07-30T20:29:56Z,1
R_6XX3UsYGw3uhKku,1,4,2,2,1,1,3,1,56,NA,1,4,NA,NA,3,NA,NA,NA,2026-07-30T20:29:56Z,1
R_6XX3UsYGw3uhKku,1,4,3,2,0,0,0,0,0,NA,1,4,NA,NA,3,NA,NA,NA,2026-07-30T20:29:56Z,1
R_6XX3UsYGw3uhKku,1,5,1,2,0,1,2,2,11,NA,1,4,NA,NA,3,NA,NA,NA,2026-07-30T20:29:56Z,1
R_6XX3UsYGw3uhKku,1,5,2,2,1,2,1,1,11,NA,1,4,NA,NA,3,NA,NA,NA,2026-07-30T20:29:56Z,1
R_6XX3UsYGw3uhKku,1,5,3,2,0,0,0,0,0,NA,1,4,NA,NA,3,NA,NA,NA,2026-07-30T20:29:56Z,1
R_6XX3UsYGw3uhKku,1,6,1,1,1,3,2,3,22,NA,1,4,NA,NA,3,NA,NA,NA,2026-07-30T20:29:56Z,1
R_6XX3UsYGw3uhKku,1,6,2,1,0,2,1,2,113,NA,1,4,NA,NA,3,NA,NA,NA,2026-07-30T20:29:56Z,1
R_6XX3UsYGw3uhKku,1,6,3,1,0,0,0,0,0,NA,1,4,NA,NA,3,NA,NA,NA,2026-07-30T20:29:56Z,1
R_6XX3UsYGw3uhKku,1,7,1,1,1,3,3,2,56,NA,1,4,NA,NA,3,NA,NA,NA,2026-07-30T20:29:56Z,1
R_6XX3UsYGw3uhKku,1,7,2,1,0,2,2,1,84,NA,1,4,NA,NA,3,NA,NA,NA,2026-07-30T20:29:56Z,1
R_6XX3UsYGw3uhKku,1,7,3,1,0,0,0,0,0,NA,1,4,NA,NA,3,NA,NA,NA,2026-07-30T20:29:56Z,1
R_6XX3UsYGw3uhKku,1,8,1,1,1,1,1,2,56,NA,1,4,NA,NA,3,NA,NA,NA,2026-07-30T20:29:56Z,1
R_6XX3UsYGw3uhKku,1,8,2,1,0,3,3,3,22,NA,1,4,NA,NA,3,NA,NA,NA,2026-07-30T20:29:56Z,1
R_6XX3UsYGw3uhKku,1,8,3,1,0,0,0,0,0,NA,1,4,NA,NA,3,NA,NA,NA,2026-07-30T20:29:56Z,1
R_6d8bHoABmeO14Od,1,1,1,2,0,1,2,1,84,30,2,6,NA,NA,4,na,25,NA,2026-07-13T11:04:46Z,1
R_6d8bHoABmeO14Od,1,1,2,2,1,2,3,3,56,30,2,6,NA,NA,4,na,25,NA,2026-07-13T11:04:46Z,1
R_6d8bHoABmeO14Od,1,1,3,2,0,0,0,0,0,30,2,6,NA,NA,4,na,25,NA,2026-07-13T11:04:46Z,1
R_6d8bHoABmeO14Od,1,2,1,2,0,2,3,3,56,30,2,6,NA,NA,4,na,25,NA,2026-07-13T11:04:46Z,1
R_6d8bHoABmeO14Od,1,2,2,2,1,3,2,2,56,30,2,6,NA,NA,4,na,25,NA,2026-07-13T11:04:46Z,1
R_6d8bHoABmeO14Od,1,2,3,2,0,0,0,0,0,30,2,6,NA,NA,4,na,25,NA,2026-07-13T11:04:46Z,1
R_6d8bHoABmeO14Od,1,3,1,3,0,3,2,1,113,30,2,6,NA,NA,4,na,25,NA,2026-07-13T11:04:46Z,1
R_6d8bHoABmeO14Od,1,3,2,3,0,1,1,3,22,30,2,6,NA,NA,4,na,25,NA,2026-07-13T11:04:46Z,1
R_6d8bHoABmeO14Od,1,3,3,3,1,0,0,0,0,30,2,6,NA,NA,4,na,25,NA,2026-07-13T11:04:46Z,1
R_6d8bHoABmeO14Od,1,4,1,3,0,2,2,2,84,30,2,6,NA,NA,4,na,25,NA,2026-07-13T11:04:46Z,1
R_6d8bHoABmeO14Od,1,4,2,3,0,1,3,1,56,30,2,6,NA,NA,4,na,25,NA,2026-07-13T11:04:46Z,1
R_6d8bHoABmeO14Od,1,4,3,3,1,0,0,0,0,30,2,6,NA,NA,4,na,25,NA,2026-07-13T11:04:46Z,1
R_6d8bHoABmeO14Od,1,5,1,2,0,1,2,2,11,30,2,6,NA,NA,4,na,25,NA,2026-07-13T11:04:46Z,1
R_6d8bHoABmeO14Od,1,5,2,2,1,2,1,1,11,30,2,6,NA,NA,4,na,25,NA,2026-07-13T11:04:46Z,1
R_6d8bHoABmeO14Od,1,5,3,2,0,0,0,0,0,30,2,6,NA,NA,4,na,25,NA,2026-07-13T11:04:46Z,1
R_6d8bHoABmeO14Od,1,6,1,3,0,3,2,3,22,30,2,6,NA,NA,4,na,25,NA,2026-07-13T11:04:46Z,1
R_6d8bHoABmeO14Od,1,6,2,3,0,2,1,2,113,30,2,6,NA,NA,4,na,25,NA,2026-07-13T11:04:46Z,1
R_6d8bHoABmeO14Od,1,6,3,3,1,0,0,0,0,30,2,6,NA,NA,4,na,25,NA,2026-07-13T11:04:46Z,1
R_6d8bHoABmeO14Od,1,7,1,3,0,3,3,2,56,30,2,6,NA,NA,4,na,25,NA,2026-07-13T11:04:46Z,1
R_6d8bHoABmeO14Od,1,7,2,3,0,2,2,1,84,30,2,6,NA,NA,4,na,25,NA,2026-07-13T11:04:46Z,1
R_6d8bHoABmeO14Od,1,7,3,3,1,0,0,0,0,30,2,6,NA,NA,4,na,25,NA,2026-07-13T11:04:46Z,1
R_6d8bHoABmeO14Od,1,8,1,2,0,1,1,2,56,30,2,6,NA,NA,4,na,25,NA,2026-07-13T11:04:46Z,1
R_6d8bHoABmeO14Od,1,8,2,2,1,3,3,3,22,30,2,6,NA,NA,4,na,25,NA,2026-07-13T11:04:46Z,1
R_6d8bHoABmeO14Od,1,8,3,2,0,0,0,0,0,30,2,6,NA,NA,4,na,25,NA,2026-07-13T11:04:46Z,1
R_6eXBiUYQMYrdEOn,2,10,1,2,0,2,3,3,113,28,2,6,NA,NA,4,do not own or rent,NA,NA,2026-07-08T13:11:57Z,1
R_6eXBiUYQMYrdEOn,2,10,2,2,1,3,1,1,11,28,2,6,NA,NA,4,do not own or rent,NA,NA,2026-07-08T13:11:57Z,1
R_6eXBiUYQMYrdEOn,2,10,3,2,0,0,0,0,0,28,2,6,NA,NA,4,do not own or rent,NA,NA,2026-07-08T13:11:57Z,1
R_6eXBiUYQMYrdEOn,2,11,1,3,0,2,3,1,11,28,2,6,NA,NA,4,do not own or rent,NA,NA,2026-07-08T13:11:57Z,1
R_6eXBiUYQMYrdEOn,2,11,2,3,0,3,1,3,113,28,2,6,NA,NA,4,do not own or rent,NA,NA,2026-07-08T13:11:57Z,1
R_6eXBiUYQMYrdEOn,2,11,3,3,1,0,0,0,0,28,2,6,NA,NA,4,do not own or rent,NA,NA,2026-07-08T13:11:57Z,1
R_6eXBiUYQMYrdEOn,2,12,1,3,0,1,1,3,11,28,2,6,NA,NA,4,do not own or rent,NA,NA,2026-07-08T13:11:57Z,1
R_6eXBiUYQMYrdEOn,2,12,2,3,0,3,3,2,113,28,2,6,NA,NA,4,do not own or rent,NA,NA,2026-07-08T13:11:57Z,1
R_6eXBiUYQMYrdEOn,2,12,3,3,1,0,0,0,0,28,2,6,NA,NA,4,do not own or rent,NA,NA,2026-07-08T13:11:57Z,1
R_6eXBiUYQMYrdEOn,2,13,1,2,0,3,1,2,22,28,2,6,NA,NA,4,do not own or rent,NA,NA,2026-07-08T13:11:57Z,1
R_6eXBiUYQMYrdEOn,2,13,2,2,1,1,2,1,84,28,2,6,NA,NA,4,do not own or rent,NA,NA,2026-07-08T13:11:57Z,1
R_6eXBiUYQMYrdEOn,2,13,3,2,0,0,0,0,0,28,2,6,NA,NA,4,do not own or rent,NA,NA,2026-07-08T13:11:57Z,1
R_6eXBiUYQMYrdEOn,2,14,1,2,0,3,3,1,22,28,2,6,NA,NA,4,do not own or rent,NA,NA,2026-07-08T13:11:57Z,1
R_6eXBiUYQMYrdEOn,2,14,2,2,1,1,2,3,84,28,2,6,NA,NA,4,do not own or rent,NA,NA,2026-07-08T13:11:57Z,1
R_6eXBiUYQMYrdEOn,2,14,3,2,0,0,0,0,0,28,2,6,NA,NA,4,do not own or rent,NA,NA,2026-07-08T13:11:57Z,1
R_6eXBiUYQMYrdEOn,2,15,1,2,0,3,1,3,113,28,2,6,NA,NA,4,do not own or rent,NA,NA,2026-07-08T13:11:57Z,1
R_6eXBiUYQMYrdEOn,2,15,2,2,1,2,3,2,11,28,2,6,NA,NA,4,do not own or rent,NA,NA,2026-07-08T13:11:57Z,1
R_6eXBiUYQMYrdEOn,2,15,3,2,0,0,0,0,0,28,2,6,NA,NA,4,do not own or rent,NA,NA,2026-07-08T13:11:57Z,1
R_6eXBiUYQMYrdEOn,2,16,1,2,0,2,1,1,84,28,2,6,NA,NA,4,do not own or rent,NA,NA,2026-07-08T13:11:57Z,1
R_6eXBiUYQMYrdEOn,2,16,2,2,1,1,3,2,22,28,2,6,NA,NA,4,do not own or rent,NA,NA,2026-07-08T13:11:57Z,1
R_6eXBiUYQMYrdEOn,2,16,3,2,0,0,0,0,0,28,2,6,NA,NA,4,do not own or rent,NA,NA,2026-07-08T13:11:57Z,1
R_6eXBiUYQMYrdEOn,2,9,1,1,1,1,3,1,113,28,2,6,NA,NA,4,do not own or rent,NA,NA,2026-07-08T13:11:57Z,1
R_6eXBiUYQMYrdEOn,2,9,2,1,0,2,2,3,11,28,2,6,NA,NA,4,do not own or rent,NA,NA,2026-07-08T13:11:57Z,1
R_6eXBiUYQMYrdEOn,2,9,3,1,0,0,0,0,0,28,2,6,NA,NA,4,do not own or rent,NA,NA,2026-07-08T13:11:57Z,1
R_6nWAGohZJx49LhQ,1,1,1,6,0,1,2,1,84,NA,3,3,NA,4,1,NA,NA,NA,2026-07-30T22:53:59Z,1
R_6nWAGohZJx49LhQ,1,1,2,6,0,2,3,3,56,NA,3,3,NA,4,1,NA,NA,NA,2026-07-30T22:53:59Z,1
R_6nWAGohZJx49LhQ,1,1,3,6,0,0,0,0,0,NA,3,3,NA,4,1,NA,NA,NA,2026-07-30T22:53:59Z,1
R_6nWAGohZJx49LhQ,1,2,1,3,0,2,3,3,56,NA,3,3,NA,4,1,NA,NA,NA,2026-07-30T22:53:59Z,1
R_6nWAGohZJx49LhQ,1,2,2,3,0,3,2,2,56,NA,3,3,NA,4,1,NA,NA,NA,2026-07-30T22:53:59Z,1
R_6nWAGohZJx49LhQ,1,2,3,3,1,0,0,0,0,NA,3,3,NA,4,1,NA,NA,NA,2026-07-30T22:53:59Z,1
R_6nWAGohZJx49LhQ,1,3,1,1,1,3,2,1,113,NA,3,3,NA,4,1,NA,NA,NA,2026-07-30T22:53:59Z,1
R_6nWAGohZJx49LhQ,1,3,2,1,0,1,1,3,22,NA,3,3,NA,4,1,NA,NA,NA,2026-07-30T22:53:59Z,1
R_6nWAGohZJx49LhQ,1,3,3,1,0,0,0,0,0,NA,3,3,NA,4,1,NA,NA,NA,2026-07-30T22:53:59Z,1
R_6nWAGohZJx49LhQ,1,4,1,3,0,2,2,2,84,NA,3,3,NA,4,1,NA,NA,NA,2026-07-30T22:53:59Z,1
R_6nWAGohZJx49LhQ,1,4,2,3,0,1,3,1,56,NA,3,3,NA,4,1,NA,NA,NA,2026-07-30T22:53:59Z,1
R_6nWAGohZJx49LhQ,1,4,3,3,1,0,0,0,0,NA,3,3,NA,4,1,NA,NA,NA,2026-07-30T22:53:59Z,1
R_6nWAGohZJx49LhQ,1,5,1,1,1,1,2,2,11,NA,3,3,NA,4,1,NA,NA,NA,2026-07-30T22:53:59Z,1
R_6nWAGohZJx49LhQ,1,5,2,1,0,2,1,1,11,NA,3,3,NA,4,1,NA,NA,NA,2026-07-30T22:53:59Z,1
R_6nWAGohZJx49LhQ,1,5,3,1,0,0,0,0,0,NA,3,3,NA,4,1,NA,NA,NA,2026-07-30T22:53:59Z,1
R_6nWAGohZJx49LhQ,1,6,1,3,0,3,2,3,22,NA,3,3,NA,4,1,NA,NA,NA,2026-07-30T22:53:59Z,1
R_6nWAGohZJx49LhQ,1,6,2,3,0,2,1,2,113,NA,3,3,NA,4,1,NA,NA,NA,2026-07-30T22:53:59Z,1
R_6nWAGohZJx49LhQ,1,6,3,3,1,0,0,0,0,NA,3,3,NA,4,1,NA,NA,NA,2026-07-30T22:53:59Z,1
R_6nWAGohZJx49LhQ,1,7,1,1,1,3,3,2,56,NA,3,3,NA,4,1,NA,NA,NA,2026-07-30T22:53:59Z,1
R_6nWAGohZJx49LhQ,1,7,2,1,0,2,2,1,84,NA,3,3,NA,4,1,NA,NA,NA,2026-07-30T22:53:59Z,1
R_6nWAGohZJx49LhQ,1,7,3,1,0,0,0,0,0,NA,3,3,NA,4,1,NA,NA,NA,2026-07-30T22:53:59Z,1
R_6nWAGohZJx49LhQ,1,8,1,1,1,1,1,2,56,NA,3,3,NA,4,1,NA,NA,NA,2026-07-30T22:53:59Z,1
R_6nWAGohZJx49LhQ,1,8,2,1,0,3,3,3,22,NA,3,3,NA,4,1,NA,NA,NA,2026-07-30T22:53:59Z,1
R_6nWAGohZJx49LhQ,1,8,3,1,0,0,0,0,0,NA,3,3,NA,4,1,NA,NA,NA,2026-07-30T22:53:59Z,1
R_6paJQLxSWoSSdiR,2,11,1,2,0,2,3,1,11,NA,NA,NA,NA,NA,NA,NA,200,200,2026-07-09T16:34:55Z,1
R_6paJQLxSWoSSdiR,2,11,2,2,1,3,1,3,113,NA,NA,NA,NA,NA,NA,NA,200,200,2026-07-09T16:34:55Z,1
R_6paJQLxSWoSSdiR,2,11,3,2,0,0,0,0,0,NA,NA,NA,NA,NA,NA,NA,200,200,2026-07-09T16:34:55Z,1
R_6paJQLxSWoSSdiR,2,12,1,2,0,1,1,3,11,NA,NA,NA,NA,NA,NA,NA,200,200,2026-07-09T16:34:55Z,1
R_6paJQLxSWoSSdiR,2,12,2,2,1,3,3,2,113,NA,NA,NA,NA,NA,NA,NA,200,200,2026-07-09T16:34:55Z,1
R_6paJQLxSWoSSdiR,2,12,3,2,0,0,0,0,0,NA,NA,NA,NA,NA,NA,NA,200,200,2026-07-09T16:34:55Z,1
R_6paJQLxSWoSSdiR,2,13,1,3,0,3,1,2,22,NA,NA,NA,NA,NA,NA,NA,200,200,2026-07-09T16:34:55Z,1
R_6paJQLxSWoSSdiR,2,13,2,3,0,1,2,1,84,NA,NA,NA,NA,NA,NA,NA,200,200,2026-07-09T16:34:55Z,1
R_6paJQLxSWoSSdiR,2,13,3,3,1,0,0,0,0,NA,NA,NA,NA,NA,NA,NA,200,200,2026-07-09T16:34:55Z,1
R_6paJQLxSWoSSdiR,2,14,1,2,0,3,3,1,22,NA,NA,NA,NA,NA,NA,NA,200,200,2026-07-09T16:34:55Z,1
R_6paJQLxSWoSSdiR,2,14,2,2,1,1,2,3,84,NA,NA,NA,NA,NA,NA,NA,200,200,2026-07-09T16:34:55Z,1
R_6paJQLxSWoSSdiR,2,14,3,2,0,0,0,0,0,NA,NA,NA,NA,NA,NA,NA,200,200,2026-07-09T16:34:55Z,1
R_6paJQLxSWoSSdiR,2,15,1,3,0,3,1,3,113,NA,NA,NA,NA,NA,NA,NA,200,200,2026-07-09T16:34:55Z,1
R_6paJQLxSWoSSdiR,2,15,2,3,0,2,3,2,11,NA,NA,NA,NA,NA,NA,NA,200,200,2026-07-09T16:34:55Z,1
R_6paJQLxSWoSSdiR,2,15,3,3,1,0,0,0,0,NA,NA,NA,NA,NA,NA,NA,200,200,2026-07-09T16:34:55Z,1
R_6paJQLxSWoSSdiR,2,16,1,3,0,2,1,1,84,NA,NA,NA,NA,NA,NA,NA,200,200,2026-07-09T16:34:55Z,1
R_6paJQLxSWoSSdiR,2,16,2,3,0,1,3,2,22,NA,NA,NA,NA,NA,NA,NA,200,200,2026-07-09T16:34:55Z,1
R_6paJQLxSWoSSdiR,2,16,3,3,1,0,0,0,0,NA,NA,NA,NA,NA,NA,NA,200,200,2026-07-09T16:34:55Z,1
R_6tiGU8Rj5HP0X8W,2,10,1,1,1,2,3,3,113,NA,1,6,NA,NA,4,Fermentum dictumst venenatis vel amet culpa non ac molestie egestas? Dictumst ipsum. Placerat.,NA,NA,2026-07-30T20:29:50Z,1
R_6tiGU8Rj5HP0X8W,2,10,2,1,0,3,1,1,11,NA,1,6,NA,NA,4,Fermentum dictumst venenatis vel amet culpa non ac molestie egestas? Dictumst ipsum. Placerat.,NA,NA,2026-07-30T20:29:50Z,1
R_6tiGU8Rj5HP0X8W,2,10,3,1,0,0,0,0,0,NA,1,6,NA,NA,4,Fermentum dictumst venenatis vel amet culpa non ac molestie egestas? Dictumst ipsum. Placerat.,NA,NA,2026-07-30T20:29:50Z,1
R_6tiGU8Rj5HP0X8W,2,11,1,2,0,2,3,1,11,NA,1,6,NA,NA,4,Fermentum dictumst venenatis vel amet culpa non ac molestie egestas? Dictumst ipsum. Placerat.,NA,NA,2026-07-30T20:29:50Z,1
R_6tiGU8Rj5HP0X8W,2,11,2,2,1,3,1,3,113,NA,1,6,NA,NA,4,Fermentum dictumst venenatis vel amet culpa non ac molestie egestas? Dictumst ipsum. Placerat.,NA,NA,2026-07-30T20:29:50Z,1
R_6tiGU8Rj5HP0X8W,2,11,3,2,0,0,0,0,0,NA,1,6,NA,NA,4,Fermentum dictumst venenatis vel amet culpa non ac molestie egestas? Dictumst ipsum. Placerat.,NA,NA,2026-07-30T20:29:50Z,1
R_6tiGU8Rj5HP0X8W,2,12,1,3,0,1,1,3,11,NA,1,6,NA,NA,4,Fermentum dictumst venenatis vel amet culpa non ac molestie egestas? Dictumst ipsum. Placerat.,NA,NA,2026-07-30T20:29:50Z,1
R_6tiGU8Rj5HP0X8W,2,12,2,3,0,3,3,2,113,NA,1,6,NA,NA,4,Fermentum dictumst venenatis vel amet culpa non ac molestie egestas? Dictumst ipsum. Placerat.,NA,NA,2026-07-30T20:29:50Z,1
R_6tiGU8Rj5HP0X8W,2,12,3,3,1,0,0,0,0,NA,1,6,NA,NA,4,Fermentum dictumst venenatis vel amet culpa non ac molestie egestas? Dictumst ipsum. Placerat.,NA,NA,2026-07-30T20:29:50Z,1
R_6tiGU8Rj5HP0X8W,2,13,1,1,1,3,1,2,22,NA,1,6,NA,NA,4,Fermentum dictumst venenatis vel amet culpa non ac molestie egestas? Dictumst ipsum. Placerat.,NA,NA,2026-07-30T20:29:50Z,1
R_6tiGU8Rj5HP0X8W,2,13,2,1,0,1,2,1,84,NA,1,6,NA,NA,4,Fermentum dictumst venenatis vel amet culpa non ac molestie egestas? Dictumst ipsum. Placerat.,NA,NA,2026-07-30T20:29:50Z,1
R_6tiGU8Rj5HP0X8W,2,13,3,1,0,0,0,0,0,NA,1,6,NA,NA,4,Fermentum dictumst venenatis vel amet culpa non ac molestie egestas? Dictumst ipsum. Placerat.,NA,NA,2026-07-30T20:29:50Z,1
R_6tiGU8Rj5HP0X8W,2,14,1,2,0,3,3,1,22,NA,1,6,NA,NA,4,Fermentum dictumst venenatis vel amet culpa non ac molestie egestas? Dictumst ipsum. Placerat.,NA,NA,2026-07-30T20:29:50Z,1
R_6tiGU8Rj5HP0X8W,2,14,2,2,1,1,2,3,84,NA,1,6,NA,NA,4,Fermentum dictumst venenatis vel amet culpa non ac molestie egestas? Dictumst ipsum. Placerat.,NA,NA,2026-07-30T20:29:50Z,1
R_6tiGU8Rj5HP0X8W,2,14,3,2,0,0,0,0,0,NA,1,6,NA,NA,4,Fermentum dictumst venenatis vel amet culpa non ac molestie egestas? Dictumst ipsum. Placerat.,NA,NA,2026-07-30T20:29:50Z,1
R_6tiGU8Rj5HP0X8W,2,15,1,1,1,3,1,3,113,NA,1,6,NA,NA,4,Fermentum dictumst venenatis vel amet culpa non ac molestie egestas? Dictumst ipsum. Placerat.,NA,NA,2026-07-30T20:29:50Z,1
R_6tiGU8Rj5HP0X8W,2,15,2,1,0,2,3,2,11,NA,1,6,NA,NA,4,Fermentum dictumst venenatis vel amet culpa non ac molestie egestas? Dictumst ipsum. Placerat.,NA,NA,2026-07-30T20:29:50Z,1
R_6tiGU8Rj5HP0X8W,2,15,3,1,0,0,0,0,0,NA,1,6,NA,NA,4,Fermentum dictumst venenatis vel amet culpa non ac molestie egestas? Dictumst ipsum. Placerat.,NA,NA,2026-07-30T20:29:50Z,1
R_6tiGU8Rj5HP0X8W,2,16,1,2,0,2,1,1,84,NA,1,6,NA,NA,4,Fermentum dictumst venenatis vel amet culpa non ac molestie egestas? Dictumst ipsum. Placerat.,NA,NA,2026-07-30T20:29:50Z,1
R_6tiGU8Rj5HP0X8W,2,16,2,2,1,1,3,2,22,NA,1,6,NA,NA,4,Fermentum dictumst venenatis vel amet culpa non ac molestie egestas? Dictumst ipsum. Placerat.,NA,NA,2026-07-30T20:29:50Z,1
R_6tiGU8Rj5HP0X8W,2,16,3,2,0,0,0,0,0,NA,1,6,NA,NA,4,Fermentum dictumst venenatis vel amet culpa non ac molestie egestas? Dictumst ipsum. Placerat.,NA,NA,2026-07-30T20:29:50Z,1
R_6tiGU8Rj5HP0X8W,2,9,1,1,1,1,3,1,113,NA,1,6,NA,NA,4,Fermentum dictumst venenatis vel amet culpa non ac molestie egestas? Dictumst ipsum. Placerat.,NA,NA,2026-07-30T20:29:50Z,1
R_6tiGU8Rj5HP0X8W,2,9,2,1,0,2,2,3,11,NA,1,6,NA,NA,4,Fermentum dictumst venenatis vel amet culpa non ac molestie egestas? Dictumst ipsum. Placerat.,NA,NA,2026-07-30T20:29:50Z,1
R_6tiGU8Rj5HP0X8W,2,9,3,1,0,0,0,0,0,NA,1,6,NA,NA,4,Fermentum dictumst venenatis vel amet culpa non ac molestie egestas? Dictumst ipsum. Placerat.,NA,NA,2026-07-30T20:29:50Z,1
R_6uibqkSAGK65Vs2,1,1,1,2,0,1,2,1,84,NA,2,6,NA,5,1,NA,NA,NA,2026-07-30T22:53:39Z,1
R_6uibqkSAGK65Vs2,1,1,2,2,1,2,3,3,56,NA,2,6,NA,5,1,NA,NA,NA,2026-07-30T22:53:39Z,1
R_6uibqkSAGK65Vs2,1,1,3,2,0,0,0,0,0,NA,2,6,NA,5,1,NA,NA,NA,2026-07-30T22:53:39Z,1
R_6uibqkSAGK65Vs2,1,2,1,2,0,2,3,3,56,NA,2,6,NA,5,1,NA,NA,NA,2026-07-30T22:53:39Z,1
R_6uibqkSAGK65Vs2,1,2,2,2,1,3,2,2,56,NA,2,6,NA,5,1,NA,NA,NA,2026-07-30T22:53:39Z,1
R_6uibqkSAGK65Vs2,1,2,3,2,0,0,0,0,0,NA,2,6,NA,5,1,NA,NA,NA,2026-07-30T22:53:39Z,1
R_6uibqkSAGK65Vs2,1,3,1,2,0,3,2,1,113,NA,2,6,NA,5,1,NA,NA,NA,2026-07-30T22:53:39Z,1
R_6uibqkSAGK65Vs2,1,3,2,2,1,1,1,3,22,NA,2,6,NA,5,1,NA,NA,NA,2026-07-30T22:53:39Z,1
R_6uibqkSAGK65Vs2,1,3,3,2,0,0,0,0,0,NA,2,6,NA,5,1,NA,NA,NA,2026-07-30T22:53:39Z,1
R_6uibqkSAGK65Vs2,1,4,1,2,0,2,2,2,84,NA,2,6,NA,5,1,NA,NA,NA,2026-07-30T22:53:39Z,1
R_6uibqkSAGK65Vs2,1,4,2,2,1,1,3,1,56,NA,2,6,NA,5,1,NA,NA,NA,2026-07-30T22:53:39Z,1
R_6uibqkSAGK65Vs2,1,4,3,2,0,0,0,0,0,NA,2,6,NA,5,1,NA,NA,NA,2026-07-30T22:53:39Z,1
R_6uibqkSAGK65Vs2,1,5,1,3,0,1,2,2,11,NA,2,6,NA,5,1,NA,NA,NA,2026-07-30T22:53:39Z,1
R_6uibqkSAGK65Vs2,1,5,2,3,0,2,1,1,11,NA,2,6,NA,5,1,NA,NA,NA,2026-07-30T22:53:39Z,1
R_6uibqkSAGK65Vs2,1,5,3,3,1,0,0,0,0,NA,2,6,NA,5,1,NA,NA,NA,2026-07-30T22:53:39Z,1
R_6uibqkSAGK65Vs2,1,6,1,3,0,3,2,3,22,NA,2,6,NA,5,1,NA,NA,NA,2026-07-30T22:53:39Z,1
R_6uibqkSAGK65Vs2,1,6,2,3,0,2,1,2,113,NA,2,6,NA,5,1,NA,NA,NA,2026-07-30T22:53:39Z,1
R_6uibqkSAGK65Vs2,1,6,3,3,1,0,0,0,0,NA,2,6,NA,5,1,NA,NA,NA,2026-07-30T22:53:39Z,1
R_6uibqkSAGK65Vs2,1,7,1,1,1,3,3,2,56,NA,2,6,NA,5,1,NA,NA,NA,2026-07-30T22:53:39Z,1
R_6uibqkSAGK65Vs2,1,7,2,1,0,2,2,1,84,NA,2,6,NA,5,1,NA,NA,NA,2026-07-30T22:53:39Z,1
R_6uibqkSAGK65Vs2,1,7,3,1,0,0,0,0,0,NA,2,6,NA,5,1,NA,NA,NA,2026-07-30T22:53:39Z,1
R_6uibqkSAGK65Vs2,1,8,1,3,0,1,1,2,56,NA,2,6,NA,5,1,NA,NA,NA,2026-07-30T22:53:39Z,1
R_6uibqkSAGK65Vs2,1,8,2,3,0,3,3,3,22,NA,2,6,NA,5,1,NA,NA,NA,2026-07-30T22:53:39Z,1
R_6uibqkSAGK65Vs2,1,8,3,3,1,0,0,0,0,NA,2,6,NA,5,1,NA,NA,NA,2026-07-30T22:53:39Z,1
R_6yYqugoRSRojswK,2,10,1,2,0,2,3,3,113,NA,1,6,NA,5,3,NA,NA,NA,2026-07-30T22:54:00Z,1
R_6yYqugoRSRojswK,2,10,2,2,1,3,1,1,11,NA,1,6,NA,5,3,NA,NA,NA,2026-07-30T22:54:00Z,1
R_6yYqugoRSRojswK,2,10,3,2,0,0,0,0,0,NA,1,6,NA,5,3,NA,NA,NA,2026-07-30T22:54:00Z,1
R_6yYqugoRSRojswK,2,11,1,2,0,2,3,1,11,NA,1,6,NA,5,3,NA,NA,NA,2026-07-30T22:54:00Z,1
R_6yYqugoRSRojswK,2,11,2,2,1,3,1,3,113,NA,1,6,NA,5,3,NA,NA,NA,2026-07-30T22:54:00Z,1
R_6yYqugoRSRojswK,2,11,3,2,0,0,0,0,0,NA,1,6,NA,5,3,NA,NA,NA,2026-07-30T22:54:00Z,1
R_6yYqugoRSRojswK,2,12,1,1,1,1,1,3,11,NA,1,6,NA,5,3,NA,NA,NA,2026-07-30T22:54:00Z,1
R_6yYqugoRSRojswK,2,12,2,1,0,3,3,2,113,NA,1,6,NA,5,3,NA,NA,NA,2026-07-30T22:54:00Z,1
R_6yYqugoRSRojswK,2,12,3,1,0,0,0,0,0,NA,1,6,NA,5,3,NA,NA,NA,2026-07-30T22:54:00Z,1
R_6yYqugoRSRojswK,2,13,1,3,0,3,1,2,22,NA,1,6,NA,5,3,NA,NA,NA,2026-07-30T22:54:00Z,1
R_6yYqugoRSRojswK,2,13,2,3,0,1,2,1,84,NA,1,6,NA,5,3,NA,NA,NA,2026-07-30T22:54:00Z,1
R_6yYqugoRSRojswK,2,13,3,3,1,0,0,0,0,NA,1,6,NA,5,3,NA,NA,NA,2026-07-30T22:54:00Z,1
R_6yYqugoRSRojswK,2,14,1,3,0,3,3,1,22,NA,1,6,NA,5,3,NA,NA,NA,2026-07-30T22:54:00Z,1
R_6yYqugoRSRojswK,2,14,2,3,0,1,2,3,84,NA,1,6,NA,5,3,NA,NA,NA,2026-07-30T22:54:00Z,1
R_6yYqugoRSRojswK,2,14,3,3,1,0,0,0,0,NA,1,6,NA,5,3,NA,NA,NA,2026-07-30T22:54:00Z,1
R_6yYqugoRSRojswK,2,15,1,3,0,3,1,3,113,NA,1,6,NA,5,3,NA,NA,NA,2026-07-30T22:54:00Z,1
R_6yYqugoRSRojswK,2,15,2,3,0,2,3,2,11,NA,1,6,NA,5,3,NA,NA,NA,2026-07-30T22:54:00Z,1
R_6yYqugoRSRojswK,2,15,3,3,1,0,0,0,0,NA,1,6,NA,5,3,NA,NA,NA,2026-07-30T22:54:00Z,1
R_6yYqugoRSRojswK,2,16,1,1,1,2,1,1,84,NA,1,6,NA,5,3,NA,NA,NA,2026-07-30T22:54:00Z,1
R_6yYqugoRSRojswK,2,16,2,1,0,1,3,2,22,NA,1,6,NA,5,3,NA,NA,NA,2026-07-30T22:54:00Z,1
R_6yYqugoRSRojswK,2,16,3,1,0,0,0,0,0,NA,1,6,NA,5,3,NA,NA,NA,2026-07-30T22:54:00Z,1
R_6yYqugoRSRojswK,2,9,1,3,0,1,3,1,113,NA,1,6,NA,5,3,NA,NA,NA,2026-07-30T22:54:00Z,1
R_6yYqugoRSRojswK,2,9,2,3,0,2,2,3,11,NA,1,6,NA,5,3,NA,NA,NA,2026-07-30T22:54:00Z,1
R_6yYqugoRSRojswK,2,9,3,3,1,0,0,0,0,NA,1,6,NA,5,3,NA,NA,NA,2026-07-30T22:54:00Z,1
R_6yxlzPQKZTZwzZA,1,1,1,5,0,1,2,1,84,NA,1,6,NA,4,3,NA,NA,NA,2026-07-30T22:53:46Z,1
R_6yxlzPQKZTZwzZA,1,1,2,5,0,2,3,3,56,NA,1,6,NA,4,3,NA,NA,NA,2026-07-30T22:53:46Z,1
R_6yxlzPQKZTZwzZA,1,1,3,5,0,0,0,0,0,NA,1,6,NA,4,3,NA,NA,NA,2026-07-30T22:53:46Z,1
R_6yxlzPQKZTZwzZA,1,2,1,2,0,2,3,3,56,NA,1,6,NA,4,3,NA,NA,NA,2026-07-30T22:53:46Z,1
R_6yxlzPQKZTZwzZA,1,2,2,2,1,3,2,2,56,NA,1,6,NA,4,3,NA,NA,NA,2026-07-30T22:53:46Z,1
R_6yxlzPQKZTZwzZA,1,2,3,2,0,0,0,0,0,NA,1,6,NA,4,3,NA,NA,NA,2026-07-30T22:53:46Z,1
R_6yxlzPQKZTZwzZA,1,3,1,1,1,3,2,1,113,NA,1,6,NA,4,3,NA,NA,NA,2026-07-30T22:53:46Z,1
R_6yxlzPQKZTZwzZA,1,3,2,1,0,1,1,3,22,NA,1,6,NA,4,3,NA,NA,NA,2026-07-30T22:53:46Z,1
R_6yxlzPQKZTZwzZA,1,3,3,1,0,0,0,0,0,NA,1,6,NA,4,3,NA,NA,NA,2026-07-30T22:53:46Z,1
R_6yxlzPQKZTZwzZA,1,4,1,3,0,2,2,2,84,NA,1,6,NA,4,3,NA,NA,NA,2026-07-30T22:53:46Z,1
R_6yxlzPQKZTZwzZA,1,4,2,3,0,1,3,1,56,NA,1,6,NA,4,3,NA,NA,NA,2026-07-30T22:53:46Z,1
R_6yxlzPQKZTZwzZA,1,4,3,3,1,0,0,0,0,NA,1,6,NA,4,3,NA,NA,NA,2026-07-30T22:53:46Z,1
R_6yxlzPQKZTZwzZA,1,5,1,1,1,1,2,2,11,NA,1,6,NA,4,3,NA,NA,NA,2026-07-30T22:53:46Z,1
R_6yxlzPQKZTZwzZA,1,5,2,1,0,2,1,1,11,NA,1,6,NA,4,3,NA,NA,NA,2026-07-30T22:53:46Z,1
R_6yxlzPQKZTZwzZA,1,5,3,1,0,0,0,0,0,NA,1,6,NA,4,3,NA,NA,NA,2026-07-30T22:53:46Z,1
R_6yxlzPQKZTZwzZA,1,6,1,3,0,3,2,3,22,NA,1,6,NA,4,3,NA,NA,NA,2026-07-30T22:53:46Z,1
R_6yxlzPQKZTZwzZA,1,6,2,3,0,2,1,2,113,NA,1,6,NA,4,3,NA,NA,NA,2026-07-30T22:53:46Z,1
R_6yxlzPQKZTZwzZA,1,6,3,3,1,0,0,0,0,NA,1,6,NA,4,3,NA,NA,NA,2026-07-30T22:53:46Z,1
R_6yxlzPQKZTZwzZA,1,7,1,1,1,3,3,2,56,NA,1,6,NA,4,3,NA,NA,NA,2026-07-30T22:53:46Z,1
R_6yxlzPQKZTZwzZA,1,7,2,1,0,2,2,1,84,NA,1,6,NA,4,3,NA,NA,NA,2026-07-30T22:53:46Z,1
R_6yxlzPQKZTZwzZA,1,7,3,1,0,0,0,0,0,NA,1,6,NA,4,3,NA,NA,NA,2026-07-30T22:53:46Z,1
R_6yxlzPQKZTZwzZA,1,8,1,3,0,1,1,2,56,NA,1,6,NA,4,3,NA,NA,NA,2026-07-30T22:53:46Z,1
R_6yxlzPQKZTZwzZA,1,8,2,3,0,3,3,3,22,NA,1,6,NA,4,3,NA,NA,NA,2026-07-30T22:53:46Z,1
R_6yxlzPQKZTZwzZA,1,8,3,3,1,0,0,0,0,NA,1,6,NA,4,3,NA,NA,NA,2026-07-30T22:53:46Z,1
R_6zpR0Y6G2SDnMr2,2,10,1,2,0,2,3,3,113,18,1,1,NA,NA,2,NA,NA,NA,2026-07-06T20:22:25Z,1
R_6zpR0Y6G2SDnMr2,2,10,2,2,1,3,1,1,11,18,1,1,NA,NA,2,NA,NA,NA,2026-07-06T20:22:25Z,1
R_6zpR0Y6G2SDnMr2,2,10,3,2,0,0,0,0,0,18,1,1,NA,NA,2,NA,NA,NA,2026-07-06T20:22:25Z,1
R_6zpR0Y6G2SDnMr2,2,11,1,3,0,2,3,1,11,18,1,1,NA,NA,2,NA,NA,NA,2026-07-06T20:22:25Z,1
R_6zpR0Y6G2SDnMr2,2,11,2,3,0,3,1,3,113,18,1,1,NA,NA,2,NA,NA,NA,2026-07-06T20:22:25Z,1
R_6zpR0Y6G2SDnMr2,2,11,3,3,1,0,0,0,0,18,1,1,NA,NA,2,NA,NA,NA,2026-07-06T20:22:25Z,1
R_6zpR0Y6G2SDnMr2,2,12,1,3,0,1,1,3,11,18,1,1,NA,NA,2,NA,NA,NA,2026-07-06T20:22:25Z,1
R_6zpR0Y6G2SDnMr2,2,12,2,3,0,3,3,2,113,18,1,1,NA,NA,2,NA,NA,NA,2026-07-06T20:22:25Z,1
R_6zpR0Y6G2SDnMr2,2,12,3,3,1,0,0,0,0,18,1,1,NA,NA,2,NA,NA,NA,2026-07-06T20:22:25Z,1
R_6zpR0Y6G2SDnMr2,2,13,1,2,0,3,1,2,22,18,1,1,NA,NA,2,NA,NA,NA,2026-07-06T20:22:25Z,1
R_6zpR0Y6G2SDnMr2,2,13,2,2,1,1,2,1,84,18,1,1,NA,NA,2,NA,NA,NA,2026-07-06T20:22:25Z,1
R_6zpR0Y6G2SDnMr2,2,13,3,2,0,0,0,0,0,18,1,1,NA,NA,2,NA,NA,NA,2026-07-06T20:22:25Z,1
R_6zpR0Y6G2SDnMr2,2,14,1,2,0,3,3,1,22,18,1,1,NA,NA,2,NA,NA,NA,2026-07-06T20:22:25Z,1
R_6zpR0Y6G2SDnMr2,2,14,2,2,1,1,2,3,84,18,1,1,NA,NA,2,NA,NA,NA,2026-07-06T20:22:25Z,1
R_6zpR0Y6G2SDnMr2,2,14,3,2,0,0,0,0,0,18,1,1,NA,NA,2,NA,NA,NA,2026-07-06T20:22:25Z,1
R_6zpR0Y6G2SDnMr2,2,15,1,2,0,3,1,3,113,18,1,1,NA,NA,2,NA,NA,NA,2026-07-06T20:22:25Z,1
R_6zpR0Y6G2SDnMr2,2,15,2,2,1,2,3,2,11,18,1,1,NA,NA,2,NA,NA,NA,2026-07-06T20:22:25Z,1
R_6zpR0Y6G2SDnMr2,2,15,3,2,0,0,0,0,0,18,1,1,NA,NA,2,NA,NA,NA,2026-07-06T20:22:25Z,1
R_6zpR0Y6G2SDnMr2,2,16,1,3,0,2,1,1,84,18,1,1,NA,NA,2,NA,NA,NA,2026-07-06T20:22:25Z,1
R_6zpR0Y6G2SDnMr2,2,16,2,3,0,1,3,2,22,18,1,1,NA,NA,2,NA,NA,NA,2026-07-06T20:22:25Z,1
R_6zpR0Y6G2SDnMr2,2,16,3,3,1,0,0,0,0,18,1,1,NA,NA,2,NA,NA,NA,2026-07-06T20:22:25Z,1
R_6zpR0Y6G2SDnMr2,2,9,1,2,0,1,3,1,113,18,1,1,NA,NA,2,NA,NA,NA,2026-07-06T20:22:25Z,1
R_6zpR0Y6G2SDnMr2,2,9,2,2,1,2,2,3,11,18,1,1,NA,NA,2,NA,NA,NA,2026-07-06T20:22:25Z,1
R_6zpR0Y6G2SDnMr2,2,9,3,2,0,0,0,0,0,18,1,1,NA,NA,2,NA,NA,NA,2026-07-06T20:22:25Z,1
R_7QB6ZbjZDHblm5M,2,10,1,2,0,2,3,3,113,NA,3,4,NA,NA,4,"Aliquet mi maecenas orci, leo auctor turpis est. Sollicitudin natoque ultrices platea ante curabitur vulputate.",NA,NA,2026-07-15T13:31:05Z,1
R_7QB6ZbjZDHblm5M,2,10,2,2,1,3,1,1,11,NA,3,4,NA,NA,4,"Aliquet mi maecenas orci, leo auctor turpis est. Sollicitudin natoque ultrices platea ante curabitur vulputate.",NA,NA,2026-07-15T13:31:05Z,1
R_7QB6ZbjZDHblm5M,2,10,3,2,0,0,0,0,0,NA,3,4,NA,NA,4,"Aliquet mi maecenas orci, leo auctor turpis est. Sollicitudin natoque ultrices platea ante curabitur vulputate.",NA,NA,2026-07-15T13:31:05Z,1
R_7QB6ZbjZDHblm5M,2,11,1,1,1,2,3,1,11,NA,3,4,NA,NA,4,"Aliquet mi maecenas orci, leo auctor turpis est. Sollicitudin natoque ultrices platea ante curabitur vulputate.",NA,NA,2026-07-15T13:31:05Z,1
R_7QB6ZbjZDHblm5M,2,11,2,1,0,3,1,3,113,NA,3,4,NA,NA,4,"Aliquet mi maecenas orci, leo auctor turpis est. Sollicitudin natoque ultrices platea ante curabitur vulputate.",NA,NA,2026-07-15T13:31:05Z,1
R_7QB6ZbjZDHblm5M,2,11,3,1,0,0,0,0,0,NA,3,4,NA,NA,4,"Aliquet mi maecenas orci, leo auctor turpis est. Sollicitudin natoque ultrices platea ante curabitur vulputate.",NA,NA,2026-07-15T13:31:05Z,1
R_7QB6ZbjZDHblm5M,2,12,1,2,0,1,1,3,11,NA,3,4,NA,NA,4,"Aliquet mi maecenas orci, leo auctor turpis est. Sollicitudin natoque ultrices platea ante curabitur vulputate.",NA,NA,2026-07-15T13:31:05Z,1
R_7QB6ZbjZDHblm5M,2,12,2,2,1,3,3,2,113,NA,3,4,NA,NA,4,"Aliquet mi maecenas orci, leo auctor turpis est. Sollicitudin natoque ultrices platea ante curabitur vulputate.",NA,NA,2026-07-15T13:31:05Z,1
R_7QB6ZbjZDHblm5M,2,12,3,2,0,0,0,0,0,NA,3,4,NA,NA,4,"Aliquet mi maecenas orci, leo auctor turpis est. Sollicitudin natoque ultrices platea ante curabitur vulputate.",NA,NA,2026-07-15T13:31:05Z,1
R_7QB6ZbjZDHblm5M,2,13,1,3,0,3,1,2,22,NA,3,4,NA,NA,4,"Aliquet mi maecenas orci, leo auctor turpis est. Sollicitudin natoque ultrices platea ante curabitur vulputate.",NA,NA,2026-07-15T13:31:05Z,1
R_7QB6ZbjZDHblm5M,2,13,2,3,0,1,2,1,84,NA,3,4,NA,NA,4,"Aliquet mi maecenas orci, leo auctor turpis est. Sollicitudin natoque ultrices platea ante curabitur vulputate.",NA,NA,2026-07-15T13:31:05Z,1
R_7QB6ZbjZDHblm5M,2,13,3,3,1,0,0,0,0,NA,3,4,NA,NA,4,"Aliquet mi maecenas orci, leo auctor turpis est. Sollicitudin natoque ultrices platea ante curabitur vulputate.",NA,NA,2026-07-15T13:31:05Z,1
R_7QB6ZbjZDHblm5M,2,14,1,3,0,3,3,1,22,NA,3,4,NA,NA,4,"Aliquet mi maecenas orci, leo auctor turpis est. Sollicitudin natoque ultrices platea ante curabitur vulputate.",NA,NA,2026-07-15T13:31:05Z,1
R_7QB6ZbjZDHblm5M,2,14,2,3,0,1,2,3,84,NA,3,4,NA,NA,4,"Aliquet mi maecenas orci, leo auctor turpis est. Sollicitudin natoque ultrices platea ante curabitur vulputate.",NA,NA,2026-07-15T13:31:05Z,1
R_7QB6ZbjZDHblm5M,2,14,3,3,1,0,0,0,0,NA,3,4,NA,NA,4,"Aliquet mi maecenas orci, leo auctor turpis est. Sollicitudin natoque ultrices platea ante curabitur vulputate.",NA,NA,2026-07-15T13:31:05Z,1
R_7QB6ZbjZDHblm5M,2,15,1,2,0,3,1,3,113,NA,3,4,NA,NA,4,"Aliquet mi maecenas orci, leo auctor turpis est. Sollicitudin natoque ultrices platea ante curabitur vulputate.",NA,NA,2026-07-15T13:31:05Z,1
R_7QB6ZbjZDHblm5M,2,15,2,2,1,2,3,2,11,NA,3,4,NA,NA,4,"Aliquet mi maecenas orci, leo auctor turpis est. Sollicitudin natoque ultrices platea ante curabitur vulputate.",NA,NA,2026-07-15T13:31:05Z,1
R_7QB6ZbjZDHblm5M,2,15,3,2,0,0,0,0,0,NA,3,4,NA,NA,4,"Aliquet mi maecenas orci, leo auctor turpis est. Sollicitudin natoque ultrices platea ante curabitur vulputate.",NA,NA,2026-07-15T13:31:05Z,1
R_7QB6ZbjZDHblm5M,2,16,1,2,0,2,1,1,84,NA,3,4,NA,NA,4,"Aliquet mi maecenas orci, leo auctor turpis est. Sollicitudin natoque ultrices platea ante curabitur vulputate.",NA,NA,2026-07-15T13:31:05Z,1
R_7QB6ZbjZDHblm5M,2,16,2,2,1,1,3,2,22,NA,3,4,NA,NA,4,"Aliquet mi maecenas orci, leo auctor turpis est. Sollicitudin natoque ultrices platea ante curabitur vulputate.",NA,NA,2026-07-15T13:31:05Z,1
R_7QB6ZbjZDHblm5M,2,16,3,2,0,0,0,0,0,NA,3,4,NA,NA,4,"Aliquet mi maecenas orci, leo auctor turpis est. Sollicitudin natoque ultrices platea ante curabitur vulputate.",NA,NA,2026-07-15T13:31:05Z,1
R_7QB6ZbjZDHblm5M,2,9,1,2,0,1,3,1,113,NA,3,4,NA,NA,4,"Aliquet mi maecenas orci, leo auctor turpis est. Sollicitudin natoque ultrices platea ante curabitur vulputate.",NA,NA,2026-07-15T13:31:05Z,1
R_7QB6ZbjZDHblm5M,2,9,2,2,1,2,2,3,11,NA,3,4,NA,NA,4,"Aliquet mi maecenas orci, leo auctor turpis est. Sollicitudin natoque ultrices platea ante curabitur vulputate.",NA,NA,2026-07-15T13:31:05Z,1
R_7QB6ZbjZDHblm5M,2,9,3,2,0,0,0,0,0,NA,3,4,NA,NA,4,"Aliquet mi maecenas orci, leo auctor turpis est. Sollicitudin natoque ultrices platea ante curabitur vulputate.",NA,NA,2026-07-15T13:31:05Z,1
R_7VWn3egc5rv29fw,1,1,1,2,0,1,2,1,84,NA,3,7,Tempus nullam justo suscipit ut molestie sodales. Integer posuere diam.,6,1,NA,NA,NA,2026-07-30T22:53:39Z,1
R_7VWn3egc5rv29fw,1,1,2,2,1,2,3,3,56,NA,3,7,Tempus nullam justo suscipit ut molestie sodales. Integer posuere diam.,6,1,NA,NA,NA,2026-07-30T22:53:39Z,1
R_7VWn3egc5rv29fw,1,1,3,2,0,0,0,0,0,NA,3,7,Tempus nullam justo suscipit ut molestie sodales. Integer posuere diam.,6,1,NA,NA,NA,2026-07-30T22:53:39Z,1
R_7VWn3egc5rv29fw,1,2,1,3,0,2,3,3,56,NA,3,7,Tempus nullam justo suscipit ut molestie sodales. Integer posuere diam.,6,1,NA,NA,NA,2026-07-30T22:53:39Z,1
R_7VWn3egc5rv29fw,1,2,2,3,0,3,2,2,56,NA,3,7,Tempus nullam justo suscipit ut molestie sodales. Integer posuere diam.,6,1,NA,NA,NA,2026-07-30T22:53:39Z,1
R_7VWn3egc5rv29fw,1,2,3,3,1,0,0,0,0,NA,3,7,Tempus nullam justo suscipit ut molestie sodales. Integer posuere diam.,6,1,NA,NA,NA,2026-07-30T22:53:39Z,1
R_7VWn3egc5rv29fw,1,3,1,3,0,3,2,1,113,NA,3,7,Tempus nullam justo suscipit ut molestie sodales. Integer posuere diam.,6,1,NA,NA,NA,2026-07-30T22:53:39Z,1
R_7VWn3egc5rv29fw,1,3,2,3,0,1,1,3,22,NA,3,7,Tempus nullam justo suscipit ut molestie sodales. Integer posuere diam.,6,1,NA,NA,NA,2026-07-30T22:53:39Z,1
R_7VWn3egc5rv29fw,1,3,3,3,1,0,0,0,0,NA,3,7,Tempus nullam justo suscipit ut molestie sodales. Integer posuere diam.,6,1,NA,NA,NA,2026-07-30T22:53:39Z,1
R_7VWn3egc5rv29fw,1,4,1,2,0,2,2,2,84,NA,3,7,Tempus nullam justo suscipit ut molestie sodales. Integer posuere diam.,6,1,NA,NA,NA,2026-07-30T22:53:39Z,1
R_7VWn3egc5rv29fw,1,4,2,2,1,1,3,1,56,NA,3,7,Tempus nullam justo suscipit ut molestie sodales. Integer posuere diam.,6,1,NA,NA,NA,2026-07-30T22:53:39Z,1
R_7VWn3egc5rv29fw,1,4,3,2,0,0,0,0,0,NA,3,7,Tempus nullam justo suscipit ut molestie sodales. Integer posuere diam.,6,1,NA,NA,NA,2026-07-30T22:53:39Z,1
R_7VWn3egc5rv29fw,1,5,1,1,1,1,2,2,11,NA,3,7,Tempus nullam justo suscipit ut molestie sodales. Integer posuere diam.,6,1,NA,NA,NA,2026-07-30T22:53:39Z,1
R_7VWn3egc5rv29fw,1,5,2,1,0,2,1,1,11,NA,3,7,Tempus nullam justo suscipit ut molestie sodales. Integer posuere diam.,6,1,NA,NA,NA,2026-07-30T22:53:39Z,1
R_7VWn3egc5rv29fw,1,5,3,1,0,0,0,0,0,NA,3,7,Tempus nullam justo suscipit ut molestie sodales. Integer posuere diam.,6,1,NA,NA,NA,2026-07-30T22:53:39Z,1
R_7VWn3egc5rv29fw,1,6,1,1,1,3,2,3,22,NA,3,7,Tempus nullam justo suscipit ut molestie sodales. Integer posuere diam.,6,1,NA,NA,NA,2026-07-30T22:53:39Z,1
R_7VWn3egc5rv29fw,1,6,2,1,0,2,1,2,113,NA,3,7,Tempus nullam justo suscipit ut molestie sodales. Integer posuere diam.,6,1,NA,NA,NA,2026-07-30T22:53:39Z,1
R_7VWn3egc5rv29fw,1,6,3,1,0,0,0,0,0,NA,3,7,Tempus nullam justo suscipit ut molestie sodales. Integer posuere diam.,6,1,NA,NA,NA,2026-07-30T22:53:39Z,1
R_7VWn3egc5rv29fw,1,7,1,2,0,3,3,2,56,NA,3,7,Tempus nullam justo suscipit ut molestie sodales. Integer posuere diam.,6,1,NA,NA,NA,2026-07-30T22:53:39Z,1
R_7VWn3egc5rv29fw,1,7,2,2,1,2,2,1,84,NA,3,7,Tempus nullam justo suscipit ut molestie sodales. Integer posuere diam.,6,1,NA,NA,NA,2026-07-30T22:53:39Z,1
R_7VWn3egc5rv29fw,1,7,3,2,0,0,0,0,0,NA,3,7,Tempus nullam justo suscipit ut molestie sodales. Integer posuere diam.,6,1,NA,NA,NA,2026-07-30T22:53:39Z,1
R_7VWn3egc5rv29fw,1,8,1,1,1,1,1,2,56,NA,3,7,Tempus nullam justo suscipit ut molestie sodales. Integer posuere diam.,6,1,NA,NA,NA,2026-07-30T22:53:39Z,1
R_7VWn3egc5rv29fw,1,8,2,1,0,3,3,3,22,NA,3,7,Tempus nullam justo suscipit ut molestie sodales. Integer posuere diam.,6,1,NA,NA,NA,2026-07-30T22:53:39Z,1
R_7VWn3egc5rv29fw,1,8,3,1,0,0,0,0,0,NA,3,7,Tempus nullam justo suscipit ut molestie sodales. Integer posuere diam.,6,1,NA,NA,NA,2026-07-30T22:53:39Z,1
R_82POLCN7E4KAf2K,2,10,1,1,1,2,3,3,113,NA,3,3,NA,NA,1,NA,NA,NA,2026-07-30T20:30:06Z,1
R_82POLCN7E4KAf2K,2,10,2,1,0,3,1,1,11,NA,3,3,NA,NA,1,NA,NA,NA,2026-07-30T20:30:06Z,1
R_82POLCN7E4KAf2K,2,10,3,1,0,0,0,0,0,NA,3,3,NA,NA,1,NA,NA,NA,2026-07-30T20:30:06Z,1
R_82POLCN7E4KAf2K,2,11,1,2,0,2,3,1,11,NA,3,3,NA,NA,1,NA,NA,NA,2026-07-30T20:30:06Z,1
R_82POLCN7E4KAf2K,2,11,2,2,1,3,1,3,113,NA,3,3,NA,NA,1,NA,NA,NA,2026-07-30T20:30:06Z,1
R_82POLCN7E4KAf2K,2,11,3,2,0,0,0,0,0,NA,3,3,NA,NA,1,NA,NA,NA,2026-07-30T20:30:06Z,1
R_82POLCN7E4KAf2K,2,12,1,1,1,1,1,3,11,NA,3,3,NA,NA,1,NA,NA,NA,2026-07-30T20:30:06Z,1
R_82POLCN7E4KAf2K,2,12,2,1,0,3,3,2,113,NA,3,3,NA,NA,1,NA,NA,NA,2026-07-30T20:30:06Z,1
R_82POLCN7E4KAf2K,2,12,3,1,0,0,0,0,0,NA,3,3,NA,NA,1,NA,NA,NA,2026-07-30T20:30:06Z,1
R_82POLCN7E4KAf2K,2,13,1,2,0,3,1,2,22,NA,3,3,NA,NA,1,NA,NA,NA,2026-07-30T20:30:06Z,1
R_82POLCN7E4KAf2K,2,13,2,2,1,1,2,1,84,NA,3,3,NA,NA,1,NA,NA,NA,2026-07-30T20:30:06Z,1
R_82POLCN7E4KAf2K,2,13,3,2,0,0,0,0,0,NA,3,3,NA,NA,1,NA,NA,NA,2026-07-30T20:30:06Z,1
R_82POLCN7E4KAf2K,2,14,1,1,1,3,3,1,22,NA,3,3,NA,NA,1,NA,NA,NA,2026-07-30T20:30:06Z,1
R_82POLCN7E4KAf2K,2,14,2,1,0,1,2,3,84,NA,3,3,NA,NA,1,NA,NA,NA,2026-07-30T20:30:06Z,1
R_82POLCN7E4KAf2K,2,14,3,1,0,0,0,0,0,NA,3,3,NA,NA,1,NA,NA,NA,2026-07-30T20:30:06Z,1
R_82POLCN7E4KAf2K,2,15,1,2,0,3,1,3,113,NA,3,3,NA,NA,1,NA,NA,NA,2026-07-30T20:30:06Z,1
R_82POLCN7E4KAf2K,2,15,2,2,1,2,3,2,11,NA,3,3,NA,NA,1,NA,NA,NA,2026-07-30T20:30:06Z,1
R_82POLCN7E4KAf2K,2,15,3,2,0,0,0,0,0,NA,3,3,NA,NA,1,NA,NA,NA,2026-07-30T20:30:06Z,1
R_82POLCN7E4KAf2K,2,16,1,3,0,2,1,1,84,NA,3,3,NA,NA,1,NA,NA,NA,2026-07-30T20:30:06Z,1
R_82POLCN7E4KAf2K,2,16,2,3,0,1,3,2,22,NA,3,3,NA,NA,1,NA,NA,NA,2026-07-30T20:30:06Z,1
R_82POLCN7E4KAf2K,2,16,3,3,1,0,0,0,0,NA,3,3,NA,NA,1,NA,NA,NA,2026-07-30T20:30:06Z,1
R_82POLCN7E4KAf2K,2,9,1,3,0,1,3,1,113,NA,3,3,NA,NA,1,NA,NA,NA,2026-07-30T20:30:06Z,1
R_82POLCN7E4KAf2K,2,9,2,3,0,2,2,3,11,NA,3,3,NA,NA,1,NA,NA,NA,2026-07-30T20:30:06Z,1
R_82POLCN7E4KAf2K,2,9,3,3,1,0,0,0,0,NA,3,3,NA,NA,1,NA,NA,NA,2026-07-30T20:30:06Z,1
R_837fZ0yliact7wO,1,1,1,2,0,1,2,1,84,NA,2,1,NA,NA,3,NA,NA,NA,2026-07-30T20:30:18Z,1
R_837fZ0yliact7wO,1,1,2,2,1,2,3,3,56,NA,2,1,NA,NA,3,NA,NA,NA,2026-07-30T20:30:18Z,1
R_837fZ0yliact7wO,1,1,3,2,0,0,0,0,0,NA,2,1,NA,NA,3,NA,NA,NA,2026-07-30T20:30:18Z,1
R_837fZ0yliact7wO,1,2,1,2,0,2,3,3,56,NA,2,1,NA,NA,3,NA,NA,NA,2026-07-30T20:30:18Z,1
R_837fZ0yliact7wO,1,2,2,2,1,3,2,2,56,NA,2,1,NA,NA,3,NA,NA,NA,2026-07-30T20:30:18Z,1
R_837fZ0yliact7wO,1,2,3,2,0,0,0,0,0,NA,2,1,NA,NA,3,NA,NA,NA,2026-07-30T20:30:18Z,1
R_837fZ0yliact7wO,1,3,1,2,0,3,2,1,113,NA,2,1,NA,NA,3,NA,NA,NA,2026-07-30T20:30:18Z,1
R_837fZ0yliact7wO,1,3,2,2,1,1,1,3,22,NA,2,1,NA,NA,3,NA,NA,NA,2026-07-30T20:30:18Z,1
R_837fZ0yliact7wO,1,3,3,2,0,0,0,0,0,NA,2,1,NA,NA,3,NA,NA,NA,2026-07-30T20:30:18Z,1
R_837fZ0yliact7wO,1,4,1,2,0,2,2,2,84,NA,2,1,NA,NA,3,NA,NA,NA,2026-07-30T20:30:18Z,1
R_837fZ0yliact7wO,1,4,2,2,1,1,3,1,56,NA,2,1,NA,NA,3,NA,NA,NA,2026-07-30T20:30:18Z,1
R_837fZ0yliact7wO,1,4,3,2,0,0,0,0,0,NA,2,1,NA,NA,3,NA,NA,NA,2026-07-30T20:30:18Z,1
R_837fZ0yliact7wO,1,5,1,2,0,1,2,2,11,NA,2,1,NA,NA,3,NA,NA,NA,2026-07-30T20:30:18Z,1
R_837fZ0yliact7wO,1,5,2,2,1,2,1,1,11,NA,2,1,NA,NA,3,NA,NA,NA,2026-07-30T20:30:18Z,1
R_837fZ0yliact7wO,1,5,3,2,0,0,0,0,0,NA,2,1,NA,NA,3,NA,NA,NA,2026-07-30T20:30:18Z,1
R_837fZ0yliact7wO,1,6,1,3,0,3,2,3,22,NA,2,1,NA,NA,3,NA,NA,NA,2026-07-30T20:30:18Z,1
R_837fZ0yliact7wO,1,6,2,3,0,2,1,2,113,NA,2,1,NA,NA,3,NA,NA,NA,2026-07-30T20:30:18Z,1
R_837fZ0yliact7wO,1,6,3,3,1,0,0,0,0,NA,2,1,NA,NA,3,NA,NA,NA,2026-07-30T20:30:18Z,1
R_837fZ0yliact7wO,1,7,1,3,0,3,3,2,56,NA,2,1,NA,NA,3,NA,NA,NA,2026-07-30T20:30:18Z,1
R_837fZ0yliact7wO,1,7,2,3,0,2,2,1,84,NA,2,1,NA,NA,3,NA,NA,NA,2026-07-30T20:30:18Z,1
R_837fZ0yliact7wO,1,7,3,3,1,0,0,0,0,NA,2,1,NA,NA,3,NA,NA,NA,2026-07-30T20:30:18Z,1
R_837fZ0yliact7wO,1,8,1,2,0,1,1,2,56,NA,2,1,NA,NA,3,NA,NA,NA,2026-07-30T20:30:18Z,1
R_837fZ0yliact7wO,1,8,2,2,1,3,3,3,22,NA,2,1,NA,NA,3,NA,NA,NA,2026-07-30T20:30:18Z,1
R_837fZ0yliact7wO,1,8,3,2,0,0,0,0,0,NA,2,1,NA,NA,3,NA,NA,NA,2026-07-30T20:30:18Z,1
R_8BPQWZCAgBvYFPU,2,10,1,2,0,2,3,3,113,NA,2,5,NA,NA,3,NA,NA,NA,2026-07-15T13:31:08Z,1
R_8BPQWZCAgBvYFPU,2,10,2,2,1,3,1,1,11,NA,2,5,NA,NA,3,NA,NA,NA,2026-07-15T13:31:08Z,1
R_8BPQWZCAgBvYFPU,2,10,3,2,0,0,0,0,0,NA,2,5,NA,NA,3,NA,NA,NA,2026-07-15T13:31:08Z,1
R_8BPQWZCAgBvYFPU,2,11,1,2,0,2,3,1,11,NA,2,5,NA,NA,3,NA,NA,NA,2026-07-15T13:31:08Z,1
R_8BPQWZCAgBvYFPU,2,11,2,2,1,3,1,3,113,NA,2,5,NA,NA,3,NA,NA,NA,2026-07-15T13:31:08Z,1
R_8BPQWZCAgBvYFPU,2,11,3,2,0,0,0,0,0,NA,2,5,NA,NA,3,NA,NA,NA,2026-07-15T13:31:08Z,1
R_8BPQWZCAgBvYFPU,2,12,1,1,1,1,1,3,11,NA,2,5,NA,NA,3,NA,NA,NA,2026-07-15T13:31:08Z,1
R_8BPQWZCAgBvYFPU,2,12,2,1,0,3,3,2,113,NA,2,5,NA,NA,3,NA,NA,NA,2026-07-15T13:31:08Z,1
R_8BPQWZCAgBvYFPU,2,12,3,1,0,0,0,0,0,NA,2,5,NA,NA,3,NA,NA,NA,2026-07-15T13:31:08Z,1
R_8BPQWZCAgBvYFPU,2,13,1,3,0,3,1,2,22,NA,2,5,NA,NA,3,NA,NA,NA,2026-07-15T13:31:08Z,1
R_8BPQWZCAgBvYFPU,2,13,2,3,0,1,2,1,84,NA,2,5,NA,NA,3,NA,NA,NA,2026-07-15T13:31:08Z,1
R_8BPQWZCAgBvYFPU,2,13,3,3,1,0,0,0,0,NA,2,5,NA,NA,3,NA,NA,NA,2026-07-15T13:31:08Z,1
R_8BPQWZCAgBvYFPU,2,14,1,2,0,3,3,1,22,NA,2,5,NA,NA,3,NA,NA,NA,2026-07-15T13:31:08Z,1
R_8BPQWZCAgBvYFPU,2,14,2,2,1,1,2,3,84,NA,2,5,NA,NA,3,NA,NA,NA,2026-07-15T13:31:08Z,1
R_8BPQWZCAgBvYFPU,2,14,3,2,0,0,0,0,0,NA,2,5,NA,NA,3,NA,NA,NA,2026-07-15T13:31:08Z,1
R_8BPQWZCAgBvYFPU,2,15,1,1,1,3,1,3,113,NA,2,5,NA,NA,3,NA,NA,NA,2026-07-15T13:31:08Z,1
R_8BPQWZCAgBvYFPU,2,15,2,1,0,2,3,2,11,NA,2,5,NA,NA,3,NA,NA,NA,2026-07-15T13:31:08Z,1
R_8BPQWZCAgBvYFPU,2,15,3,1,0,0,0,0,0,NA,2,5,NA,NA,3,NA,NA,NA,2026-07-15T13:31:08Z,1
R_8BPQWZCAgBvYFPU,2,16,1,1,1,2,1,1,84,NA,2,5,NA,NA,3,NA,NA,NA,2026-07-15T13:31:08Z,1
R_8BPQWZCAgBvYFPU,2,16,2,1,0,1,3,2,22,NA,2,5,NA,NA,3,NA,NA,NA,2026-07-15T13:31:08Z,1
R_8BPQWZCAgBvYFPU,2,16,3,1,0,0,0,0,0,NA,2,5,NA,NA,3,NA,NA,NA,2026-07-15T13:31:08Z,1
R_8BPQWZCAgBvYFPU,2,9,1,3,0,1,3,1,113,NA,2,5,NA,NA,3,NA,NA,NA,2026-07-15T13:31:08Z,1
R_8BPQWZCAgBvYFPU,2,9,2,3,0,2,2,3,11,NA,2,5,NA,NA,3,NA,NA,NA,2026-07-15T13:31:08Z,1
R_8BPQWZCAgBvYFPU,2,9,3,3,1,0,0,0,0,NA,2,5,NA,NA,3,NA,NA,NA,2026-07-15T13:31:08Z,1
R_8BcZ9sSJTsDbryC,2,10,1,3,0,2,3,3,113,NA,3,1,NA,NA,1,NA,NA,NA,2026-07-30T20:30:06Z,1
R_8BcZ9sSJTsDbryC,2,10,2,3,0,3,1,1,11,NA,3,1,NA,NA,1,NA,NA,NA,2026-07-30T20:30:06Z,1
R_8BcZ9sSJTsDbryC,2,10,3,3,1,0,0,0,0,NA,3,1,NA,NA,1,NA,NA,NA,2026-07-30T20:30:06Z,1
R_8BcZ9sSJTsDbryC,2,11,1,3,0,2,3,1,11,NA,3,1,NA,NA,1,NA,NA,NA,2026-07-30T20:30:06Z,1
R_8BcZ9sSJTsDbryC,2,11,2,3,0,3,1,3,113,NA,3,1,NA,NA,1,NA,NA,NA,2026-07-30T20:30:06Z,1
R_8BcZ9sSJTsDbryC,2,11,3,3,1,0,0,0,0,NA,3,1,NA,NA,1,NA,NA,NA,2026-07-30T20:30:06Z,1
R_8BcZ9sSJTsDbryC,2,12,1,2,0,1,1,3,11,NA,3,1,NA,NA,1,NA,NA,NA,2026-07-30T20:30:06Z,1
R_8BcZ9sSJTsDbryC,2,12,2,2,1,3,3,2,113,NA,3,1,NA,NA,1,NA,NA,NA,2026-07-30T20:30:06Z,1
R_8BcZ9sSJTsDbryC,2,12,3,2,0,0,0,0,0,NA,3,1,NA,NA,1,NA,NA,NA,2026-07-30T20:30:06Z,1
R_8BcZ9sSJTsDbryC,2,13,1,2,0,3,1,2,22,NA,3,1,NA,NA,1,NA,NA,NA,2026-07-30T20:30:06Z,1
R_8BcZ9sSJTsDbryC,2,13,2,2,1,1,2,1,84,NA,3,1,NA,NA,1,NA,NA,NA,2026-07-30T20:30:06Z,1
R_8BcZ9sSJTsDbryC,2,13,3,2,0,0,0,0,0,NA,3,1,NA,NA,1,NA,NA,NA,2026-07-30T20:30:06Z,1
R_8BcZ9sSJTsDbryC,2,14,1,1,1,3,3,1,22,NA,3,1,NA,NA,1,NA,NA,NA,2026-07-30T20:30:06Z,1
R_8BcZ9sSJTsDbryC,2,14,2,1,0,1,2,3,84,NA,3,1,NA,NA,1,NA,NA,NA,2026-07-30T20:30:06Z,1
R_8BcZ9sSJTsDbryC,2,14,3,1,0,0,0,0,0,NA,3,1,NA,NA,1,NA,NA,NA,2026-07-30T20:30:06Z,1
R_8BcZ9sSJTsDbryC,2,15,1,2,0,3,1,3,113,NA,3,1,NA,NA,1,NA,NA,NA,2026-07-30T20:30:06Z,1
R_8BcZ9sSJTsDbryC,2,15,2,2,1,2,3,2,11,NA,3,1,NA,NA,1,NA,NA,NA,2026-07-30T20:30:06Z,1
R_8BcZ9sSJTsDbryC,2,15,3,2,0,0,0,0,0,NA,3,1,NA,NA,1,NA,NA,NA,2026-07-30T20:30:06Z,1
R_8BcZ9sSJTsDbryC,2,16,1,1,1,2,1,1,84,NA,3,1,NA,NA,1,NA,NA,NA,2026-07-30T20:30:06Z,1
R_8BcZ9sSJTsDbryC,2,16,2,1,0,1,3,2,22,NA,3,1,NA,NA,1,NA,NA,NA,2026-07-30T20:30:06Z,1
R_8BcZ9sSJTsDbryC,2,16,3,1,0,0,0,0,0,NA,3,1,NA,NA,1,NA,NA,NA,2026-07-30T20:30:06Z,1
R_8BcZ9sSJTsDbryC,2,9,1,3,0,1,3,1,113,NA,3,1,NA,NA,1,NA,NA,NA,2026-07-30T20:30:06Z,1
R_8BcZ9sSJTsDbryC,2,9,2,3,0,2,2,3,11,NA,3,1,NA,NA,1,NA,NA,NA,2026-07-30T20:30:06Z,1
R_8BcZ9sSJTsDbryC,2,9,3,3,1,0,0,0,0,NA,3,1,NA,NA,1,NA,NA,NA,2026-07-30T20:30:06Z,1
R_8FVnmsHlH81jFOK,2,10,1,1,1,2,3,3,113,NA,2,7,Blandit lacus accusamus imperdiet cursus mi et atque aenean mattis atque ultrices justo curabitur.,NA,1,NA,NA,NA,2026-07-30T20:29:55Z,1
R_8FVnmsHlH81jFOK,2,10,2,1,0,3,1,1,11,NA,2,7,Blandit lacus accusamus imperdiet cursus mi et atque aenean mattis atque ultrices justo curabitur.,NA,1,NA,NA,NA,2026-07-30T20:29:55Z,1
R_8FVnmsHlH81jFOK,2,10,3,1,0,0,0,0,0,NA,2,7,Blandit lacus accusamus imperdiet cursus mi et atque aenean mattis atque ultrices justo curabitur.,NA,1,NA,NA,NA,2026-07-30T20:29:55Z,1
R_8FVnmsHlH81jFOK,2,11,1,2,0,2,3,1,11,NA,2,7,Blandit lacus accusamus imperdiet cursus mi et atque aenean mattis atque ultrices justo curabitur.,NA,1,NA,NA,NA,2026-07-30T20:29:55Z,1
R_8FVnmsHlH81jFOK,2,11,2,2,1,3,1,3,113,NA,2,7,Blandit lacus accusamus imperdiet cursus mi et atque aenean mattis atque ultrices justo curabitur.,NA,1,NA,NA,NA,2026-07-30T20:29:55Z,1
R_8FVnmsHlH81jFOK,2,11,3,2,0,0,0,0,0,NA,2,7,Blandit lacus accusamus imperdiet cursus mi et atque aenean mattis atque ultrices justo curabitur.,NA,1,NA,NA,NA,2026-07-30T20:29:55Z,1
R_8FVnmsHlH81jFOK,2,12,1,1,1,1,1,3,11,NA,2,7,Blandit lacus accusamus imperdiet cursus mi et atque aenean mattis atque ultrices justo curabitur.,NA,1,NA,NA,NA,2026-07-30T20:29:55Z,1
R_8FVnmsHlH81jFOK,2,12,2,1,0,3,3,2,113,NA,2,7,Blandit lacus accusamus imperdiet cursus mi et atque aenean mattis atque ultrices justo curabitur.,NA,1,NA,NA,NA,2026-07-30T20:29:55Z,1
R_8FVnmsHlH81jFOK,2,12,3,1,0,0,0,0,0,NA,2,7,Blandit lacus accusamus imperdiet cursus mi et atque aenean mattis atque ultrices justo curabitur.,NA,1,NA,NA,NA,2026-07-30T20:29:55Z,1
R_8FVnmsHlH81jFOK,2,13,1,3,0,3,1,2,22,NA,2,7,Blandit lacus accusamus imperdiet cursus mi et atque aenean mattis atque ultrices justo curabitur.,NA,1,NA,NA,NA,2026-07-30T20:29:55Z,1
R_8FVnmsHlH81jFOK,2,13,2,3,0,1,2,1,84,NA,2,7,Blandit lacus accusamus imperdiet cursus mi et atque aenean mattis atque ultrices justo curabitur.,NA,1,NA,NA,NA,2026-07-30T20:29:55Z,1
R_8FVnmsHlH81jFOK,2,13,3,3,1,0,0,0,0,NA,2,7,Blandit lacus accusamus imperdiet cursus mi et atque aenean mattis atque ultrices justo curabitur.,NA,1,NA,NA,NA,2026-07-30T20:29:55Z,1
R_8FVnmsHlH81jFOK,2,14,1,1,1,3,3,1,22,NA,2,7,Blandit lacus accusamus imperdiet cursus mi et atque aenean mattis atque ultrices justo curabitur.,NA,1,NA,NA,NA,2026-07-30T20:29:55Z,1
R_8FVnmsHlH81jFOK,2,14,2,1,0,1,2,3,84,NA,2,7,Blandit lacus accusamus imperdiet cursus mi et atque aenean mattis atque ultrices justo curabitur.,NA,1,NA,NA,NA,2026-07-30T20:29:55Z,1
R_8FVnmsHlH81jFOK,2,14,3,1,0,0,0,0,0,NA,2,7,Blandit lacus accusamus imperdiet cursus mi et atque aenean mattis atque ultrices justo curabitur.,NA,1,NA,NA,NA,2026-07-30T20:29:55Z,1
R_8FVnmsHlH81jFOK,2,15,1,3,0,3,1,3,113,NA,2,7,Blandit lacus accusamus imperdiet cursus mi et atque aenean mattis atque ultrices justo curabitur.,NA,1,NA,NA,NA,2026-07-30T20:29:55Z,1
R_8FVnmsHlH81jFOK,2,15,2,3,0,2,3,2,11,NA,2,7,Blandit lacus accusamus imperdiet cursus mi et atque aenean mattis atque ultrices justo curabitur.,NA,1,NA,NA,NA,2026-07-30T20:29:55Z,1
R_8FVnmsHlH81jFOK,2,15,3,3,1,0,0,0,0,NA,2,7,Blandit lacus accusamus imperdiet cursus mi et atque aenean mattis atque ultrices justo curabitur.,NA,1,NA,NA,NA,2026-07-30T20:29:55Z,1
R_8FVnmsHlH81jFOK,2,16,1,1,1,2,1,1,84,NA,2,7,Blandit lacus accusamus imperdiet cursus mi et atque aenean mattis atque ultrices justo curabitur.,NA,1,NA,NA,NA,2026-07-30T20:29:55Z,1
R_8FVnmsHlH81jFOK,2,16,2,1,0,1,3,2,22,NA,2,7,Blandit lacus accusamus imperdiet cursus mi et atque aenean mattis atque ultrices justo curabitur.,NA,1,NA,NA,NA,2026-07-30T20:29:55Z,1
R_8FVnmsHlH81jFOK,2,16,3,1,0,0,0,0,0,NA,2,7,Blandit lacus accusamus imperdiet cursus mi et atque aenean mattis atque ultrices justo curabitur.,NA,1,NA,NA,NA,2026-07-30T20:29:55Z,1
R_8FVnmsHlH81jFOK,2,9,1,3,0,1,3,1,113,NA,2,7,Blandit lacus accusamus imperdiet cursus mi et atque aenean mattis atque ultrices justo curabitur.,NA,1,NA,NA,NA,2026-07-30T20:29:55Z,1
R_8FVnmsHlH81jFOK,2,9,2,3,0,2,2,3,11,NA,2,7,Blandit lacus accusamus imperdiet cursus mi et atque aenean mattis atque ultrices justo curabitur.,NA,1,NA,NA,NA,2026-07-30T20:29:55Z,1
R_8FVnmsHlH81jFOK,2,9,3,3,1,0,0,0,0,NA,2,7,Blandit lacus accusamus imperdiet cursus mi et atque aenean mattis atque ultrices justo curabitur.,NA,1,NA,NA,NA,2026-07-30T20:29:55Z,1
R_8GNYHSSN3ZEbY3Q,2,10,1,2,0,2,3,3,113,NA,1,2,NA,NA,3,NA,NA,NA,2026-06-23T11:57:28Z,1
R_8GNYHSSN3ZEbY3Q,2,10,2,2,1,3,1,1,11,NA,1,2,NA,NA,3,NA,NA,NA,2026-06-23T11:57:28Z,1
R_8GNYHSSN3ZEbY3Q,2,10,3,2,0,0,0,0,0,NA,1,2,NA,NA,3,NA,NA,NA,2026-06-23T11:57:28Z,1
R_8GNYHSSN3ZEbY3Q,2,11,1,3,0,2,3,1,11,NA,1,2,NA,NA,3,NA,NA,NA,2026-06-23T11:57:28Z,1
R_8GNYHSSN3ZEbY3Q,2,11,2,3,0,3,1,3,113,NA,1,2,NA,NA,3,NA,NA,NA,2026-06-23T11:57:28Z,1
R_8GNYHSSN3ZEbY3Q,2,11,3,3,1,0,0,0,0,NA,1,2,NA,NA,3,NA,NA,NA,2026-06-23T11:57:28Z,1
R_8GNYHSSN3ZEbY3Q,2,12,1,3,0,1,1,3,11,NA,1,2,NA,NA,3,NA,NA,NA,2026-06-23T11:57:28Z,1
R_8GNYHSSN3ZEbY3Q,2,12,2,3,0,3,3,2,113,NA,1,2,NA,NA,3,NA,NA,NA,2026-06-23T11:57:28Z,1
R_8GNYHSSN3ZEbY3Q,2,12,3,3,1,0,0,0,0,NA,1,2,NA,NA,3,NA,NA,NA,2026-06-23T11:57:28Z,1
R_8GNYHSSN3ZEbY3Q,2,13,1,3,0,3,1,2,22,NA,1,2,NA,NA,3,NA,NA,NA,2026-06-23T11:57:28Z,1
R_8GNYHSSN3ZEbY3Q,2,13,2,3,0,1,2,1,84,NA,1,2,NA,NA,3,NA,NA,NA,2026-06-23T11:57:28Z,1
R_8GNYHSSN3ZEbY3Q,2,13,3,3,1,0,0,0,0,NA,1,2,NA,NA,3,NA,NA,NA,2026-06-23T11:57:28Z,1
R_8GNYHSSN3ZEbY3Q,2,14,1,1,1,3,3,1,22,NA,1,2,NA,NA,3,NA,NA,NA,2026-06-23T11:57:28Z,1
R_8GNYHSSN3ZEbY3Q,2,14,2,1,0,1,2,3,84,NA,1,2,NA,NA,3,NA,NA,NA,2026-06-23T11:57:28Z,1
R_8GNYHSSN3ZEbY3Q,2,14,3,1,0,0,0,0,0,NA,1,2,NA,NA,3,NA,NA,NA,2026-06-23T11:57:28Z,1
R_8GNYHSSN3ZEbY3Q,2,15,1,1,1,3,1,3,113,NA,1,2,NA,NA,3,NA,NA,NA,2026-06-23T11:57:28Z,1
R_8GNYHSSN3ZEbY3Q,2,15,2,1,0,2,3,2,11,NA,1,2,NA,NA,3,NA,NA,NA,2026-06-23T11:57:28Z,1
R_8GNYHSSN3ZEbY3Q,2,15,3,1,0,0,0,0,0,NA,1,2,NA,NA,3,NA,NA,NA,2026-06-23T11:57:28Z,1
R_8GNYHSSN3ZEbY3Q,2,16,1,2,0,2,1,1,84,NA,1,2,NA,NA,3,NA,NA,NA,2026-06-23T11:57:28Z,1
R_8GNYHSSN3ZEbY3Q,2,16,2,2,1,1,3,2,22,NA,1,2,NA,NA,3,NA,NA,NA,2026-06-23T11:57:28Z,1
R_8GNYHSSN3ZEbY3Q,2,16,3,2,0,0,0,0,0,NA,1,2,NA,NA,3,NA,NA,NA,2026-06-23T11:57:28Z,1
R_8GNYHSSN3ZEbY3Q,2,9,1,3,0,1,3,1,113,NA,1,2,NA,NA,3,NA,NA,NA,2026-06-23T11:57:28Z,1
R_8GNYHSSN3ZEbY3Q,2,9,2,3,0,2,2,3,11,NA,1,2,NA,NA,3,NA,NA,NA,2026-06-23T11:57:28Z,1
R_8GNYHSSN3ZEbY3Q,2,9,3,3,1,0,0,0,0,NA,1,2,NA,NA,3,NA,NA,NA,2026-06-23T11:57:28Z,1
R_8IZIoH74xoWvEBE,1,1,1,5,0,1,2,1,84,NA,1,4,NA,NA,1,NA,NA,NA,2026-07-15T13:31:00Z,1
R_8IZIoH74xoWvEBE,1,1,2,5,0,2,3,3,56,NA,1,4,NA,NA,1,NA,NA,NA,2026-07-15T13:31:00Z,1
R_8IZIoH74xoWvEBE,1,1,3,5,0,0,0,0,0,NA,1,4,NA,NA,1,NA,NA,NA,2026-07-15T13:31:00Z,1
R_8IZIoH74xoWvEBE,1,2,1,3,0,2,3,3,56,NA,1,4,NA,NA,1,NA,NA,NA,2026-07-15T13:31:00Z,1
R_8IZIoH74xoWvEBE,1,2,2,3,0,3,2,2,56,NA,1,4,NA,NA,1,NA,NA,NA,2026-07-15T13:31:00Z,1
R_8IZIoH74xoWvEBE,1,2,3,3,1,0,0,0,0,NA,1,4,NA,NA,1,NA,NA,NA,2026-07-15T13:31:00Z,1
R_8IZIoH74xoWvEBE,1,3,1,1,1,3,2,1,113,NA,1,4,NA,NA,1,NA,NA,NA,2026-07-15T13:31:00Z,1
R_8IZIoH74xoWvEBE,1,3,2,1,0,1,1,3,22,NA,1,4,NA,NA,1,NA,NA,NA,2026-07-15T13:31:00Z,1
R_8IZIoH74xoWvEBE,1,3,3,1,0,0,0,0,0,NA,1,4,NA,NA,1,NA,NA,NA,2026-07-15T13:31:00Z,1
R_8IZIoH74xoWvEBE,1,4,1,1,1,2,2,2,84,NA,1,4,NA,NA,1,NA,NA,NA,2026-07-15T13:31:00Z,1
R_8IZIoH74xoWvEBE,1,4,2,1,0,1,3,1,56,NA,1,4,NA,NA,1,NA,NA,NA,2026-07-15T13:31:00Z,1
R_8IZIoH74xoWvEBE,1,4,3,1,0,0,0,0,0,NA,1,4,NA,NA,1,NA,NA,NA,2026-07-15T13:31:00Z,1
R_8IZIoH74xoWvEBE,1,5,1,3,0,1,2,2,11,NA,1,4,NA,NA,1,NA,NA,NA,2026-07-15T13:31:00Z,1
R_8IZIoH74xoWvEBE,1,5,2,3,0,2,1,1,11,NA,1,4,NA,NA,1,NA,NA,NA,2026-07-15T13:31:00Z,1
R_8IZIoH74xoWvEBE,1,5,3,3,1,0,0,0,0,NA,1,4,NA,NA,1,NA,NA,NA,2026-07-15T13:31:00Z,1
R_8IZIoH74xoWvEBE,1,6,1,1,1,3,2,3,22,NA,1,4,NA,NA,1,NA,NA,NA,2026-07-15T13:31:00Z,1
R_8IZIoH74xoWvEBE,1,6,2,1,0,2,1,2,113,NA,1,4,NA,NA,1,NA,NA,NA,2026-07-15T13:31:00Z,1
R_8IZIoH74xoWvEBE,1,6,3,1,0,0,0,0,0,NA,1,4,NA,NA,1,NA,NA,NA,2026-07-15T13:31:00Z,1
R_8IZIoH74xoWvEBE,1,7,1,3,0,3,3,2,56,NA,1,4,NA,NA,1,NA,NA,NA,2026-07-15T13:31:00Z,1
R_8IZIoH74xoWvEBE,1,7,2,3,0,2,2,1,84,NA,1,4,NA,NA,1,NA,NA,NA,2026-07-15T13:31:00Z,1
R_8IZIoH74xoWvEBE,1,7,3,3,1,0,0,0,0,NA,1,4,NA,NA,1,NA,NA,NA,2026-07-15T13:31:00Z,1
R_8IZIoH74xoWvEBE,1,8,1,1,1,1,1,2,56,NA,1,4,NA,NA,1,NA,NA,NA,2026-07-15T13:31:00Z,1
R_8IZIoH74xoWvEBE,1,8,2,1,0,3,3,3,22,NA,1,4,NA,NA,1,NA,NA,NA,2026-07-15T13:31:00Z,1
R_8IZIoH74xoWvEBE,1,8,3,1,0,0,0,0,0,NA,1,4,NA,NA,1,NA,NA,NA,2026-07-15T13:31:00Z,1
R_8fcjc3IKOdT3xRk,2,10,1,3,0,2,3,3,113,NA,2,4,NA,5,2,NA,NA,NA,2026-07-30T22:53:55Z,1
R_8fcjc3IKOdT3xRk,2,10,2,3,0,3,1,1,11,NA,2,4,NA,5,2,NA,NA,NA,2026-07-30T22:53:55Z,1
R_8fcjc3IKOdT3xRk,2,10,3,3,1,0,0,0,0,NA,2,4,NA,5,2,NA,NA,NA,2026-07-30T22:53:55Z,1
R_8fcjc3IKOdT3xRk,2,11,1,2,0,2,3,1,11,NA,2,4,NA,5,2,NA,NA,NA,2026-07-30T22:53:55Z,1
R_8fcjc3IKOdT3xRk,2,11,2,2,1,3,1,3,113,NA,2,4,NA,5,2,NA,NA,NA,2026-07-30T22:53:55Z,1
R_8fcjc3IKOdT3xRk,2,11,3,2,0,0,0,0,0,NA,2,4,NA,5,2,NA,NA,NA,2026-07-30T22:53:55Z,1
R_8fcjc3IKOdT3xRk,2,12,1,3,0,1,1,3,11,NA,2,4,NA,5,2,NA,NA,NA,2026-07-30T22:53:55Z,1
R_8fcjc3IKOdT3xRk,2,12,2,3,0,3,3,2,113,NA,2,4,NA,5,2,NA,NA,NA,2026-07-30T22:53:55Z,1
R_8fcjc3IKOdT3xRk,2,12,3,3,1,0,0,0,0,NA,2,4,NA,5,2,NA,NA,NA,2026-07-30T22:53:55Z,1
R_8fcjc3IKOdT3xRk,2,13,1,1,1,3,1,2,22,NA,2,4,NA,5,2,NA,NA,NA,2026-07-30T22:53:55Z,1
R_8fcjc3IKOdT3xRk,2,13,2,1,0,1,2,1,84,NA,2,4,NA,5,2,NA,NA,NA,2026-07-30T22:53:55Z,1
R_8fcjc3IKOdT3xRk,2,13,3,1,0,0,0,0,0,NA,2,4,NA,5,2,NA,NA,NA,2026-07-30T22:53:55Z,1
R_8fcjc3IKOdT3xRk,2,14,1,3,0,3,3,1,22,NA,2,4,NA,5,2,NA,NA,NA,2026-07-30T22:53:55Z,1
R_8fcjc3IKOdT3xRk,2,14,2,3,0,1,2,3,84,NA,2,4,NA,5,2,NA,NA,NA,2026-07-30T22:53:55Z,1
R_8fcjc3IKOdT3xRk,2,14,3,3,1,0,0,0,0,NA,2,4,NA,5,2,NA,NA,NA,2026-07-30T22:53:55Z,1
R_8fcjc3IKOdT3xRk,2,15,1,2,0,3,1,3,113,NA,2,4,NA,5,2,NA,NA,NA,2026-07-30T22:53:55Z,1
R_8fcjc3IKOdT3xRk,2,15,2,2,1,2,3,2,11,NA,2,4,NA,5,2,NA,NA,NA,2026-07-30T22:53:55Z,1
R_8fcjc3IKOdT3xRk,2,15,3,2,0,0,0,0,0,NA,2,4,NA,5,2,NA,NA,NA,2026-07-30T22:53:55Z,1
R_8fcjc3IKOdT3xRk,2,16,1,2,0,2,1,1,84,NA,2,4,NA,5,2,NA,NA,NA,2026-07-30T22:53:55Z,1
R_8fcjc3IKOdT3xRk,2,16,2,2,1,1,3,2,22,NA,2,4,NA,5,2,NA,NA,NA,2026-07-30T22:53:55Z,1
R_8fcjc3IKOdT3xRk,2,16,3,2,0,0,0,0,0,NA,2,4,NA,5,2,NA,NA,NA,2026-07-30T22:53:55Z,1
R_8fcjc3IKOdT3xRk,2,9,1,2,0,1,3,1,113,NA,2,4,NA,5,2,NA,NA,NA,2026-07-30T22:53:55Z,1
R_8fcjc3IKOdT3xRk,2,9,2,2,1,2,2,3,11,NA,2,4,NA,5,2,NA,NA,NA,2026-07-30T22:53:55Z,1
R_8fcjc3IKOdT3xRk,2,9,3,2,0,0,0,0,0,NA,2,4,NA,5,2,NA,NA,NA,2026-07-30T22:53:55Z,1
R_8jDADsCwwzgKMbc,1,1,1,5,0,1,2,1,84,NA,2,6,NA,NA,1,NA,NA,NA,2026-07-30T20:29:54Z,1
R_8jDADsCwwzgKMbc,1,1,2,5,0,2,3,3,56,NA,2,6,NA,NA,1,NA,NA,NA,2026-07-30T20:29:54Z,1
R_8jDADsCwwzgKMbc,1,1,3,5,0,0,0,0,0,NA,2,6,NA,NA,1,NA,NA,NA,2026-07-30T20:29:54Z,1
R_8jDADsCwwzgKMbc,1,2,1,3,0,2,3,3,56,NA,2,6,NA,NA,1,NA,NA,NA,2026-07-30T20:29:54Z,1
R_8jDADsCwwzgKMbc,1,2,2,3,0,3,2,2,56,NA,2,6,NA,NA,1,NA,NA,NA,2026-07-30T20:29:54Z,1
R_8jDADsCwwzgKMbc,1,2,3,3,1,0,0,0,0,NA,2,6,NA,NA,1,NA,NA,NA,2026-07-30T20:29:54Z,1
R_8jDADsCwwzgKMbc,1,3,1,2,0,3,2,1,113,NA,2,6,NA,NA,1,NA,NA,NA,2026-07-30T20:29:54Z,1
R_8jDADsCwwzgKMbc,1,3,2,2,1,1,1,3,22,NA,2,6,NA,NA,1,NA,NA,NA,2026-07-30T20:29:54Z,1
R_8jDADsCwwzgKMbc,1,3,3,2,0,0,0,0,0,NA,2,6,NA,NA,1,NA,NA,NA,2026-07-30T20:29:54Z,1
R_8jDADsCwwzgKMbc,1,4,1,2,0,2,2,2,84,NA,2,6,NA,NA,1,NA,NA,NA,2026-07-30T20:29:54Z,1
R_8jDADsCwwzgKMbc,1,4,2,2,1,1,3,1,56,NA,2,6,NA,NA,1,NA,NA,NA,2026-07-30T20:29:54Z,1
R_8jDADsCwwzgKMbc,1,4,3,2,0,0,0,0,0,NA,2,6,NA,NA,1,NA,NA,NA,2026-07-30T20:29:54Z,1
R_8jDADsCwwzgKMbc,1,5,1,3,0,1,2,2,11,NA,2,6,NA,NA,1,NA,NA,NA,2026-07-30T20:29:54Z,1
R_8jDADsCwwzgKMbc,1,5,2,3,0,2,1,1,11,NA,2,6,NA,NA,1,NA,NA,NA,2026-07-30T20:29:54Z,1
R_8jDADsCwwzgKMbc,1,5,3,3,1,0,0,0,0,NA,2,6,NA,NA,1,NA,NA,NA,2026-07-30T20:29:54Z,1
R_8jDADsCwwzgKMbc,1,6,1,1,1,3,2,3,22,NA,2,6,NA,NA,1,NA,NA,NA,2026-07-30T20:29:54Z,1
R_8jDADsCwwzgKMbc,1,6,2,1,0,2,1,2,113,NA,2,6,NA,NA,1,NA,NA,NA,2026-07-30T20:29:54Z,1
R_8jDADsCwwzgKMbc,1,6,3,1,0,0,0,0,0,NA,2,6,NA,NA,1,NA,NA,NA,2026-07-30T20:29:54Z,1
R_8jDADsCwwzgKMbc,1,7,1,3,0,3,3,2,56,NA,2,6,NA,NA,1,NA,NA,NA,2026-07-30T20:29:54Z,1
R_8jDADsCwwzgKMbc,1,7,2,3,0,2,2,1,84,NA,2,6,NA,NA,1,NA,NA,NA,2026-07-30T20:29:54Z,1
R_8jDADsCwwzgKMbc,1,7,3,3,1,0,0,0,0,NA,2,6,NA,NA,1,NA,NA,NA,2026-07-30T20:29:54Z,1
R_8jDADsCwwzgKMbc,1,8,1,1,1,1,1,2,56,NA,2,6,NA,NA,1,NA,NA,NA,2026-07-30T20:29:54Z,1
R_8jDADsCwwzgKMbc,1,8,2,1,0,3,3,3,22,NA,2,6,NA,NA,1,NA,NA,NA,2026-07-30T20:29:54Z,1
R_8jDADsCwwzgKMbc,1,8,3,1,0,0,0,0,0,NA,2,6,NA,NA,1,NA,NA,NA,2026-07-30T20:29:54Z,1
R_8kx3G2CYvE72Pfo,2,10,1,3,0,2,3,3,113,NA,3,3,NA,NA,3,NA,NA,NA,2026-07-30T20:30:15Z,1
R_8kx3G2CYvE72Pfo,2,10,2,3,0,3,1,1,11,NA,3,3,NA,NA,3,NA,NA,NA,2026-07-30T20:30:15Z,1
R_8kx3G2CYvE72Pfo,2,10,3,3,1,0,0,0,0,NA,3,3,NA,NA,3,NA,NA,NA,2026-07-30T20:30:15Z,1
R_8kx3G2CYvE72Pfo,2,11,1,1,1,2,3,1,11,NA,3,3,NA,NA,3,NA,NA,NA,2026-07-30T20:30:15Z,1
R_8kx3G2CYvE72Pfo,2,11,2,1,0,3,1,3,113,NA,3,3,NA,NA,3,NA,NA,NA,2026-07-30T20:30:15Z,1
R_8kx3G2CYvE72Pfo,2,11,3,1,0,0,0,0,0,NA,3,3,NA,NA,3,NA,NA,NA,2026-07-30T20:30:15Z,1
R_8kx3G2CYvE72Pfo,2,12,1,2,0,1,1,3,11,NA,3,3,NA,NA,3,NA,NA,NA,2026-07-30T20:30:15Z,1
R_8kx3G2CYvE72Pfo,2,12,2,2,1,3,3,2,113,NA,3,3,NA,NA,3,NA,NA,NA,2026-07-30T20:30:15Z,1
R_8kx3G2CYvE72Pfo,2,12,3,2,0,0,0,0,0,NA,3,3,NA,NA,3,NA,NA,NA,2026-07-30T20:30:15Z,1
R_8kx3G2CYvE72Pfo,2,13,1,2,0,3,1,2,22,NA,3,3,NA,NA,3,NA,NA,NA,2026-07-30T20:30:15Z,1
R_8kx3G2CYvE72Pfo,2,13,2,2,1,1,2,1,84,NA,3,3,NA,NA,3,NA,NA,NA,2026-07-30T20:30:15Z,1
R_8kx3G2CYvE72Pfo,2,13,3,2,0,0,0,0,0,NA,3,3,NA,NA,3,NA,NA,NA,2026-07-30T20:30:15Z,1
R_8kx3G2CYvE72Pfo,2,14,1,3,0,3,3,1,22,NA,3,3,NA,NA,3,NA,NA,NA,2026-07-30T20:30:15Z,1
R_8kx3G2CYvE72Pfo,2,14,2,3,0,1,2,3,84,NA,3,3,NA,NA,3,NA,NA,NA,2026-07-30T20:30:15Z,1
R_8kx3G2CYvE72Pfo,2,14,3,3,1,0,0,0,0,NA,3,3,NA,NA,3,NA,NA,NA,2026-07-30T20:30:15Z,1
R_8kx3G2CYvE72Pfo,2,15,1,2,0,3,1,3,113,NA,3,3,NA,NA,3,NA,NA,NA,2026-07-30T20:30:15Z,1
R_8kx3G2CYvE72Pfo,2,15,2,2,1,2,3,2,11,NA,3,3,NA,NA,3,NA,NA,NA,2026-07-30T20:30:15Z,1
R_8kx3G2CYvE72Pfo,2,15,3,2,0,0,0,0,0,NA,3,3,NA,NA,3,NA,NA,NA,2026-07-30T20:30:15Z,1
R_8kx3G2CYvE72Pfo,2,16,1,1,1,2,1,1,84,NA,3,3,NA,NA,3,NA,NA,NA,2026-07-30T20:30:15Z,1
R_8kx3G2CYvE72Pfo,2,16,2,1,0,1,3,2,22,NA,3,3,NA,NA,3,NA,NA,NA,2026-07-30T20:30:15Z,1
R_8kx3G2CYvE72Pfo,2,16,3,1,0,0,0,0,0,NA,3,3,NA,NA,3,NA,NA,NA,2026-07-30T20:30:15Z,1
R_8kx3G2CYvE72Pfo,2,9,1,1,1,1,3,1,113,NA,3,3,NA,NA,3,NA,NA,NA,2026-07-30T20:30:15Z,1
R_8kx3G2CYvE72Pfo,2,9,2,1,0,2,2,3,11,NA,3,3,NA,NA,3,NA,NA,NA,2026-07-30T20:30:15Z,1
R_8kx3G2CYvE72Pfo,2,9,3,1,0,0,0,0,0,NA,3,3,NA,NA,3,NA,NA,NA,2026-07-30T20:30:15Z,1
R_8oePZDejojjMmai,1,1,1,6,0,1,2,1,84,NA,2,5,NA,NA,1,NA,NA,NA,2026-07-30T20:30:14Z,1
R_8oePZDejojjMmai,1,1,2,6,0,2,3,3,56,NA,2,5,NA,NA,1,NA,NA,NA,2026-07-30T20:30:14Z,1
R_8oePZDejojjMmai,1,1,3,6,0,0,0,0,0,NA,2,5,NA,NA,1,NA,NA,NA,2026-07-30T20:30:14Z,1
R_8oePZDejojjMmai,1,2,1,2,0,2,3,3,56,NA,2,5,NA,NA,1,NA,NA,NA,2026-07-30T20:30:14Z,1
R_8oePZDejojjMmai,1,2,2,2,1,3,2,2,56,NA,2,5,NA,NA,1,NA,NA,NA,2026-07-30T20:30:14Z,1
R_8oePZDejojjMmai,1,2,3,2,0,0,0,0,0,NA,2,5,NA,NA,1,NA,NA,NA,2026-07-30T20:30:14Z,1
R_8oePZDejojjMmai,1,3,1,1,1,3,2,1,113,NA,2,5,NA,NA,1,NA,NA,NA,2026-07-30T20:30:14Z,1
R_8oePZDejojjMmai,1,3,2,1,0,1,1,3,22,NA,2,5,NA,NA,1,NA,NA,NA,2026-07-30T20:30:14Z,1
R_8oePZDejojjMmai,1,3,3,1,0,0,0,0,0,NA,2,5,NA,NA,1,NA,NA,NA,2026-07-30T20:30:14Z,1
R_8oePZDejojjMmai,1,4,1,1,1,2,2,2,84,NA,2,5,NA,NA,1,NA,NA,NA,2026-07-30T20:30:14Z,1
R_8oePZDejojjMmai,1,4,2,1,0,1,3,1,56,NA,2,5,NA,NA,1,NA,NA,NA,2026-07-30T20:30:14Z,1
R_8oePZDejojjMmai,1,4,3,1,0,0,0,0,0,NA,2,5,NA,NA,1,NA,NA,NA,2026-07-30T20:30:14Z,1
R_8oePZDejojjMmai,1,5,1,1,1,1,2,2,11,NA,2,5,NA,NA,1,NA,NA,NA,2026-07-30T20:30:14Z,1
R_8oePZDejojjMmai,1,5,2,1,0,2,1,1,11,NA,2,5,NA,NA,1,NA,NA,NA,2026-07-30T20:30:14Z,1
R_8oePZDejojjMmai,1,5,3,1,0,0,0,0,0,NA,2,5,NA,NA,1,NA,NA,NA,2026-07-30T20:30:14Z,1
R_8oePZDejojjMmai,1,6,1,2,0,3,2,3,22,NA,2,5,NA,NA,1,NA,NA,NA,2026-07-30T20:30:14Z,1
R_8oePZDejojjMmai,1,6,2,2,1,2,1,2,113,NA,2,5,NA,NA,1,NA,NA,NA,2026-07-30T20:30:14Z,1
R_8oePZDejojjMmai,1,6,3,2,0,0,0,0,0,NA,2,5,NA,NA,1,NA,NA,NA,2026-07-30T20:30:14Z,1
R_8oePZDejojjMmai,1,7,1,1,1,3,3,2,56,NA,2,5,NA,NA,1,NA,NA,NA,2026-07-30T20:30:14Z,1
R_8oePZDejojjMmai,1,7,2,1,0,2,2,1,84,NA,2,5,NA,NA,1,NA,NA,NA,2026-07-30T20:30:14Z,1
R_8oePZDejojjMmai,1,7,3,1,0,0,0,0,0,NA,2,5,NA,NA,1,NA,NA,NA,2026-07-30T20:30:14Z,1
R_8oePZDejojjMmai,1,8,1,3,0,1,1,2,56,NA,2,5,NA,NA,1,NA,NA,NA,2026-07-30T20:30:14Z,1
R_8oePZDejojjMmai,1,8,2,3,0,3,3,3,22,NA,2,5,NA,NA,1,NA,NA,NA,2026-07-30T20:30:14Z,1
R_8oePZDejojjMmai,1,8,3,3,1,0,0,0,0,NA,2,5,NA,NA,1,NA,NA,NA,2026-07-30T20:30:14Z,1
R_8volZoH8aPHUGge,2,10,1,3,0,2,3,3,113,NA,3,2,NA,6,3,NA,NA,NA,2026-07-30T22:53:58Z,1
R_8volZoH8aPHUGge,2,10,2,3,0,3,1,1,11,NA,3,2,NA,6,3,NA,NA,NA,2026-07-30T22:53:58Z,1
R_8volZoH8aPHUGge,2,10,3,3,1,0,0,0,0,NA,3,2,NA,6,3,NA,NA,NA,2026-07-30T22:53:58Z,1
R_8volZoH8aPHUGge,2,11,1,1,1,2,3,1,11,NA,3,2,NA,6,3,NA,NA,NA,2026-07-30T22:53:58Z,1
R_8volZoH8aPHUGge,2,11,2,1,0,3,1,3,113,NA,3,2,NA,6,3,NA,NA,NA,2026-07-30T22:53:58Z,1
R_8volZoH8aPHUGge,2,11,3,1,0,0,0,0,0,NA,3,2,NA,6,3,NA,NA,NA,2026-07-30T22:53:58Z,1
R_8volZoH8aPHUGge,2,12,1,1,1,1,1,3,11,NA,3,2,NA,6,3,NA,NA,NA,2026-07-30T22:53:58Z,1
R_8volZoH8aPHUGge,2,12,2,1,0,3,3,2,113,NA,3,2,NA,6,3,NA,NA,NA,2026-07-30T22:53:58Z,1
R_8volZoH8aPHUGge,2,12,3,1,0,0,0,0,0,NA,3,2,NA,6,3,NA,NA,NA,2026-07-30T22:53:58Z,1
R_8volZoH8aPHUGge,2,13,1,2,0,3,1,2,22,NA,3,2,NA,6,3,NA,NA,NA,2026-07-30T22:53:58Z,1
R_8volZoH8aPHUGge,2,13,2,2,1,1,2,1,84,NA,3,2,NA,6,3,NA,NA,NA,2026-07-30T22:53:58Z,1
R_8volZoH8aPHUGge,2,13,3,2,0,0,0,0,0,NA,3,2,NA,6,3,NA,NA,NA,2026-07-30T22:53:58Z,1
R_8volZoH8aPHUGge,2,14,1,2,0,3,3,1,22,NA,3,2,NA,6,3,NA,NA,NA,2026-07-30T22:53:58Z,1
R_8volZoH8aPHUGge,2,14,2,2,1,1,2,3,84,NA,3,2,NA,6,3,NA,NA,NA,2026-07-30T22:53:58Z,1
R_8volZoH8aPHUGge,2,14,3,2,0,0,0,0,0,NA,3,2,NA,6,3,NA,NA,NA,2026-07-30T22:53:58Z,1
R_8volZoH8aPHUGge,2,15,1,1,1,3,1,3,113,NA,3,2,NA,6,3,NA,NA,NA,2026-07-30T22:53:58Z,1
R_8volZoH8aPHUGge,2,15,2,1,0,2,3,2,11,NA,3,2,NA,6,3,NA,NA,NA,2026-07-30T22:53:58Z,1
R_8volZoH8aPHUGge,2,15,3,1,0,0,0,0,0,NA,3,2,NA,6,3,NA,NA,NA,2026-07-30T22:53:58Z,1
R_8volZoH8aPHUGge,2,16,1,1,1,2,1,1,84,NA,3,2,NA,6,3,NA,NA,NA,2026-07-30T22:53:58Z,1
R_8volZoH8aPHUGge,2,16,2,1,0,1,3,2,22,NA,3,2,NA,6,3,NA,NA,NA,2026-07-30T22:53:58Z,1
R_8volZoH8aPHUGge,2,16,3,1,0,0,0,0,0,NA,3,2,NA,6,3,NA,NA,NA,2026-07-30T22:53:58Z,1
R_8volZoH8aPHUGge,2,9,1,2,0,1,3,1,113,NA,3,2,NA,6,3,NA,NA,NA,2026-07-30T22:53:58Z,1
R_8volZoH8aPHUGge,2,9,2,2,1,2,2,3,11,NA,3,2,NA,6,3,NA,NA,NA,2026-07-30T22:53:58Z,1
R_8volZoH8aPHUGge,2,9,3,2,0,0,0,0,0,NA,3,2,NA,6,3,NA,NA,NA,2026-07-30T22:53:58Z,1
R_8wf9jIYqXeQ1FnU,1,1,1,2,0,1,2,1,84,NA,3,1,NA,NA,4,"Curabitur tempus nullam mauris et. Primis porta volutpat wisi, tempus bibendum aliquet enim.",NA,NA,2026-06-23T11:57:17Z,1
R_8wf9jIYqXeQ1FnU,1,1,2,2,1,2,3,3,56,NA,3,1,NA,NA,4,"Curabitur tempus nullam mauris et. Primis porta volutpat wisi, tempus bibendum aliquet enim.",NA,NA,2026-06-23T11:57:17Z,1
R_8wf9jIYqXeQ1FnU,1,1,3,2,0,0,0,0,0,NA,3,1,NA,NA,4,"Curabitur tempus nullam mauris et. Primis porta volutpat wisi, tempus bibendum aliquet enim.",NA,NA,2026-06-23T11:57:17Z,1
R_8wf9jIYqXeQ1FnU,1,2,1,3,0,2,3,3,56,NA,3,1,NA,NA,4,"Curabitur tempus nullam mauris et. Primis porta volutpat wisi, tempus bibendum aliquet enim.",NA,NA,2026-06-23T11:57:17Z,1
R_8wf9jIYqXeQ1FnU,1,2,2,3,0,3,2,2,56,NA,3,1,NA,NA,4,"Curabitur tempus nullam mauris et. Primis porta volutpat wisi, tempus bibendum aliquet enim.",NA,NA,2026-06-23T11:57:17Z,1
R_8wf9jIYqXeQ1FnU,1,2,3,3,1,0,0,0,0,NA,3,1,NA,NA,4,"Curabitur tempus nullam mauris et. Primis porta volutpat wisi, tempus bibendum aliquet enim.",NA,NA,2026-06-23T11:57:17Z,1
R_8wf9jIYqXeQ1FnU,1,3,1,3,0,3,2,1,113,NA,3,1,NA,NA,4,"Curabitur tempus nullam mauris et. Primis porta volutpat wisi, tempus bibendum aliquet enim.",NA,NA,2026-06-23T11:57:17Z,1
R_8wf9jIYqXeQ1FnU,1,3,2,3,0,1,1,3,22,NA,3,1,NA,NA,4,"Curabitur tempus nullam mauris et. Primis porta volutpat wisi, tempus bibendum aliquet enim.",NA,NA,2026-06-23T11:57:17Z,1
R_8wf9jIYqXeQ1FnU,1,3,3,3,1,0,0,0,0,NA,3,1,NA,NA,4,"Curabitur tempus nullam mauris et. Primis porta volutpat wisi, tempus bibendum aliquet enim.",NA,NA,2026-06-23T11:57:17Z,1
R_8wf9jIYqXeQ1FnU,1,4,1,1,1,2,2,2,84,NA,3,1,NA,NA,4,"Curabitur tempus nullam mauris et. Primis porta volutpat wisi, tempus bibendum aliquet enim.",NA,NA,2026-06-23T11:57:17Z,1
R_8wf9jIYqXeQ1FnU,1,4,2,1,0,1,3,1,56,NA,3,1,NA,NA,4,"Curabitur tempus nullam mauris et. Primis porta volutpat wisi, tempus bibendum aliquet enim.",NA,NA,2026-06-23T11:57:17Z,1
R_8wf9jIYqXeQ1FnU,1,4,3,1,0,0,0,0,0,NA,3,1,NA,NA,4,"Curabitur tempus nullam mauris et. Primis porta volutpat wisi, tempus bibendum aliquet enim.",NA,NA,2026-06-23T11:57:17Z,1
R_8wf9jIYqXeQ1FnU,1,5,1,1,1,1,2,2,11,NA,3,1,NA,NA,4,"Curabitur tempus nullam mauris et. Primis porta volutpat wisi, tempus bibendum aliquet enim.",NA,NA,2026-06-23T11:57:17Z,1
R_8wf9jIYqXeQ1FnU,1,5,2,1,0,2,1,1,11,NA,3,1,NA,NA,4,"Curabitur tempus nullam mauris et. Primis porta volutpat wisi, tempus bibendum aliquet enim.",NA,NA,2026-06-23T11:57:17Z,1
R_8wf9jIYqXeQ1FnU,1,5,3,1,0,0,0,0,0,NA,3,1,NA,NA,4,"Curabitur tempus nullam mauris et. Primis porta volutpat wisi, tempus bibendum aliquet enim.",NA,NA,2026-06-23T11:57:17Z,1
R_8wf9jIYqXeQ1FnU,1,6,1,3,0,3,2,3,22,NA,3,1,NA,NA,4,"Curabitur tempus nullam mauris et. Primis porta volutpat wisi, tempus bibendum aliquet enim.",NA,NA,2026-06-23T11:57:17Z,1
R_8wf9jIYqXeQ1FnU,1,6,2,3,0,2,1,2,113,NA,3,1,NA,NA,4,"Curabitur tempus nullam mauris et. Primis porta volutpat wisi, tempus bibendum aliquet enim.",NA,NA,2026-06-23T11:57:17Z,1
R_8wf9jIYqXeQ1FnU,1,6,3,3,1,0,0,0,0,NA,3,1,NA,NA,4,"Curabitur tempus nullam mauris et. Primis porta volutpat wisi, tempus bibendum aliquet enim.",NA,NA,2026-06-23T11:57:17Z,1
R_8wf9jIYqXeQ1FnU,1,7,1,1,1,3,3,2,56,NA,3,1,NA,NA,4,"Curabitur tempus nullam mauris et. Primis porta volutpat wisi, tempus bibendum aliquet enim.",NA,NA,2026-06-23T11:57:17Z,1
R_8wf9jIYqXeQ1FnU,1,7,2,1,0,2,2,1,84,NA,3,1,NA,NA,4,"Curabitur tempus nullam mauris et. Primis porta volutpat wisi, tempus bibendum aliquet enim.",NA,NA,2026-06-23T11:57:17Z,1
R_8wf9jIYqXeQ1FnU,1,7,3,1,0,0,0,0,0,NA,3,1,NA,NA,4,"Curabitur tempus nullam mauris et. Primis porta volutpat wisi, tempus bibendum aliquet enim.",NA,NA,2026-06-23T11:57:17Z,1
R_8wf9jIYqXeQ1FnU,1,8,1,1,1,1,1,2,56,NA,3,1,NA,NA,4,"Curabitur tempus nullam mauris et. Primis porta volutpat wisi, tempus bibendum aliquet enim.",NA,NA,2026-06-23T11:57:17Z,1
R_8wf9jIYqXeQ1FnU,1,8,2,1,0,3,3,3,22,NA,3,1,NA,NA,4,"Curabitur tempus nullam mauris et. Primis porta volutpat wisi, tempus bibendum aliquet enim.",NA,NA,2026-06-23T11:57:17Z,1
R_8wf9jIYqXeQ1FnU,1,8,3,1,0,0,0,0,0,NA,3,1,NA,NA,4,"Curabitur tempus nullam mauris et. Primis porta volutpat wisi, tempus bibendum aliquet enim.",NA,NA,2026-06-23T11:57:17Z,1
R_8xgrfKR4BATaElg,1,1,1,5,0,1,2,1,84,NA,2,3,NA,4,2,NA,NA,NA,2026-07-30T22:54:04Z,1
R_8xgrfKR4BATaElg,1,1,2,5,0,2,3,3,56,NA,2,3,NA,4,2,NA,NA,NA,2026-07-30T22:54:04Z,1
R_8xgrfKR4BATaElg,1,1,3,5,0,0,0,0,0,NA,2,3,NA,4,2,NA,NA,NA,2026-07-30T22:54:04Z,1
R_8xgrfKR4BATaElg,1,2,1,3,0,2,3,3,56,NA,2,3,NA,4,2,NA,NA,NA,2026-07-30T22:54:04Z,1
R_8xgrfKR4BATaElg,1,2,2,3,0,3,2,2,56,NA,2,3,NA,4,2,NA,NA,NA,2026-07-30T22:54:04Z,1
R_8xgrfKR4BATaElg,1,2,3,3,1,0,0,0,0,NA,2,3,NA,4,2,NA,NA,NA,2026-07-30T22:54:04Z,1
R_8xgrfKR4BATaElg,1,3,1,2,0,3,2,1,113,NA,2,3,NA,4,2,NA,NA,NA,2026-07-30T22:54:04Z,1
R_8xgrfKR4BATaElg,1,3,2,2,1,1,1,3,22,NA,2,3,NA,4,2,NA,NA,NA,2026-07-30T22:54:04Z,1
R_8xgrfKR4BATaElg,1,3,3,2,0,0,0,0,0,NA,2,3,NA,4,2,NA,NA,NA,2026-07-30T22:54:04Z,1
R_8xgrfKR4BATaElg,1,4,1,3,0,2,2,2,84,NA,2,3,NA,4,2,NA,NA,NA,2026-07-30T22:54:04Z,1
R_8xgrfKR4BATaElg,1,4,2,3,0,1,3,1,56,NA,2,3,NA,4,2,NA,NA,NA,2026-07-30T22:54:04Z,1
R_8xgrfKR4BATaElg,1,4,3,3,1,0,0,0,0,NA,2,3,NA,4,2,NA,NA,NA,2026-07-30T22:54:04Z,1
R_8xgrfKR4BATaElg,1,5,1,3,0,1,2,2,11,NA,2,3,NA,4,2,NA,NA,NA,2026-07-30T22:54:04Z,1
R_8xgrfKR4BATaElg,1,5,2,3,0,2,1,1,11,NA,2,3,NA,4,2,NA,NA,NA,2026-07-30T22:54:04Z,1
R_8xgrfKR4BATaElg,1,5,3,3,1,0,0,0,0,NA,2,3,NA,4,2,NA,NA,NA,2026-07-30T22:54:04Z,1
R_8xgrfKR4BATaElg,1,6,1,2,0,3,2,3,22,NA,2,3,NA,4,2,NA,NA,NA,2026-07-30T22:54:04Z,1
R_8xgrfKR4BATaElg,1,6,2,2,1,2,1,2,113,NA,2,3,NA,4,2,NA,NA,NA,2026-07-30T22:54:04Z,1
R_8xgrfKR4BATaElg,1,6,3,2,0,0,0,0,0,NA,2,3,NA,4,2,NA,NA,NA,2026-07-30T22:54:04Z,1
R_8xgrfKR4BATaElg,1,7,1,2,0,3,3,2,56,NA,2,3,NA,4,2,NA,NA,NA,2026-07-30T22:54:04Z,1
R_8xgrfKR4BATaElg,1,7,2,2,1,2,2,1,84,NA,2,3,NA,4,2,NA,NA,NA,2026-07-30T22:54:04Z,1
R_8xgrfKR4BATaElg,1,7,3,2,0,0,0,0,0,NA,2,3,NA,4,2,NA,NA,NA,2026-07-30T22:54:04Z,1
R_8xgrfKR4BATaElg,1,8,1,2,0,1,1,2,56,NA,2,3,NA,4,2,NA,NA,NA,2026-07-30T22:54:04Z,1
R_8xgrfKR4BATaElg,1,8,2,2,1,3,3,3,22,NA,2,3,NA,4,2,NA,NA,NA,2026-07-30T22:54:04Z,1
R_8xgrfKR4BATaElg,1,8,3,2,0,0,0,0,0,NA,2,3,NA,4,2,NA,NA,NA,2026-07-30T22:54:04Z,1
R_9AAcbBFCDvFZyLQ,2,10,1,3,0,2,3,3,113,NA,2,4,NA,NA,3,NA,NA,NA,2026-06-23T11:57:18Z,1
R_9AAcbBFCDvFZyLQ,2,10,2,3,0,3,1,1,11,NA,2,4,NA,NA,3,NA,NA,NA,2026-06-23T11:57:18Z,1
R_9AAcbBFCDvFZyLQ,2,10,3,3,1,0,0,0,0,NA,2,4,NA,NA,3,NA,NA,NA,2026-06-23T11:57:18Z,1
R_9AAcbBFCDvFZyLQ,2,11,1,2,0,2,3,1,11,NA,2,4,NA,NA,3,NA,NA,NA,2026-06-23T11:57:18Z,1
R_9AAcbBFCDvFZyLQ,2,11,2,2,1,3,1,3,113,NA,2,4,NA,NA,3,NA,NA,NA,2026-06-23T11:57:18Z,1
R_9AAcbBFCDvFZyLQ,2,11,3,2,0,0,0,0,0,NA,2,4,NA,NA,3,NA,NA,NA,2026-06-23T11:57:18Z,1
R_9AAcbBFCDvFZyLQ,2,12,1,3,0,1,1,3,11,NA,2,4,NA,NA,3,NA,NA,NA,2026-06-23T11:57:18Z,1
R_9AAcbBFCDvFZyLQ,2,12,2,3,0,3,3,2,113,NA,2,4,NA,NA,3,NA,NA,NA,2026-06-23T11:57:18Z,1
R_9AAcbBFCDvFZyLQ,2,12,3,3,1,0,0,0,0,NA,2,4,NA,NA,3,NA,NA,NA,2026-06-23T11:57:18Z,1
R_9AAcbBFCDvFZyLQ,2,13,1,3,0,3,1,2,22,NA,2,4,NA,NA,3,NA,NA,NA,2026-06-23T11:57:18Z,1
R_9AAcbBFCDvFZyLQ,2,13,2,3,0,1,2,1,84,NA,2,4,NA,NA,3,NA,NA,NA,2026-06-23T11:57:18Z,1
R_9AAcbBFCDvFZyLQ,2,13,3,3,1,0,0,0,0,NA,2,4,NA,NA,3,NA,NA,NA,2026-06-23T11:57:18Z,1
R_9AAcbBFCDvFZyLQ,2,14,1,2,0,3,3,1,22,NA,2,4,NA,NA,3,NA,NA,NA,2026-06-23T11:57:18Z,1
R_9AAcbBFCDvFZyLQ,2,14,2,2,1,1,2,3,84,NA,2,4,NA,NA,3,NA,NA,NA,2026-06-23T11:57:18Z,1
R_9AAcbBFCDvFZyLQ,2,14,3,2,0,0,0,0,0,NA,2,4,NA,NA,3,NA,NA,NA,2026-06-23T11:57:18Z,1
R_9AAcbBFCDvFZyLQ,2,15,1,1,1,3,1,3,113,NA,2,4,NA,NA,3,NA,NA,NA,2026-06-23T11:57:18Z,1
R_9AAcbBFCDvFZyLQ,2,15,2,1,0,2,3,2,11,NA,2,4,NA,NA,3,NA,NA,NA,2026-06-23T11:57:18Z,1
R_9AAcbBFCDvFZyLQ,2,15,3,1,0,0,0,0,0,NA,2,4,NA,NA,3,NA,NA,NA,2026-06-23T11:57:18Z,1
R_9AAcbBFCDvFZyLQ,2,16,1,1,1,2,1,1,84,NA,2,4,NA,NA,3,NA,NA,NA,2026-06-23T11:57:18Z,1
R_9AAcbBFCDvFZyLQ,2,16,2,1,0,1,3,2,22,NA,2,4,NA,NA,3,NA,NA,NA,2026-06-23T11:57:18Z,1
R_9AAcbBFCDvFZyLQ,2,16,3,1,0,0,0,0,0,NA,2,4,NA,NA,3,NA,NA,NA,2026-06-23T11:57:18Z,1
R_9AAcbBFCDvFZyLQ,2,9,1,2,0,1,3,1,113,NA,2,4,NA,NA,3,NA,NA,NA,2026-06-23T11:57:18Z,1
R_9AAcbBFCDvFZyLQ,2,9,2,2,1,2,2,3,11,NA,2,4,NA,NA,3,NA,NA,NA,2026-06-23T11:57:18Z,1
R_9AAcbBFCDvFZyLQ,2,9,3,2,0,0,0,0,0,NA,2,4,NA,NA,3,NA,NA,NA,2026-06-23T11:57:18Z,1
R_9Bs5SrLDRqp342y,1,1,1,2,0,1,2,1,84,NA,3,4,NA,6,4,Etiam laoreet ac cursus mattis mi dapibus euismod porta at.,NA,NA,2026-07-30T22:53:47Z,1
R_9Bs5SrLDRqp342y,1,1,2,2,1,2,3,3,56,NA,3,4,NA,6,4,Etiam laoreet ac cursus mattis mi dapibus euismod porta at.,NA,NA,2026-07-30T22:53:47Z,1
R_9Bs5SrLDRqp342y,1,1,3,2,0,0,0,0,0,NA,3,4,NA,6,4,Etiam laoreet ac cursus mattis mi dapibus euismod porta at.,NA,NA,2026-07-30T22:53:47Z,1
R_9Bs5SrLDRqp342y,1,2,1,3,0,2,3,3,56,NA,3,4,NA,6,4,Etiam laoreet ac cursus mattis mi dapibus euismod porta at.,NA,NA,2026-07-30T22:53:47Z,1
R_9Bs5SrLDRqp342y,1,2,2,3,0,3,2,2,56,NA,3,4,NA,6,4,Etiam laoreet ac cursus mattis mi dapibus euismod porta at.,NA,NA,2026-07-30T22:53:47Z,1
R_9Bs5SrLDRqp342y,1,2,3,3,1,0,0,0,0,NA,3,4,NA,6,4,Etiam laoreet ac cursus mattis mi dapibus euismod porta at.,NA,NA,2026-07-30T22:53:47Z,1
R_9Bs5SrLDRqp342y,1,3,1,2,0,3,2,1,113,NA,3,4,NA,6,4,Etiam laoreet ac cursus mattis mi dapibus euismod porta at.,NA,NA,2026-07-30T22:53:47Z,1
R_9Bs5SrLDRqp342y,1,3,2,2,1,1,1,3,22,NA,3,4,NA,6,4,Etiam laoreet ac cursus mattis mi dapibus euismod porta at.,NA,NA,2026-07-30T22:53:47Z,1
R_9Bs5SrLDRqp342y,1,3,3,2,0,0,0,0,0,NA,3,4,NA,6,4,Etiam laoreet ac cursus mattis mi dapibus euismod porta at.,NA,NA,2026-07-30T22:53:47Z,1
R_9Bs5SrLDRqp342y,1,4,1,3,0,2,2,2,84,NA,3,4,NA,6,4,Etiam laoreet ac cursus mattis mi dapibus euismod porta at.,NA,NA,2026-07-30T22:53:47Z,1
R_9Bs5SrLDRqp342y,1,4,2,3,0,1,3,1,56,NA,3,4,NA,6,4,Etiam laoreet ac cursus mattis mi dapibus euismod porta at.,NA,NA,2026-07-30T22:53:47Z,1
R_9Bs5SrLDRqp342y,1,4,3,3,1,0,0,0,0,NA,3,4,NA,6,4,Etiam laoreet ac cursus mattis mi dapibus euismod porta at.,NA,NA,2026-07-30T22:53:47Z,1
R_9Bs5SrLDRqp342y,1,5,1,3,0,1,2,2,11,NA,3,4,NA,6,4,Etiam laoreet ac cursus mattis mi dapibus euismod porta at.,NA,NA,2026-07-30T22:53:47Z,1
R_9Bs5SrLDRqp342y,1,5,2,3,0,2,1,1,11,NA,3,4,NA,6,4,Etiam laoreet ac cursus mattis mi dapibus euismod porta at.,NA,NA,2026-07-30T22:53:47Z,1
R_9Bs5SrLDRqp342y,1,5,3,3,1,0,0,0,0,NA,3,4,NA,6,4,Etiam laoreet ac cursus mattis mi dapibus euismod porta at.,NA,NA,2026-07-30T22:53:47Z,1
R_9Bs5SrLDRqp342y,1,6,1,2,0,3,2,3,22,NA,3,4,NA,6,4,Etiam laoreet ac cursus mattis mi dapibus euismod porta at.,NA,NA,2026-07-30T22:53:47Z,1
R_9Bs5SrLDRqp342y,1,6,2,2,1,2,1,2,113,NA,3,4,NA,6,4,Etiam laoreet ac cursus mattis mi dapibus euismod porta at.,NA,NA,2026-07-30T22:53:47Z,1
R_9Bs5SrLDRqp342y,1,6,3,2,0,0,0,0,0,NA,3,4,NA,6,4,Etiam laoreet ac cursus mattis mi dapibus euismod porta at.,NA,NA,2026-07-30T22:53:47Z,1
R_9Bs5SrLDRqp342y,1,7,1,3,0,3,3,2,56,NA,3,4,NA,6,4,Etiam laoreet ac cursus mattis mi dapibus euismod porta at.,NA,NA,2026-07-30T22:53:47Z,1
R_9Bs5SrLDRqp342y,1,7,2,3,0,2,2,1,84,NA,3,4,NA,6,4,Etiam laoreet ac cursus mattis mi dapibus euismod porta at.,NA,NA,2026-07-30T22:53:47Z,1
R_9Bs5SrLDRqp342y,1,7,3,3,1,0,0,0,0,NA,3,4,NA,6,4,Etiam laoreet ac cursus mattis mi dapibus euismod porta at.,NA,NA,2026-07-30T22:53:47Z,1
R_9Bs5SrLDRqp342y,1,8,1,3,0,1,1,2,56,NA,3,4,NA,6,4,Etiam laoreet ac cursus mattis mi dapibus euismod porta at.,NA,NA,2026-07-30T22:53:47Z,1
R_9Bs5SrLDRqp342y,1,8,2,3,0,3,3,3,22,NA,3,4,NA,6,4,Etiam laoreet ac cursus mattis mi dapibus euismod porta at.,NA,NA,2026-07-30T22:53:47Z,1
R_9Bs5SrLDRqp342y,1,8,3,3,1,0,0,0,0,NA,3,4,NA,6,4,Etiam laoreet ac cursus mattis mi dapibus euismod porta at.,NA,NA,2026-07-30T22:53:47Z,1
R_9TY7HidvbaeXWzY,1,1,1,6,0,1,2,1,84,NA,2,3,NA,NA,1,NA,NA,NA,2026-07-30T20:30:06Z,1
R_9TY7HidvbaeXWzY,1,1,2,6,0,2,3,3,56,NA,2,3,NA,NA,1,NA,NA,NA,2026-07-30T20:30:06Z,1
R_9TY7HidvbaeXWzY,1,1,3,6,0,0,0,0,0,NA,2,3,NA,NA,1,NA,NA,NA,2026-07-30T20:30:06Z,1
R_9TY7HidvbaeXWzY,1,2,1,2,0,2,3,3,56,NA,2,3,NA,NA,1,NA,NA,NA,2026-07-30T20:30:06Z,1
R_9TY7HidvbaeXWzY,1,2,2,2,1,3,2,2,56,NA,2,3,NA,NA,1,NA,NA,NA,2026-07-30T20:30:06Z,1
R_9TY7HidvbaeXWzY,1,2,3,2,0,0,0,0,0,NA,2,3,NA,NA,1,NA,NA,NA,2026-07-30T20:30:06Z,1
R_9TY7HidvbaeXWzY,1,3,1,2,0,3,2,1,113,NA,2,3,NA,NA,1,NA,NA,NA,2026-07-30T20:30:06Z,1
R_9TY7HidvbaeXWzY,1,3,2,2,1,1,1,3,22,NA,2,3,NA,NA,1,NA,NA,NA,2026-07-30T20:30:06Z,1
R_9TY7HidvbaeXWzY,1,3,3,2,0,0,0,0,0,NA,2,3,NA,NA,1,NA,NA,NA,2026-07-30T20:30:06Z,1
R_9TY7HidvbaeXWzY,1,4,1,1,1,2,2,2,84,NA,2,3,NA,NA,1,NA,NA,NA,2026-07-30T20:30:06Z,1
R_9TY7HidvbaeXWzY,1,4,2,1,0,1,3,1,56,NA,2,3,NA,NA,1,NA,NA,NA,2026-07-30T20:30:06Z,1
R_9TY7HidvbaeXWzY,1,4,3,1,0,0,0,0,0,NA,2,3,NA,NA,1,NA,NA,NA,2026-07-30T20:30:06Z,1
R_9TY7HidvbaeXWzY,1,5,1,2,0,1,2,2,11,NA,2,3,NA,NA,1,NA,NA,NA,2026-07-30T20:30:06Z,1
R_9TY7HidvbaeXWzY,1,5,2,2,1,2,1,1,11,NA,2,3,NA,NA,1,NA,NA,NA,2026-07-30T20:30:06Z,1
R_9TY7HidvbaeXWzY,1,5,3,2,0,0,0,0,0,NA,2,3,NA,NA,1,NA,NA,NA,2026-07-30T20:30:06Z,1
R_9TY7HidvbaeXWzY,1,6,1,3,0,3,2,3,22,NA,2,3,NA,NA,1,NA,NA,NA,2026-07-30T20:30:06Z,1
R_9TY7HidvbaeXWzY,1,6,2,3,0,2,1,2,113,NA,2,3,NA,NA,1,NA,NA,NA,2026-07-30T20:30:06Z,1
R_9TY7HidvbaeXWzY,1,6,3,3,1,0,0,0,0,NA,2,3,NA,NA,1,NA,NA,NA,2026-07-30T20:30:06Z,1
R_9TY7HidvbaeXWzY,1,7,1,2,0,3,3,2,56,NA,2,3,NA,NA,1,NA,NA,NA,2026-07-30T20:30:06Z,1
R_9TY7HidvbaeXWzY,1,7,2,2,1,2,2,1,84,NA,2,3,NA,NA,1,NA,NA,NA,2026-07-30T20:30:06Z,1
R_9TY7HidvbaeXWzY,1,7,3,2,0,0,0,0,0,NA,2,3,NA,NA,1,NA,NA,NA,2026-07-30T20:30:06Z,1
R_9TY7HidvbaeXWzY,1,8,1,1,1,1,1,2,56,NA,2,3,NA,NA,1,NA,NA,NA,2026-07-30T20:30:06Z,1
R_9TY7HidvbaeXWzY,1,8,2,1,0,3,3,3,22,NA,2,3,NA,NA,1,NA,NA,NA,2026-07-30T20:30:06Z,1
R_9TY7HidvbaeXWzY,1,8,3,1,0,0,0,0,0,NA,2,3,NA,NA,1,NA,NA,NA,2026-07-30T20:30:06Z,1
R_9Tv5WxarAR9q8su,2,10,1,3,0,2,3,3,113,NA,1,1,NA,NA,1,NA,NA,NA,2026-07-15T13:31:08Z,1
R_9Tv5WxarAR9q8su,2,10,2,3,0,3,1,1,11,NA,1,1,NA,NA,1,NA,NA,NA,2026-07-15T13:31:08Z,1
R_9Tv5WxarAR9q8su,2,10,3,3,1,0,0,0,0,NA,1,1,NA,NA,1,NA,NA,NA,2026-07-15T13:31:08Z,1
R_9Tv5WxarAR9q8su,2,11,1,3,0,2,3,1,11,NA,1,1,NA,NA,1,NA,NA,NA,2026-07-15T13:31:08Z,1
R_9Tv5WxarAR9q8su,2,11,2,3,0,3,1,3,113,NA,1,1,NA,NA,1,NA,NA,NA,2026-07-15T13:31:08Z,1
R_9Tv5WxarAR9q8su,2,11,3,3,1,0,0,0,0,NA,1,1,NA,NA,1,NA,NA,NA,2026-07-15T13:31:08Z,1
R_9Tv5WxarAR9q8su,2,12,1,2,0,1,1,3,11,NA,1,1,NA,NA,1,NA,NA,NA,2026-07-15T13:31:08Z,1
R_9Tv5WxarAR9q8su,2,12,2,2,1,3,3,2,113,NA,1,1,NA,NA,1,NA,NA,NA,2026-07-15T13:31:08Z,1
R_9Tv5WxarAR9q8su,2,12,3,2,0,0,0,0,0,NA,1,1,NA,NA,1,NA,NA,NA,2026-07-15T13:31:08Z,1
R_9Tv5WxarAR9q8su,2,13,1,3,0,3,1,2,22,NA,1,1,NA,NA,1,NA,NA,NA,2026-07-15T13:31:08Z,1
R_9Tv5WxarAR9q8su,2,13,2,3,0,1,2,1,84,NA,1,1,NA,NA,1,NA,NA,NA,2026-07-15T13:31:08Z,1
R_9Tv5WxarAR9q8su,2,13,3,3,1,0,0,0,0,NA,1,1,NA,NA,1,NA,NA,NA,2026-07-15T13:31:08Z,1
R_9Tv5WxarAR9q8su,2,14,1,1,1,3,3,1,22,NA,1,1,NA,NA,1,NA,NA,NA,2026-07-15T13:31:08Z,1
R_9Tv5WxarAR9q8su,2,14,2,1,0,1,2,3,84,NA,1,1,NA,NA,1,NA,NA,NA,2026-07-15T13:31:08Z,1
R_9Tv5WxarAR9q8su,2,14,3,1,0,0,0,0,0,NA,1,1,NA,NA,1,NA,NA,NA,2026-07-15T13:31:08Z,1
R_9Tv5WxarAR9q8su,2,15,1,3,0,3,1,3,113,NA,1,1,NA,NA,1,NA,NA,NA,2026-07-15T13:31:08Z,1
R_9Tv5WxarAR9q8su,2,15,2,3,0,2,3,2,11,NA,1,1,NA,NA,1,NA,NA,NA,2026-07-15T13:31:08Z,1
R_9Tv5WxarAR9q8su,2,15,3,3,1,0,0,0,0,NA,1,1,NA,NA,1,NA,NA,NA,2026-07-15T13:31:08Z,1
R_9Tv5WxarAR9q8su,2,16,1,2,0,2,1,1,84,NA,1,1,NA,NA,1,NA,NA,NA,2026-07-15T13:31:08Z,1
R_9Tv5WxarAR9q8su,2,16,2,2,1,1,3,2,22,NA,1,1,NA,NA,1,NA,NA,NA,2026-07-15T13:31:08Z,1
R_9Tv5WxarAR9q8su,2,16,3,2,0,0,0,0,0,NA,1,1,NA,NA,1,NA,NA,NA,2026-07-15T13:31:08Z,1
R_9Tv5WxarAR9q8su,2,9,1,2,0,1,3,1,113,NA,1,1,NA,NA,1,NA,NA,NA,2026-07-15T13:31:08Z,1
R_9Tv5WxarAR9q8su,2,9,2,2,1,2,2,3,11,NA,1,1,NA,NA,1,NA,NA,NA,2026-07-15T13:31:08Z,1
R_9Tv5WxarAR9q8su,2,9,3,2,0,0,0,0,0,NA,1,1,NA,NA,1,NA,NA,NA,2026-07-15T13:31:08Z,1
R_9Ww1MZ448R0uKz4,2,10,1,2,0,2,3,3,113,NA,1,2,NA,NA,4,Ullamcorper? In augue donec! Sit dolorem nunc dolorem purus eget mauris quis purus suscipit.,NA,NA,2026-06-23T11:57:31Z,1
R_9Ww1MZ448R0uKz4,2,10,2,2,1,3,1,1,11,NA,1,2,NA,NA,4,Ullamcorper? In augue donec! Sit dolorem nunc dolorem purus eget mauris quis purus suscipit.,NA,NA,2026-06-23T11:57:31Z,1
R_9Ww1MZ448R0uKz4,2,10,3,2,0,0,0,0,0,NA,1,2,NA,NA,4,Ullamcorper? In augue donec! Sit dolorem nunc dolorem purus eget mauris quis purus suscipit.,NA,NA,2026-06-23T11:57:31Z,1
R_9Ww1MZ448R0uKz4,2,11,1,1,1,2,3,1,11,NA,1,2,NA,NA,4,Ullamcorper? In augue donec! Sit dolorem nunc dolorem purus eget mauris quis purus suscipit.,NA,NA,2026-06-23T11:57:31Z,1
R_9Ww1MZ448R0uKz4,2,11,2,1,0,3,1,3,113,NA,1,2,NA,NA,4,Ullamcorper? In augue donec! Sit dolorem nunc dolorem purus eget mauris quis purus suscipit.,NA,NA,2026-06-23T11:57:31Z,1
R_9Ww1MZ448R0uKz4,2,11,3,1,0,0,0,0,0,NA,1,2,NA,NA,4,Ullamcorper? In augue donec! Sit dolorem nunc dolorem purus eget mauris quis purus suscipit.,NA,NA,2026-06-23T11:57:31Z,1
R_9Ww1MZ448R0uKz4,2,12,1,2,0,1,1,3,11,NA,1,2,NA,NA,4,Ullamcorper? In augue donec! Sit dolorem nunc dolorem purus eget mauris quis purus suscipit.,NA,NA,2026-06-23T11:57:31Z,1
R_9Ww1MZ448R0uKz4,2,12,2,2,1,3,3,2,113,NA,1,2,NA,NA,4,Ullamcorper? In augue donec! Sit dolorem nunc dolorem purus eget mauris quis purus suscipit.,NA,NA,2026-06-23T11:57:31Z,1
R_9Ww1MZ448R0uKz4,2,12,3,2,0,0,0,0,0,NA,1,2,NA,NA,4,Ullamcorper? In augue donec! Sit dolorem nunc dolorem purus eget mauris quis purus suscipit.,NA,NA,2026-06-23T11:57:31Z,1
R_9Ww1MZ448R0uKz4,2,13,1,1,1,3,1,2,22,NA,1,2,NA,NA,4,Ullamcorper? In augue donec! Sit dolorem nunc dolorem purus eget mauris quis purus suscipit.,NA,NA,2026-06-23T11:57:31Z,1
R_9Ww1MZ448R0uKz4,2,13,2,1,0,1,2,1,84,NA,1,2,NA,NA,4,Ullamcorper? In augue donec! Sit dolorem nunc dolorem purus eget mauris quis purus suscipit.,NA,NA,2026-06-23T11:57:31Z,1
R_9Ww1MZ448R0uKz4,2,13,3,1,0,0,0,0,0,NA,1,2,NA,NA,4,Ullamcorper? In augue donec! Sit dolorem nunc dolorem purus eget mauris quis purus suscipit.,NA,NA,2026-06-23T11:57:31Z,1
R_9Ww1MZ448R0uKz4,2,14,1,2,0,3,3,1,22,NA,1,2,NA,NA,4,Ullamcorper? In augue donec! Sit dolorem nunc dolorem purus eget mauris quis purus suscipit.,NA,NA,2026-06-23T11:57:31Z,1
R_9Ww1MZ448R0uKz4,2,14,2,2,1,1,2,3,84,NA,1,2,NA,NA,4,Ullamcorper? In augue donec! Sit dolorem nunc dolorem purus eget mauris quis purus suscipit.,NA,NA,2026-06-23T11:57:31Z,1
R_9Ww1MZ448R0uKz4,2,14,3,2,0,0,0,0,0,NA,1,2,NA,NA,4,Ullamcorper? In augue donec! Sit dolorem nunc dolorem purus eget mauris quis purus suscipit.,NA,NA,2026-06-23T11:57:31Z,1
R_9Ww1MZ448R0uKz4,2,15,1,1,1,3,1,3,113,NA,1,2,NA,NA,4,Ullamcorper? In augue donec! Sit dolorem nunc dolorem purus eget mauris quis purus suscipit.,NA,NA,2026-06-23T11:57:31Z,1
R_9Ww1MZ448R0uKz4,2,15,2,1,0,2,3,2,11,NA,1,2,NA,NA,4,Ullamcorper? In augue donec! Sit dolorem nunc dolorem purus eget mauris quis purus suscipit.,NA,NA,2026-06-23T11:57:31Z,1
R_9Ww1MZ448R0uKz4,2,15,3,1,0,0,0,0,0,NA,1,2,NA,NA,4,Ullamcorper? In augue donec! Sit dolorem nunc dolorem purus eget mauris quis purus suscipit.,NA,NA,2026-06-23T11:57:31Z,1
R_9Ww1MZ448R0uKz4,2,16,1,1,1,2,1,1,84,NA,1,2,NA,NA,4,Ullamcorper? In augue donec! Sit dolorem nunc dolorem purus eget mauris quis purus suscipit.,NA,NA,2026-06-23T11:57:31Z,1
R_9Ww1MZ448R0uKz4,2,16,2,1,0,1,3,2,22,NA,1,2,NA,NA,4,Ullamcorper? In augue donec! Sit dolorem nunc dolorem purus eget mauris quis purus suscipit.,NA,NA,2026-06-23T11:57:31Z,1
R_9Ww1MZ448R0uKz4,2,16,3,1,0,0,0,0,0,NA,1,2,NA,NA,4,Ullamcorper? In augue donec! Sit dolorem nunc dolorem purus eget mauris quis purus suscipit.,NA,NA,2026-06-23T11:57:31Z,1
R_9Ww1MZ448R0uKz4,2,9,1,3,0,1,3,1,113,NA,1,2,NA,NA,4,Ullamcorper? In augue donec! Sit dolorem nunc dolorem purus eget mauris quis purus suscipit.,NA,NA,2026-06-23T11:57:31Z,1
R_9Ww1MZ448R0uKz4,2,9,2,3,0,2,2,3,11,NA,1,2,NA,NA,4,Ullamcorper? In augue donec! Sit dolorem nunc dolorem purus eget mauris quis purus suscipit.,NA,NA,2026-06-23T11:57:31Z,1
R_9Ww1MZ448R0uKz4,2,9,3,3,1,0,0,0,0,NA,1,2,NA,NA,4,Ullamcorper? In augue donec! Sit dolorem nunc dolorem purus eget mauris quis purus suscipit.,NA,NA,2026-06-23T11:57:31Z,1
R_9XCJ8TMZiLY50J8,2,10,1,2,0,2,3,3,113,NA,2,1,NA,NA,4,Magnis scelerisque porta. Culpa volutpat convallis. Nulla tortor velit? Nonummy proin sed consequat.,NA,NA,2026-06-23T11:57:19Z,1
R_9XCJ8TMZiLY50J8,2,10,2,2,1,3,1,1,11,NA,2,1,NA,NA,4,Magnis scelerisque porta. Culpa volutpat convallis. Nulla tortor velit? Nonummy proin sed consequat.,NA,NA,2026-06-23T11:57:19Z,1
R_9XCJ8TMZiLY50J8,2,10,3,2,0,0,0,0,0,NA,2,1,NA,NA,4,Magnis scelerisque porta. Culpa volutpat convallis. Nulla tortor velit? Nonummy proin sed consequat.,NA,NA,2026-06-23T11:57:19Z,1
R_9XCJ8TMZiLY50J8,2,11,1,2,0,2,3,1,11,NA,2,1,NA,NA,4,Magnis scelerisque porta. Culpa volutpat convallis. Nulla tortor velit? Nonummy proin sed consequat.,NA,NA,2026-06-23T11:57:19Z,1
R_9XCJ8TMZiLY50J8,2,11,2,2,1,3,1,3,113,NA,2,1,NA,NA,4,Magnis scelerisque porta. Culpa volutpat convallis. Nulla tortor velit? Nonummy proin sed consequat.,NA,NA,2026-06-23T11:57:19Z,1
R_9XCJ8TMZiLY50J8,2,11,3,2,0,0,0,0,0,NA,2,1,NA,NA,4,Magnis scelerisque porta. Culpa volutpat convallis. Nulla tortor velit? Nonummy proin sed consequat.,NA,NA,2026-06-23T11:57:19Z,1
R_9XCJ8TMZiLY50J8,2,12,1,3,0,1,1,3,11,NA,2,1,NA,NA,4,Magnis scelerisque porta. Culpa volutpat convallis. Nulla tortor velit? Nonummy proin sed consequat.,NA,NA,2026-06-23T11:57:19Z,1
R_9XCJ8TMZiLY50J8,2,12,2,3,0,3,3,2,113,NA,2,1,NA,NA,4,Magnis scelerisque porta. Culpa volutpat convallis. Nulla tortor velit? Nonummy proin sed consequat.,NA,NA,2026-06-23T11:57:19Z,1
R_9XCJ8TMZiLY50J8,2,12,3,3,1,0,0,0,0,NA,2,1,NA,NA,4,Magnis scelerisque porta. Culpa volutpat convallis. Nulla tortor velit? Nonummy proin sed consequat.,NA,NA,2026-06-23T11:57:19Z,1
R_9XCJ8TMZiLY50J8,2,13,1,2,0,3,1,2,22,NA,2,1,NA,NA,4,Magnis scelerisque porta. Culpa volutpat convallis. Nulla tortor velit? Nonummy proin sed consequat.,NA,NA,2026-06-23T11:57:19Z,1
R_9XCJ8TMZiLY50J8,2,13,2,2,1,1,2,1,84,NA,2,1,NA,NA,4,Magnis scelerisque porta. Culpa volutpat convallis. Nulla tortor velit? Nonummy proin sed consequat.,NA,NA,2026-06-23T11:57:19Z,1
R_9XCJ8TMZiLY50J8,2,13,3,2,0,0,0,0,0,NA,2,1,NA,NA,4,Magnis scelerisque porta. Culpa volutpat convallis. Nulla tortor velit? Nonummy proin sed consequat.,NA,NA,2026-06-23T11:57:19Z,1
R_9XCJ8TMZiLY50J8,2,14,1,1,1,3,3,1,22,NA,2,1,NA,NA,4,Magnis scelerisque porta. Culpa volutpat convallis. Nulla tortor velit? Nonummy proin sed consequat.,NA,NA,2026-06-23T11:57:19Z,1
R_9XCJ8TMZiLY50J8,2,14,2,1,0,1,2,3,84,NA,2,1,NA,NA,4,Magnis scelerisque porta. Culpa volutpat convallis. Nulla tortor velit? Nonummy proin sed consequat.,NA,NA,2026-06-23T11:57:19Z,1
R_9XCJ8TMZiLY50J8,2,14,3,1,0,0,0,0,0,NA,2,1,NA,NA,4,Magnis scelerisque porta. Culpa volutpat convallis. Nulla tortor velit? Nonummy proin sed consequat.,NA,NA,2026-06-23T11:57:19Z,1
R_9XCJ8TMZiLY50J8,2,15,1,2,0,3,1,3,113,NA,2,1,NA,NA,4,Magnis scelerisque porta. Culpa volutpat convallis. Nulla tortor velit? Nonummy proin sed consequat.,NA,NA,2026-06-23T11:57:19Z,1
R_9XCJ8TMZiLY50J8,2,15,2,2,1,2,3,2,11,NA,2,1,NA,NA,4,Magnis scelerisque porta. Culpa volutpat convallis. Nulla tortor velit? Nonummy proin sed consequat.,NA,NA,2026-06-23T11:57:19Z,1
R_9XCJ8TMZiLY50J8,2,15,3,2,0,0,0,0,0,NA,2,1,NA,NA,4,Magnis scelerisque porta. Culpa volutpat convallis. Nulla tortor velit? Nonummy proin sed consequat.,NA,NA,2026-06-23T11:57:19Z,1
R_9XCJ8TMZiLY50J8,2,16,1,3,0,2,1,1,84,NA,2,1,NA,NA,4,Magnis scelerisque porta. Culpa volutpat convallis. Nulla tortor velit? Nonummy proin sed consequat.,NA,NA,2026-06-23T11:57:19Z,1
R_9XCJ8TMZiLY50J8,2,16,2,3,0,1,3,2,22,NA,2,1,NA,NA,4,Magnis scelerisque porta. Culpa volutpat convallis. Nulla tortor velit? Nonummy proin sed consequat.,NA,NA,2026-06-23T11:57:19Z,1
R_9XCJ8TMZiLY50J8,2,16,3,3,1,0,0,0,0,NA,2,1,NA,NA,4,Magnis scelerisque porta. Culpa volutpat convallis. Nulla tortor velit? Nonummy proin sed consequat.,NA,NA,2026-06-23T11:57:19Z,1
R_9XCJ8TMZiLY50J8,2,9,1,1,1,1,3,1,113,NA,2,1,NA,NA,4,Magnis scelerisque porta. Culpa volutpat convallis. Nulla tortor velit? Nonummy proin sed consequat.,NA,NA,2026-06-23T11:57:19Z,1
R_9XCJ8TMZiLY50J8,2,9,2,1,0,2,2,3,11,NA,2,1,NA,NA,4,Magnis scelerisque porta. Culpa volutpat convallis. Nulla tortor velit? Nonummy proin sed consequat.,NA,NA,2026-06-23T11:57:19Z,1
R_9XCJ8TMZiLY50J8,2,9,3,1,0,0,0,0,0,NA,2,1,NA,NA,4,Magnis scelerisque porta. Culpa volutpat convallis. Nulla tortor velit? Nonummy proin sed consequat.,NA,NA,2026-06-23T11:57:19Z,1
R_9mHCSyIVDSmxoPk,1,1,1,2,0,1,2,1,84,NA,3,3,NA,4,2,NA,NA,NA,2026-07-30T22:54:05Z,1
R_9mHCSyIVDSmxoPk,1,1,2,2,1,2,3,3,56,NA,3,3,NA,4,2,NA,NA,NA,2026-07-30T22:54:05Z,1
R_9mHCSyIVDSmxoPk,1,1,3,2,0,0,0,0,0,NA,3,3,NA,4,2,NA,NA,NA,2026-07-30T22:54:05Z,1
R_9mHCSyIVDSmxoPk,1,2,1,3,0,2,3,3,56,NA,3,3,NA,4,2,NA,NA,NA,2026-07-30T22:54:05Z,1
R_9mHCSyIVDSmxoPk,1,2,2,3,0,3,2,2,56,NA,3,3,NA,4,2,NA,NA,NA,2026-07-30T22:54:05Z,1
R_9mHCSyIVDSmxoPk,1,2,3,3,1,0,0,0,0,NA,3,3,NA,4,2,NA,NA,NA,2026-07-30T22:54:05Z,1
R_9mHCSyIVDSmxoPk,1,3,1,2,0,3,2,1,113,NA,3,3,NA,4,2,NA,NA,NA,2026-07-30T22:54:05Z,1
R_9mHCSyIVDSmxoPk,1,3,2,2,1,1,1,3,22,NA,3,3,NA,4,2,NA,NA,NA,2026-07-30T22:54:05Z,1
R_9mHCSyIVDSmxoPk,1,3,3,2,0,0,0,0,0,NA,3,3,NA,4,2,NA,NA,NA,2026-07-30T22:54:05Z,1
R_9mHCSyIVDSmxoPk,1,4,1,2,0,2,2,2,84,NA,3,3,NA,4,2,NA,NA,NA,2026-07-30T22:54:05Z,1
R_9mHCSyIVDSmxoPk,1,4,2,2,1,1,3,1,56,NA,3,3,NA,4,2,NA,NA,NA,2026-07-30T22:54:05Z,1
R_9mHCSyIVDSmxoPk,1,4,3,2,0,0,0,0,0,NA,3,3,NA,4,2,NA,NA,NA,2026-07-30T22:54:05Z,1
R_9mHCSyIVDSmxoPk,1,5,1,3,0,1,2,2,11,NA,3,3,NA,4,2,NA,NA,NA,2026-07-30T22:54:05Z,1
R_9mHCSyIVDSmxoPk,1,5,2,3,0,2,1,1,11,NA,3,3,NA,4,2,NA,NA,NA,2026-07-30T22:54:05Z,1
R_9mHCSyIVDSmxoPk,1,5,3,3,1,0,0,0,0,NA,3,3,NA,4,2,NA,NA,NA,2026-07-30T22:54:05Z,1
R_9mHCSyIVDSmxoPk,1,6,1,2,0,3,2,3,22,NA,3,3,NA,4,2,NA,NA,NA,2026-07-30T22:54:05Z,1
R_9mHCSyIVDSmxoPk,1,6,2,2,1,2,1,2,113,NA,3,3,NA,4,2,NA,NA,NA,2026-07-30T22:54:05Z,1
R_9mHCSyIVDSmxoPk,1,6,3,2,0,0,0,0,0,NA,3,3,NA,4,2,NA,NA,NA,2026-07-30T22:54:05Z,1
R_9mHCSyIVDSmxoPk,1,7,1,2,0,3,3,2,56,NA,3,3,NA,4,2,NA,NA,NA,2026-07-30T22:54:05Z,1
R_9mHCSyIVDSmxoPk,1,7,2,2,1,2,2,1,84,NA,3,3,NA,4,2,NA,NA,NA,2026-07-30T22:54:05Z,1
R_9mHCSyIVDSmxoPk,1,7,3,2,0,0,0,0,0,NA,3,3,NA,4,2,NA,NA,NA,2026-07-30T22:54:05Z,1
R_9mHCSyIVDSmxoPk,1,8,1,1,1,1,1,2,56,NA,3,3,NA,4,2,NA,NA,NA,2026-07-30T22:54:05Z,1
R_9mHCSyIVDSmxoPk,1,8,2,1,0,3,3,3,22,NA,3,3,NA,4,2,NA,NA,NA,2026-07-30T22:54:05Z,1
R_9mHCSyIVDSmxoPk,1,8,3,1,0,0,0,0,0,NA,3,3,NA,4,2,NA,NA,NA,2026-07-30T22:54:05Z,1
R_9mIJiFF873Eh9FY,1,1,1,2,0,1,2,1,84,NA,1,5,NA,4,2,NA,NA,NA,2026-07-30T22:53:42Z,1
R_9mIJiFF873Eh9FY,1,1,2,2,1,2,3,3,56,NA,1,5,NA,4,2,NA,NA,NA,2026-07-30T22:53:42Z,1
R_9mIJiFF873Eh9FY,1,1,3,2,0,0,0,0,0,NA,1,5,NA,4,2,NA,NA,NA,2026-07-30T22:53:42Z,1
R_9mIJiFF873Eh9FY,1,2,1,1,1,2,3,3,56,NA,1,5,NA,4,2,NA,NA,NA,2026-07-30T22:53:42Z,1
R_9mIJiFF873Eh9FY,1,2,2,1,0,3,2,2,56,NA,1,5,NA,4,2,NA,NA,NA,2026-07-30T22:53:42Z,1
R_9mIJiFF873Eh9FY,1,2,3,1,0,0,0,0,0,NA,1,5,NA,4,2,NA,NA,NA,2026-07-30T22:53:42Z,1
R_9mIJiFF873Eh9FY,1,3,1,3,0,3,2,1,113,NA,1,5,NA,4,2,NA,NA,NA,2026-07-30T22:53:42Z,1
R_9mIJiFF873Eh9FY,1,3,2,3,0,1,1,3,22,NA,1,5,NA,4,2,NA,NA,NA,2026-07-30T22:53:42Z,1
R_9mIJiFF873Eh9FY,1,3,3,3,1,0,0,0,0,NA,1,5,NA,4,2,NA,NA,NA,2026-07-30T22:53:42Z,1
R_9mIJiFF873Eh9FY,1,4,1,2,0,2,2,2,84,NA,1,5,NA,4,2,NA,NA,NA,2026-07-30T22:53:42Z,1
R_9mIJiFF873Eh9FY,1,4,2,2,1,1,3,1,56,NA,1,5,NA,4,2,NA,NA,NA,2026-07-30T22:53:42Z,1
R_9mIJiFF873Eh9FY,1,4,3,2,0,0,0,0,0,NA,1,5,NA,4,2,NA,NA,NA,2026-07-30T22:53:42Z,1
R_9mIJiFF873Eh9FY,1,5,1,3,0,1,2,2,11,NA,1,5,NA,4,2,NA,NA,NA,2026-07-30T22:53:42Z,1
R_9mIJiFF873Eh9FY,1,5,2,3,0,2,1,1,11,NA,1,5,NA,4,2,NA,NA,NA,2026-07-30T22:53:42Z,1
R_9mIJiFF873Eh9FY,1,5,3,3,1,0,0,0,0,NA,1,5,NA,4,2,NA,NA,NA,2026-07-30T22:53:42Z,1
R_9mIJiFF873Eh9FY,1,6,1,3,0,3,2,3,22,NA,1,5,NA,4,2,NA,NA,NA,2026-07-30T22:53:42Z,1
R_9mIJiFF873Eh9FY,1,6,2,3,0,2,1,2,113,NA,1,5,NA,4,2,NA,NA,NA,2026-07-30T22:53:42Z,1
R_9mIJiFF873Eh9FY,1,6,3,3,1,0,0,0,0,NA,1,5,NA,4,2,NA,NA,NA,2026-07-30T22:53:42Z,1
R_9mIJiFF873Eh9FY,1,7,1,1,1,3,3,2,56,NA,1,5,NA,4,2,NA,NA,NA,2026-07-30T22:53:42Z,1
R_9mIJiFF873Eh9FY,1,7,2,1,0,2,2,1,84,NA,1,5,NA,4,2,NA,NA,NA,2026-07-30T22:53:42Z,1
R_9mIJiFF873Eh9FY,1,7,3,1,0,0,0,0,0,NA,1,5,NA,4,2,NA,NA,NA,2026-07-30T22:53:42Z,1
R_9mIJiFF873Eh9FY,1,8,1,2,0,1,1,2,56,NA,1,5,NA,4,2,NA,NA,NA,2026-07-30T22:53:42Z,1
R_9mIJiFF873Eh9FY,1,8,2,2,1,3,3,3,22,NA,1,5,NA,4,2,NA,NA,NA,2026-07-30T22:53:42Z,1
R_9mIJiFF873Eh9FY,1,8,3,2,0,0,0,0,0,NA,1,5,NA,4,2,NA,NA,NA,2026-07-30T22:53:42Z,1
R_9z69OnFhu1oParI,2,10,1,2,0,2,3,3,113,NA,2,6,NA,NA,3,NA,NA,NA,2026-06-23T11:57:19Z,1
R_9z69OnFhu1oParI,2,10,2,2,1,3,1,1,11,NA,2,6,NA,NA,3,NA,NA,NA,2026-06-23T11:57:19Z,1
R_9z69OnFhu1oParI,2,10,3,2,0,0,0,0,0,NA,2,6,NA,NA,3,NA,NA,NA,2026-06-23T11:57:19Z,1
R_9z69OnFhu1oParI,2,11,1,3,0,2,3,1,11,NA,2,6,NA,NA,3,NA,NA,NA,2026-06-23T11:57:19Z,1
R_9z69OnFhu1oParI,2,11,2,3,0,3,1,3,113,NA,2,6,NA,NA,3,NA,NA,NA,2026-06-23T11:57:19Z,1
R_9z69OnFhu1oParI,2,11,3,3,1,0,0,0,0,NA,2,6,NA,NA,3,NA,NA,NA,2026-06-23T11:57:19Z,1
R_9z69OnFhu1oParI,2,12,1,2,0,1,1,3,11,NA,2,6,NA,NA,3,NA,NA,NA,2026-06-23T11:57:19Z,1
R_9z69OnFhu1oParI,2,12,2,2,1,3,3,2,113,NA,2,6,NA,NA,3,NA,NA,NA,2026-06-23T11:57:19Z,1
R_9z69OnFhu1oParI,2,12,3,2,0,0,0,0,0,NA,2,6,NA,NA,3,NA,NA,NA,2026-06-23T11:57:19Z,1
R_9z69OnFhu1oParI,2,13,1,1,1,3,1,2,22,NA,2,6,NA,NA,3,NA,NA,NA,2026-06-23T11:57:19Z,1
R_9z69OnFhu1oParI,2,13,2,1,0,1,2,1,84,NA,2,6,NA,NA,3,NA,NA,NA,2026-06-23T11:57:19Z,1
R_9z69OnFhu1oParI,2,13,3,1,0,0,0,0,0,NA,2,6,NA,NA,3,NA,NA,NA,2026-06-23T11:57:19Z,1
R_9z69OnFhu1oParI,2,14,1,2,0,3,3,1,22,NA,2,6,NA,NA,3,NA,NA,NA,2026-06-23T11:57:19Z,1
R_9z69OnFhu1oParI,2,14,2,2,1,1,2,3,84,NA,2,6,NA,NA,3,NA,NA,NA,2026-06-23T11:57:19Z,1
R_9z69OnFhu1oParI,2,14,3,2,0,0,0,0,0,NA,2,6,NA,NA,3,NA,NA,NA,2026-06-23T11:57:19Z,1
R_9z69OnFhu1oParI,2,15,1,3,0,3,1,3,113,NA,2,6,NA,NA,3,NA,NA,NA,2026-06-23T11:57:19Z,1
R_9z69OnFhu1oParI,2,15,2,3,0,2,3,2,11,NA,2,6,NA,NA,3,NA,NA,NA,2026-06-23T11:57:19Z,1
R_9z69OnFhu1oParI,2,15,3,3,1,0,0,0,0,NA,2,6,NA,NA,3,NA,NA,NA,2026-06-23T11:57:19Z,1
R_9z69OnFhu1oParI,2,16,1,3,0,2,1,1,84,NA,2,6,NA,NA,3,NA,NA,NA,2026-06-23T11:57:19Z,1
R_9z69OnFhu1oParI,2,16,2,3,0,1,3,2,22,NA,2,6,NA,NA,3,NA,NA,NA,2026-06-23T11:57:19Z,1
R_9z69OnFhu1oParI,2,16,3,3,1,0,0,0,0,NA,2,6,NA,NA,3,NA,NA,NA,2026-06-23T11:57:19Z,1
R_9z69OnFhu1oParI,2,9,1,1,1,1,3,1,113,NA,2,6,NA,NA,3,NA,NA,NA,2026-06-23T11:57:19Z,1
R_9z69OnFhu1oParI,2,9,2,1,0,2,2,3,11,NA,2,6,NA,NA,3,NA,NA,NA,2026-06-23T11:57:19Z,1
R_9z69OnFhu1oParI,2,9,3,1,0,0,0,0,0,NA,2,6,NA,NA,3,NA,NA,NA,2026-06-23T11:57:19Z,1
R_9zpwevlVgqSKwBu,1,1,1,2,0,1,2,1,84,30,2,7,Masters,NA,4,NA,NA,NA,2026-07-15T15:48:58Z,1
R_9zpwevlVgqSKwBu,1,1,2,2,1,2,3,3,56,30,2,7,Masters,NA,4,NA,NA,NA,2026-07-15T15:48:58Z,1
R_9zpwevlVgqSKwBu,1,1,3,2,0,0,0,0,0,30,2,7,Masters,NA,4,NA,NA,NA,2026-07-15T15:48:58Z,1
R_9zpwevlVgqSKwBu,2,10,1,2,0,2,3,3,113,30,2,7,Masters,NA,4,NA,NA,NA,2026-07-15T15:48:58Z,1
R_9zpwevlVgqSKwBu,2,10,2,2,1,3,1,1,11,30,2,7,Masters,NA,4,NA,NA,NA,2026-07-15T15:48:58Z,1
R_9zpwevlVgqSKwBu,2,10,3,2,0,0,0,0,0,30,2,7,Masters,NA,4,NA,NA,NA,2026-07-15T15:48:58Z,1
R_9zpwevlVgqSKwBu,2,11,1,3,0,2,3,1,11,30,2,7,Masters,NA,4,NA,NA,NA,2026-07-15T15:48:58Z,1
R_9zpwevlVgqSKwBu,2,11,2,3,0,3,1,3,113,30,2,7,Masters,NA,4,NA,NA,NA,2026-07-15T15:48:58Z,1
R_9zpwevlVgqSKwBu,2,11,3,3,1,0,0,0,0,30,2,7,Masters,NA,4,NA,NA,NA,2026-07-15T15:48:58Z,1
R_9zpwevlVgqSKwBu,2,12,1,3,0,1,1,3,11,30,2,7,Masters,NA,4,NA,NA,NA,2026-07-15T15:48:58Z,1
R_9zpwevlVgqSKwBu,2,12,2,3,0,3,3,2,113,30,2,7,Masters,NA,4,NA,NA,NA,2026-07-15T15:48:58Z,1
R_9zpwevlVgqSKwBu,2,12,3,3,1,0,0,0,0,30,2,7,Masters,NA,4,NA,NA,NA,2026-07-15T15:48:58Z,1
R_9zpwevlVgqSKwBu,2,13,1,3,0,3,1,2,22,30,2,7,Masters,NA,4,NA,NA,NA,2026-07-15T15:48:58Z,1
R_9zpwevlVgqSKwBu,2,13,2,3,0,1,2,1,84,30,2,7,Masters,NA,4,NA,NA,NA,2026-07-15T15:48:58Z,1
R_9zpwevlVgqSKwBu,2,13,3,3,1,0,0,0,0,30,2,7,Masters,NA,4,NA,NA,NA,2026-07-15T15:48:58Z,1
R_9zpwevlVgqSKwBu,2,14,1,3,0,3,3,1,22,30,2,7,Masters,NA,4,NA,NA,NA,2026-07-15T15:48:58Z,1
R_9zpwevlVgqSKwBu,2,14,2,3,0,1,2,3,84,30,2,7,Masters,NA,4,NA,NA,NA,2026-07-15T15:48:58Z,1
R_9zpwevlVgqSKwBu,2,14,3,3,1,0,0,0,0,30,2,7,Masters,NA,4,NA,NA,NA,2026-07-15T15:48:58Z,1
R_9zpwevlVgqSKwBu,2,15,1,2,0,3,1,3,113,30,2,7,Masters,NA,4,NA,NA,NA,2026-07-15T15:48:58Z,1
R_9zpwevlVgqSKwBu,2,15,2,2,1,2,3,2,11,30,2,7,Masters,NA,4,NA,NA,NA,2026-07-15T15:48:58Z,1
R_9zpwevlVgqSKwBu,2,15,3,2,0,0,0,0,0,30,2,7,Masters,NA,4,NA,NA,NA,2026-07-15T15:48:58Z,1
R_9zpwevlVgqSKwBu,2,16,1,2,0,2,1,1,84,30,2,7,Masters,NA,4,NA,NA,NA,2026-07-15T15:48:58Z,1
R_9zpwevlVgqSKwBu,2,16,2,2,1,1,3,2,22,30,2,7,Masters,NA,4,NA,NA,NA,2026-07-15T15:48:58Z,1
R_9zpwevlVgqSKwBu,2,16,3,2,0,0,0,0,0,30,2,7,Masters,NA,4,NA,NA,NA,2026-07-15T15:48:58Z,1
R_9zpwevlVgqSKwBu,1,2,1,3,0,2,3,3,56,30,2,7,Masters,NA,4,NA,NA,NA,2026-07-15T15:48:58Z,1
R_9zpwevlVgqSKwBu,1,2,2,3,0,3,2,2,56,30,2,7,Masters,NA,4,NA,NA,NA,2026-07-15T15:48:58Z,1
R_9zpwevlVgqSKwBu,1,2,3,3,1,0,0,0,0,30,2,7,Masters,NA,4,NA,NA,NA,2026-07-15T15:48:58Z,1
R_9zpwevlVgqSKwBu,1,3,1,2,0,3,2,1,113,30,2,7,Masters,NA,4,NA,NA,NA,2026-07-15T15:48:58Z,1
R_9zpwevlVgqSKwBu,1,3,2,2,1,1,1,3,22,30,2,7,Masters,NA,4,NA,NA,NA,2026-07-15T15:48:58Z,1
R_9zpwevlVgqSKwBu,1,3,3,2,0,0,0,0,0,30,2,7,Masters,NA,4,NA,NA,NA,2026-07-15T15:48:58Z,1
R_9zpwevlVgqSKwBu,1,4,1,2,0,2,2,2,84,30,2,7,Masters,NA,4,NA,NA,NA,2026-07-15T15:48:58Z,1
R_9zpwevlVgqSKwBu,1,4,2,2,1,1,3,1,56,30,2,7,Masters,NA,4,NA,NA,NA,2026-07-15T15:48:58Z,1
R_9zpwevlVgqSKwBu,1,4,3,2,0,0,0,0,0,30,2,7,Masters,NA,4,NA,NA,NA,2026-07-15T15:48:58Z,1
R_9zpwevlVgqSKwBu,1,5,1,2,0,1,2,2,11,30,2,7,Masters,NA,4,NA,NA,NA,2026-07-15T15:48:58Z,1
R_9zpwevlVgqSKwBu,1,5,2,2,1,2,1,1,11,30,2,7,Masters,NA,4,NA,NA,NA,2026-07-15T15:48:58Z,1
R_9zpwevlVgqSKwBu,1,5,3,2,0,0,0,0,0,30,2,7,Masters,NA,4,NA,NA,NA,2026-07-15T15:48:58Z,1
R_9zpwevlVgqSKwBu,1,6,1,3,0,3,2,3,22,30,2,7,Masters,NA,4,NA,NA,NA,2026-07-15T15:48:58Z,1
R_9zpwevlVgqSKwBu,1,6,2,3,0,2,1,2,113,30,2,7,Masters,NA,4,NA,NA,NA,2026-07-15T15:48:58Z,1
R_9zpwevlVgqSKwBu,1,6,3,3,1,0,0,0,0,30,2,7,Masters,NA,4,NA,NA,NA,2026-07-15T15:48:58Z,1
R_9zpwevlVgqSKwBu,1,7,1,3,0,3,3,2,56,30,2,7,Masters,NA,4,NA,NA,NA,2026-07-15T15:48:58Z,1
R_9zpwevlVgqSKwBu,1,7,2,3,0,2,2,1,84,30,2,7,Masters,NA,4,NA,NA,NA,2026-07-15T15:48:58Z,1
R_9zpwevlVgqSKwBu,1,7,3,3,1,0,0,0,0,30,2,7,Masters,NA,4,NA,NA,NA,2026-07-15T15:48:58Z,1
R_9zpwevlVgqSKwBu,1,8,1,2,0,1,1,2,56,30,2,7,Masters,NA,4,NA,NA,NA,2026-07-15T15:48:58Z,1
R_9zpwevlVgqSKwBu,1,8,2,2,1,3,3,3,22,30,2,7,Masters,NA,4,NA,NA,NA,2026-07-15T15:48:58Z,1
R_9zpwevlVgqSKwBu,1,8,3,2,0,0,0,0,0,30,2,7,Masters,NA,4,NA,NA,NA,2026-07-15T15:48:58Z,1
R_9zpwevlVgqSKwBu,2,9,1,2,0,1,3,1,113,30,2,7,Masters,NA,4,NA,NA,NA,2026-07-15T15:48:58Z,1
R_9zpwevlVgqSKwBu,2,9,2,2,1,2,2,3,11,30,2,7,Masters,NA,4,NA,NA,NA,2026-07-15T15:48:58Z,1
R_9zpwevlVgqSKwBu,2,9,3,2,0,0,0,0,0,30,2,7,Masters,NA,4,NA,NA,NA,2026-07-15T15:48:58Z,1
R_a5eEWiMcPurjLbE,2,10,1,1,1,2,3,3,113,NA,2,5,NA,NA,4,Aenean magnis dignissim! Accumsan velit. Nibh morbi consequat metus nunc ullamcorper pede. Morbi? Felis. Id.,NA,NA,2026-07-15T13:31:05Z,1
R_a5eEWiMcPurjLbE,2,10,2,1,0,3,1,1,11,NA,2,5,NA,NA,4,Aenean magnis dignissim! Accumsan velit. Nibh morbi consequat metus nunc ullamcorper pede. Morbi? Felis. Id.,NA,NA,2026-07-15T13:31:05Z,1
R_a5eEWiMcPurjLbE,2,10,3,1,0,0,0,0,0,NA,2,5,NA,NA,4,Aenean magnis dignissim! Accumsan velit. Nibh morbi consequat metus nunc ullamcorper pede. Morbi? Felis. Id.,NA,NA,2026-07-15T13:31:05Z,1
R_a5eEWiMcPurjLbE,2,11,1,2,0,2,3,1,11,NA,2,5,NA,NA,4,Aenean magnis dignissim! Accumsan velit. Nibh morbi consequat metus nunc ullamcorper pede. Morbi? Felis. Id.,NA,NA,2026-07-15T13:31:05Z,1
R_a5eEWiMcPurjLbE,2,11,2,2,1,3,1,3,113,NA,2,5,NA,NA,4,Aenean magnis dignissim! Accumsan velit. Nibh morbi consequat metus nunc ullamcorper pede. Morbi? Felis. Id.,NA,NA,2026-07-15T13:31:05Z,1
R_a5eEWiMcPurjLbE,2,11,3,2,0,0,0,0,0,NA,2,5,NA,NA,4,Aenean magnis dignissim! Accumsan velit. Nibh morbi consequat metus nunc ullamcorper pede. Morbi? Felis. Id.,NA,NA,2026-07-15T13:31:05Z,1
R_a5eEWiMcPurjLbE,2,12,1,3,0,1,1,3,11,NA,2,5,NA,NA,4,Aenean magnis dignissim! Accumsan velit. Nibh morbi consequat metus nunc ullamcorper pede. Morbi? Felis. Id.,NA,NA,2026-07-15T13:31:05Z,1
R_a5eEWiMcPurjLbE,2,12,2,3,0,3,3,2,113,NA,2,5,NA,NA,4,Aenean magnis dignissim! Accumsan velit. Nibh morbi consequat metus nunc ullamcorper pede. Morbi? Felis. Id.,NA,NA,2026-07-15T13:31:05Z,1
R_a5eEWiMcPurjLbE,2,12,3,3,1,0,0,0,0,NA,2,5,NA,NA,4,Aenean magnis dignissim! Accumsan velit. Nibh morbi consequat metus nunc ullamcorper pede. Morbi? Felis. Id.,NA,NA,2026-07-15T13:31:05Z,1
R_a5eEWiMcPurjLbE,2,13,1,1,1,3,1,2,22,NA,2,5,NA,NA,4,Aenean magnis dignissim! Accumsan velit. Nibh morbi consequat metus nunc ullamcorper pede. Morbi? Felis. Id.,NA,NA,2026-07-15T13:31:05Z,1
R_a5eEWiMcPurjLbE,2,13,2,1,0,1,2,1,84,NA,2,5,NA,NA,4,Aenean magnis dignissim! Accumsan velit. Nibh morbi consequat metus nunc ullamcorper pede. Morbi? Felis. Id.,NA,NA,2026-07-15T13:31:05Z,1
R_a5eEWiMcPurjLbE,2,13,3,1,0,0,0,0,0,NA,2,5,NA,NA,4,Aenean magnis dignissim! Accumsan velit. Nibh morbi consequat metus nunc ullamcorper pede. Morbi? Felis. Id.,NA,NA,2026-07-15T13:31:05Z,1
R_a5eEWiMcPurjLbE,2,14,1,3,0,3,3,1,22,NA,2,5,NA,NA,4,Aenean magnis dignissim! Accumsan velit. Nibh morbi consequat metus nunc ullamcorper pede. Morbi? Felis. Id.,NA,NA,2026-07-15T13:31:05Z,1
R_a5eEWiMcPurjLbE,2,14,2,3,0,1,2,3,84,NA,2,5,NA,NA,4,Aenean magnis dignissim! Accumsan velit. Nibh morbi consequat metus nunc ullamcorper pede. Morbi? Felis. Id.,NA,NA,2026-07-15T13:31:05Z,1
R_a5eEWiMcPurjLbE,2,14,3,3,1,0,0,0,0,NA,2,5,NA,NA,4,Aenean magnis dignissim! Accumsan velit. Nibh morbi consequat metus nunc ullamcorper pede. Morbi? Felis. Id.,NA,NA,2026-07-15T13:31:05Z,1
R_a5eEWiMcPurjLbE,2,15,1,1,1,3,1,3,113,NA,2,5,NA,NA,4,Aenean magnis dignissim! Accumsan velit. Nibh morbi consequat metus nunc ullamcorper pede. Morbi? Felis. Id.,NA,NA,2026-07-15T13:31:05Z,1
R_a5eEWiMcPurjLbE,2,15,2,1,0,2,3,2,11,NA,2,5,NA,NA,4,Aenean magnis dignissim! Accumsan velit. Nibh morbi consequat metus nunc ullamcorper pede. Morbi? Felis. Id.,NA,NA,2026-07-15T13:31:05Z,1
R_a5eEWiMcPurjLbE,2,15,3,1,0,0,0,0,0,NA,2,5,NA,NA,4,Aenean magnis dignissim! Accumsan velit. Nibh morbi consequat metus nunc ullamcorper pede. Morbi? Felis. Id.,NA,NA,2026-07-15T13:31:05Z,1
R_a5eEWiMcPurjLbE,2,16,1,1,1,2,1,1,84,NA,2,5,NA,NA,4,Aenean magnis dignissim! Accumsan velit. Nibh morbi consequat metus nunc ullamcorper pede. Morbi? Felis. Id.,NA,NA,2026-07-15T13:31:05Z,1
R_a5eEWiMcPurjLbE,2,16,2,1,0,1,3,2,22,NA,2,5,NA,NA,4,Aenean magnis dignissim! Accumsan velit. Nibh morbi consequat metus nunc ullamcorper pede. Morbi? Felis. Id.,NA,NA,2026-07-15T13:31:05Z,1
R_a5eEWiMcPurjLbE,2,16,3,1,0,0,0,0,0,NA,2,5,NA,NA,4,Aenean magnis dignissim! Accumsan velit. Nibh morbi consequat metus nunc ullamcorper pede. Morbi? Felis. Id.,NA,NA,2026-07-15T13:31:05Z,1
R_a5eEWiMcPurjLbE,2,9,1,2,0,1,3,1,113,NA,2,5,NA,NA,4,Aenean magnis dignissim! Accumsan velit. Nibh morbi consequat metus nunc ullamcorper pede. Morbi? Felis. Id.,NA,NA,2026-07-15T13:31:05Z,1
R_a5eEWiMcPurjLbE,2,9,2,2,1,2,2,3,11,NA,2,5,NA,NA,4,Aenean magnis dignissim! Accumsan velit. Nibh morbi consequat metus nunc ullamcorper pede. Morbi? Felis. Id.,NA,NA,2026-07-15T13:31:05Z,1
R_a5eEWiMcPurjLbE,2,9,3,2,0,0,0,0,0,NA,2,5,NA,NA,4,Aenean magnis dignissim! Accumsan velit. Nibh morbi consequat metus nunc ullamcorper pede. Morbi? Felis. Id.,NA,NA,2026-07-15T13:31:05Z,1
R_b1axibfCxRuPCpo,1,1,1,2,0,1,2,1,84,NA,2,2,NA,NA,2,NA,NA,NA,2026-07-15T13:31:03Z,1
R_b1axibfCxRuPCpo,1,1,2,2,1,2,3,3,56,NA,2,2,NA,NA,2,NA,NA,NA,2026-07-15T13:31:03Z,1
R_b1axibfCxRuPCpo,1,1,3,2,0,0,0,0,0,NA,2,2,NA,NA,2,NA,NA,NA,2026-07-15T13:31:03Z,1
R_b1axibfCxRuPCpo,1,2,1,3,0,2,3,3,56,NA,2,2,NA,NA,2,NA,NA,NA,2026-07-15T13:31:03Z,1
R_b1axibfCxRuPCpo,1,2,2,3,0,3,2,2,56,NA,2,2,NA,NA,2,NA,NA,NA,2026-07-15T13:31:03Z,1
R_b1axibfCxRuPCpo,1,2,3,3,1,0,0,0,0,NA,2,2,NA,NA,2,NA,NA,NA,2026-07-15T13:31:03Z,1
R_b1axibfCxRuPCpo,1,3,1,3,0,3,2,1,113,NA,2,2,NA,NA,2,NA,NA,NA,2026-07-15T13:31:03Z,1
R_b1axibfCxRuPCpo,1,3,2,3,0,1,1,3,22,NA,2,2,NA,NA,2,NA,NA,NA,2026-07-15T13:31:03Z,1
R_b1axibfCxRuPCpo,1,3,3,3,1,0,0,0,0,NA,2,2,NA,NA,2,NA,NA,NA,2026-07-15T13:31:03Z,1
R_b1axibfCxRuPCpo,1,4,1,3,0,2,2,2,84,NA,2,2,NA,NA,2,NA,NA,NA,2026-07-15T13:31:03Z,1
R_b1axibfCxRuPCpo,1,4,2,3,0,1,3,1,56,NA,2,2,NA,NA,2,NA,NA,NA,2026-07-15T13:31:03Z,1
R_b1axibfCxRuPCpo,1,4,3,3,1,0,0,0,0,NA,2,2,NA,NA,2,NA,NA,NA,2026-07-15T13:31:03Z,1
R_b1axibfCxRuPCpo,1,5,1,2,0,1,2,2,11,NA,2,2,NA,NA,2,NA,NA,NA,2026-07-15T13:31:03Z,1
R_b1axibfCxRuPCpo,1,5,2,2,1,2,1,1,11,NA,2,2,NA,NA,2,NA,NA,NA,2026-07-15T13:31:03Z,1
R_b1axibfCxRuPCpo,1,5,3,2,0,0,0,0,0,NA,2,2,NA,NA,2,NA,NA,NA,2026-07-15T13:31:03Z,1
R_b1axibfCxRuPCpo,1,6,1,2,0,3,2,3,22,NA,2,2,NA,NA,2,NA,NA,NA,2026-07-15T13:31:03Z,1
R_b1axibfCxRuPCpo,1,6,2,2,1,2,1,2,113,NA,2,2,NA,NA,2,NA,NA,NA,2026-07-15T13:31:03Z,1
R_b1axibfCxRuPCpo,1,6,3,2,0,0,0,0,0,NA,2,2,NA,NA,2,NA,NA,NA,2026-07-15T13:31:03Z,1
R_b1axibfCxRuPCpo,1,7,1,1,1,3,3,2,56,NA,2,2,NA,NA,2,NA,NA,NA,2026-07-15T13:31:03Z,1
R_b1axibfCxRuPCpo,1,7,2,1,0,2,2,1,84,NA,2,2,NA,NA,2,NA,NA,NA,2026-07-15T13:31:03Z,1
R_b1axibfCxRuPCpo,1,7,3,1,0,0,0,0,0,NA,2,2,NA,NA,2,NA,NA,NA,2026-07-15T13:31:03Z,1
R_b1axibfCxRuPCpo,1,8,1,2,0,1,1,2,56,NA,2,2,NA,NA,2,NA,NA,NA,2026-07-15T13:31:03Z,1
R_b1axibfCxRuPCpo,1,8,2,2,1,3,3,3,22,NA,2,2,NA,NA,2,NA,NA,NA,2026-07-15T13:31:03Z,1
R_b1axibfCxRuPCpo,1,8,3,2,0,0,0,0,0,NA,2,2,NA,NA,2,NA,NA,NA,2026-07-15T13:31:03Z,1
R_b2BblG7QbaSwaQ6,2,10,1,1,1,2,3,3,113,NA,2,7,Magna orci nullam viverra ultrices morbi commodo praesent porttitor purus sagittis lectus molestie.,NA,3,NA,NA,NA,2026-06-23T11:57:13Z,1
R_b2BblG7QbaSwaQ6,2,10,2,1,0,3,1,1,11,NA,2,7,Magna orci nullam viverra ultrices morbi commodo praesent porttitor purus sagittis lectus molestie.,NA,3,NA,NA,NA,2026-06-23T11:57:13Z,1
R_b2BblG7QbaSwaQ6,2,10,3,1,0,0,0,0,0,NA,2,7,Magna orci nullam viverra ultrices morbi commodo praesent porttitor purus sagittis lectus molestie.,NA,3,NA,NA,NA,2026-06-23T11:57:13Z,1
R_b2BblG7QbaSwaQ6,2,11,1,1,1,2,3,1,11,NA,2,7,Magna orci nullam viverra ultrices morbi commodo praesent porttitor purus sagittis lectus molestie.,NA,3,NA,NA,NA,2026-06-23T11:57:13Z,1
R_b2BblG7QbaSwaQ6,2,11,2,1,0,3,1,3,113,NA,2,7,Magna orci nullam viverra ultrices morbi commodo praesent porttitor purus sagittis lectus molestie.,NA,3,NA,NA,NA,2026-06-23T11:57:13Z,1
R_b2BblG7QbaSwaQ6,2,11,3,1,0,0,0,0,0,NA,2,7,Magna orci nullam viverra ultrices morbi commodo praesent porttitor purus sagittis lectus molestie.,NA,3,NA,NA,NA,2026-06-23T11:57:13Z,1
R_b2BblG7QbaSwaQ6,2,12,1,3,0,1,1,3,11,NA,2,7,Magna orci nullam viverra ultrices morbi commodo praesent porttitor purus sagittis lectus molestie.,NA,3,NA,NA,NA,2026-06-23T11:57:13Z,1
R_b2BblG7QbaSwaQ6,2,12,2,3,0,3,3,2,113,NA,2,7,Magna orci nullam viverra ultrices morbi commodo praesent porttitor purus sagittis lectus molestie.,NA,3,NA,NA,NA,2026-06-23T11:57:13Z,1
R_b2BblG7QbaSwaQ6,2,12,3,3,1,0,0,0,0,NA,2,7,Magna orci nullam viverra ultrices morbi commodo praesent porttitor purus sagittis lectus molestie.,NA,3,NA,NA,NA,2026-06-23T11:57:13Z,1
R_b2BblG7QbaSwaQ6,2,13,1,3,0,3,1,2,22,NA,2,7,Magna orci nullam viverra ultrices morbi commodo praesent porttitor purus sagittis lectus molestie.,NA,3,NA,NA,NA,2026-06-23T11:57:13Z,1
R_b2BblG7QbaSwaQ6,2,13,2,3,0,1,2,1,84,NA,2,7,Magna orci nullam viverra ultrices morbi commodo praesent porttitor purus sagittis lectus molestie.,NA,3,NA,NA,NA,2026-06-23T11:57:13Z,1
R_b2BblG7QbaSwaQ6,2,13,3,3,1,0,0,0,0,NA,2,7,Magna orci nullam viverra ultrices morbi commodo praesent porttitor purus sagittis lectus molestie.,NA,3,NA,NA,NA,2026-06-23T11:57:13Z,1
R_b2BblG7QbaSwaQ6,2,14,1,3,0,3,3,1,22,NA,2,7,Magna orci nullam viverra ultrices morbi commodo praesent porttitor purus sagittis lectus molestie.,NA,3,NA,NA,NA,2026-06-23T11:57:13Z,1
R_b2BblG7QbaSwaQ6,2,14,2,3,0,1,2,3,84,NA,2,7,Magna orci nullam viverra ultrices morbi commodo praesent porttitor purus sagittis lectus molestie.,NA,3,NA,NA,NA,2026-06-23T11:57:13Z,1
R_b2BblG7QbaSwaQ6,2,14,3,3,1,0,0,0,0,NA,2,7,Magna orci nullam viverra ultrices morbi commodo praesent porttitor purus sagittis lectus molestie.,NA,3,NA,NA,NA,2026-06-23T11:57:13Z,1
R_b2BblG7QbaSwaQ6,2,15,1,1,1,3,1,3,113,NA,2,7,Magna orci nullam viverra ultrices morbi commodo praesent porttitor purus sagittis lectus molestie.,NA,3,NA,NA,NA,2026-06-23T11:57:13Z,1
R_b2BblG7QbaSwaQ6,2,15,2,1,0,2,3,2,11,NA,2,7,Magna orci nullam viverra ultrices morbi commodo praesent porttitor purus sagittis lectus molestie.,NA,3,NA,NA,NA,2026-06-23T11:57:13Z,1
R_b2BblG7QbaSwaQ6,2,15,3,1,0,0,0,0,0,NA,2,7,Magna orci nullam viverra ultrices morbi commodo praesent porttitor purus sagittis lectus molestie.,NA,3,NA,NA,NA,2026-06-23T11:57:13Z,1
R_b2BblG7QbaSwaQ6,2,16,1,3,0,2,1,1,84,NA,2,7,Magna orci nullam viverra ultrices morbi commodo praesent porttitor purus sagittis lectus molestie.,NA,3,NA,NA,NA,2026-06-23T11:57:13Z,1
R_b2BblG7QbaSwaQ6,2,16,2,3,0,1,3,2,22,NA,2,7,Magna orci nullam viverra ultrices morbi commodo praesent porttitor purus sagittis lectus molestie.,NA,3,NA,NA,NA,2026-06-23T11:57:13Z,1
R_b2BblG7QbaSwaQ6,2,16,3,3,1,0,0,0,0,NA,2,7,Magna orci nullam viverra ultrices morbi commodo praesent porttitor purus sagittis lectus molestie.,NA,3,NA,NA,NA,2026-06-23T11:57:13Z,1
R_b2BblG7QbaSwaQ6,2,9,1,1,1,1,3,1,113,NA,2,7,Magna orci nullam viverra ultrices morbi commodo praesent porttitor purus sagittis lectus molestie.,NA,3,NA,NA,NA,2026-06-23T11:57:13Z,1
R_b2BblG7QbaSwaQ6,2,9,2,1,0,2,2,3,11,NA,2,7,Magna orci nullam viverra ultrices morbi commodo praesent porttitor purus sagittis lectus molestie.,NA,3,NA,NA,NA,2026-06-23T11:57:13Z,1
R_b2BblG7QbaSwaQ6,2,9,3,1,0,0,0,0,0,NA,2,7,Magna orci nullam viverra ultrices morbi commodo praesent porttitor purus sagittis lectus molestie.,NA,3,NA,NA,NA,2026-06-23T11:57:13Z,1
R_b3MkjSVT6SeHkzk,1,1,1,5,0,1,2,1,84,NA,3,6,NA,NA,3,NA,NA,NA,2026-07-15T13:31:02Z,1
R_b3MkjSVT6SeHkzk,1,1,2,5,0,2,3,3,56,NA,3,6,NA,NA,3,NA,NA,NA,2026-07-15T13:31:02Z,1
R_b3MkjSVT6SeHkzk,1,1,3,5,0,0,0,0,0,NA,3,6,NA,NA,3,NA,NA,NA,2026-07-15T13:31:02Z,1
R_b3MkjSVT6SeHkzk,1,2,1,3,0,2,3,3,56,NA,3,6,NA,NA,3,NA,NA,NA,2026-07-15T13:31:02Z,1
R_b3MkjSVT6SeHkzk,1,2,2,3,0,3,2,2,56,NA,3,6,NA,NA,3,NA,NA,NA,2026-07-15T13:31:02Z,1
R_b3MkjSVT6SeHkzk,1,2,3,3,1,0,0,0,0,NA,3,6,NA,NA,3,NA,NA,NA,2026-07-15T13:31:02Z,1
R_b3MkjSVT6SeHkzk,1,3,1,3,0,3,2,1,113,NA,3,6,NA,NA,3,NA,NA,NA,2026-07-15T13:31:02Z,1
R_b3MkjSVT6SeHkzk,1,3,2,3,0,1,1,3,22,NA,3,6,NA,NA,3,NA,NA,NA,2026-07-15T13:31:02Z,1
R_b3MkjSVT6SeHkzk,1,3,3,3,1,0,0,0,0,NA,3,6,NA,NA,3,NA,NA,NA,2026-07-15T13:31:02Z,1
R_b3MkjSVT6SeHkzk,1,4,1,3,0,2,2,2,84,NA,3,6,NA,NA,3,NA,NA,NA,2026-07-15T13:31:02Z,1
R_b3MkjSVT6SeHkzk,1,4,2,3,0,1,3,1,56,NA,3,6,NA,NA,3,NA,NA,NA,2026-07-15T13:31:02Z,1
R_b3MkjSVT6SeHkzk,1,4,3,3,1,0,0,0,0,NA,3,6,NA,NA,3,NA,NA,NA,2026-07-15T13:31:02Z,1
R_b3MkjSVT6SeHkzk,1,5,1,2,0,1,2,2,11,NA,3,6,NA,NA,3,NA,NA,NA,2026-07-15T13:31:02Z,1
R_b3MkjSVT6SeHkzk,1,5,2,2,1,2,1,1,11,NA,3,6,NA,NA,3,NA,NA,NA,2026-07-15T13:31:02Z,1
R_b3MkjSVT6SeHkzk,1,5,3,2,0,0,0,0,0,NA,3,6,NA,NA,3,NA,NA,NA,2026-07-15T13:31:02Z,1
R_b3MkjSVT6SeHkzk,1,6,1,2,0,3,2,3,22,NA,3,6,NA,NA,3,NA,NA,NA,2026-07-15T13:31:02Z,1
R_b3MkjSVT6SeHkzk,1,6,2,2,1,2,1,2,113,NA,3,6,NA,NA,3,NA,NA,NA,2026-07-15T13:31:02Z,1
R_b3MkjSVT6SeHkzk,1,6,3,2,0,0,0,0,0,NA,3,6,NA,NA,3,NA,NA,NA,2026-07-15T13:31:02Z,1
R_b3MkjSVT6SeHkzk,1,7,1,3,0,3,3,2,56,NA,3,6,NA,NA,3,NA,NA,NA,2026-07-15T13:31:02Z,1
R_b3MkjSVT6SeHkzk,1,7,2,3,0,2,2,1,84,NA,3,6,NA,NA,3,NA,NA,NA,2026-07-15T13:31:02Z,1
R_b3MkjSVT6SeHkzk,1,7,3,3,1,0,0,0,0,NA,3,6,NA,NA,3,NA,NA,NA,2026-07-15T13:31:02Z,1
R_b3MkjSVT6SeHkzk,1,8,1,2,0,1,1,2,56,NA,3,6,NA,NA,3,NA,NA,NA,2026-07-15T13:31:02Z,1
R_b3MkjSVT6SeHkzk,1,8,2,2,1,3,3,3,22,NA,3,6,NA,NA,3,NA,NA,NA,2026-07-15T13:31:02Z,1
R_b3MkjSVT6SeHkzk,1,8,3,2,0,0,0,0,0,NA,3,6,NA,NA,3,NA,NA,NA,2026-07-15T13:31:02Z,1
R_b47CYGl47HzXURU,1,1,1,5,0,1,2,1,84,NA,2,7,Fringilla tempora vehicula commodo magna. Quis erat vitae! Id phasellus.,NA,1,NA,NA,NA,2026-07-30T20:30:12Z,1
R_b47CYGl47HzXURU,1,1,2,5,0,2,3,3,56,NA,2,7,Fringilla tempora vehicula commodo magna. Quis erat vitae! Id phasellus.,NA,1,NA,NA,NA,2026-07-30T20:30:12Z,1
R_b47CYGl47HzXURU,1,1,3,5,0,0,0,0,0,NA,2,7,Fringilla tempora vehicula commodo magna. Quis erat vitae! Id phasellus.,NA,1,NA,NA,NA,2026-07-30T20:30:12Z,1
R_b47CYGl47HzXURU,1,2,1,2,0,2,3,3,56,NA,2,7,Fringilla tempora vehicula commodo magna. Quis erat vitae! Id phasellus.,NA,1,NA,NA,NA,2026-07-30T20:30:12Z,1
R_b47CYGl47HzXURU,1,2,2,2,1,3,2,2,56,NA,2,7,Fringilla tempora vehicula commodo magna. Quis erat vitae! Id phasellus.,NA,1,NA,NA,NA,2026-07-30T20:30:12Z,1
R_b47CYGl47HzXURU,1,2,3,2,0,0,0,0,0,NA,2,7,Fringilla tempora vehicula commodo magna. Quis erat vitae! Id phasellus.,NA,1,NA,NA,NA,2026-07-30T20:30:12Z,1
R_b47CYGl47HzXURU,1,3,1,1,1,3,2,1,113,NA,2,7,Fringilla tempora vehicula commodo magna. Quis erat vitae! Id phasellus.,NA,1,NA,NA,NA,2026-07-30T20:30:12Z,1
R_b47CYGl47HzXURU,1,3,2,1,0,1,1,3,22,NA,2,7,Fringilla tempora vehicula commodo magna. Quis erat vitae! Id phasellus.,NA,1,NA,NA,NA,2026-07-30T20:30:12Z,1
R_b47CYGl47HzXURU,1,3,3,1,0,0,0,0,0,NA,2,7,Fringilla tempora vehicula commodo magna. Quis erat vitae! Id phasellus.,NA,1,NA,NA,NA,2026-07-30T20:30:12Z,1
R_b47CYGl47HzXURU,1,4,1,2,0,2,2,2,84,NA,2,7,Fringilla tempora vehicula commodo magna. Quis erat vitae! Id phasellus.,NA,1,NA,NA,NA,2026-07-30T20:30:12Z,1
R_b47CYGl47HzXURU,1,4,2,2,1,1,3,1,56,NA,2,7,Fringilla tempora vehicula commodo magna. Quis erat vitae! Id phasellus.,NA,1,NA,NA,NA,2026-07-30T20:30:12Z,1
R_b47CYGl47HzXURU,1,4,3,2,0,0,0,0,0,NA,2,7,Fringilla tempora vehicula commodo magna. Quis erat vitae! Id phasellus.,NA,1,NA,NA,NA,2026-07-30T20:30:12Z,1
R_b47CYGl47HzXURU,1,5,1,3,0,1,2,2,11,NA,2,7,Fringilla tempora vehicula commodo magna. Quis erat vitae! Id phasellus.,NA,1,NA,NA,NA,2026-07-30T20:30:12Z,1
R_b47CYGl47HzXURU,1,5,2,3,0,2,1,1,11,NA,2,7,Fringilla tempora vehicula commodo magna. Quis erat vitae! Id phasellus.,NA,1,NA,NA,NA,2026-07-30T20:30:12Z,1
R_b47CYGl47HzXURU,1,5,3,3,1,0,0,0,0,NA,2,7,Fringilla tempora vehicula commodo magna. Quis erat vitae! Id phasellus.,NA,1,NA,NA,NA,2026-07-30T20:30:12Z,1
R_b47CYGl47HzXURU,1,6,1,1,1,3,2,3,22,NA,2,7,Fringilla tempora vehicula commodo magna. Quis erat vitae! Id phasellus.,NA,1,NA,NA,NA,2026-07-30T20:30:12Z,1
R_b47CYGl47HzXURU,1,6,2,1,0,2,1,2,113,NA,2,7,Fringilla tempora vehicula commodo magna. Quis erat vitae! Id phasellus.,NA,1,NA,NA,NA,2026-07-30T20:30:12Z,1
R_b47CYGl47HzXURU,1,6,3,1,0,0,0,0,0,NA,2,7,Fringilla tempora vehicula commodo magna. Quis erat vitae! Id phasellus.,NA,1,NA,NA,NA,2026-07-30T20:30:12Z,1
R_b47CYGl47HzXURU,1,7,1,1,1,3,3,2,56,NA,2,7,Fringilla tempora vehicula commodo magna. Quis erat vitae! Id phasellus.,NA,1,NA,NA,NA,2026-07-30T20:30:12Z,1
R_b47CYGl47HzXURU,1,7,2,1,0,2,2,1,84,NA,2,7,Fringilla tempora vehicula commodo magna. Quis erat vitae! Id phasellus.,NA,1,NA,NA,NA,2026-07-30T20:30:12Z,1
R_b47CYGl47HzXURU,1,7,3,1,0,0,0,0,0,NA,2,7,Fringilla tempora vehicula commodo magna. Quis erat vitae! Id phasellus.,NA,1,NA,NA,NA,2026-07-30T20:30:12Z,1
R_b47CYGl47HzXURU,1,8,1,1,1,1,1,2,56,NA,2,7,Fringilla tempora vehicula commodo magna. Quis erat vitae! Id phasellus.,NA,1,NA,NA,NA,2026-07-30T20:30:12Z,1
R_b47CYGl47HzXURU,1,8,2,1,0,3,3,3,22,NA,2,7,Fringilla tempora vehicula commodo magna. Quis erat vitae! Id phasellus.,NA,1,NA,NA,NA,2026-07-30T20:30:12Z,1
R_b47CYGl47HzXURU,1,8,3,1,0,0,0,0,0,NA,2,7,Fringilla tempora vehicula commodo magna. Quis erat vitae! Id phasellus.,NA,1,NA,NA,NA,2026-07-30T20:30:12Z,1
R_bDDTi6QsVYwt578,2,10,1,1,1,2,3,3,113,NA,3,2,NA,NA,3,NA,NA,NA,2026-07-15T13:30:57Z,1
R_bDDTi6QsVYwt578,2,10,2,1,0,3,1,1,11,NA,3,2,NA,NA,3,NA,NA,NA,2026-07-15T13:30:57Z,1
R_bDDTi6QsVYwt578,2,10,3,1,0,0,0,0,0,NA,3,2,NA,NA,3,NA,NA,NA,2026-07-15T13:30:57Z,1
R_bDDTi6QsVYwt578,2,11,1,2,0,2,3,1,11,NA,3,2,NA,NA,3,NA,NA,NA,2026-07-15T13:30:57Z,1
R_bDDTi6QsVYwt578,2,11,2,2,1,3,1,3,113,NA,3,2,NA,NA,3,NA,NA,NA,2026-07-15T13:30:57Z,1
R_bDDTi6QsVYwt578,2,11,3,2,0,0,0,0,0,NA,3,2,NA,NA,3,NA,NA,NA,2026-07-15T13:30:57Z,1
R_bDDTi6QsVYwt578,2,12,1,1,1,1,1,3,11,NA,3,2,NA,NA,3,NA,NA,NA,2026-07-15T13:30:57Z,1
R_bDDTi6QsVYwt578,2,12,2,1,0,3,3,2,113,NA,3,2,NA,NA,3,NA,NA,NA,2026-07-15T13:30:57Z,1
R_bDDTi6QsVYwt578,2,12,3,1,0,0,0,0,0,NA,3,2,NA,NA,3,NA,NA,NA,2026-07-15T13:30:57Z,1
R_bDDTi6QsVYwt578,2,13,1,3,0,3,1,2,22,NA,3,2,NA,NA,3,NA,NA,NA,2026-07-15T13:30:57Z,1
R_bDDTi6QsVYwt578,2,13,2,3,0,1,2,1,84,NA,3,2,NA,NA,3,NA,NA,NA,2026-07-15T13:30:57Z,1
R_bDDTi6QsVYwt578,2,13,3,3,1,0,0,0,0,NA,3,2,NA,NA,3,NA,NA,NA,2026-07-15T13:30:57Z,1
R_bDDTi6QsVYwt578,2,14,1,1,1,3,3,1,22,NA,3,2,NA,NA,3,NA,NA,NA,2026-07-15T13:30:57Z,1
R_bDDTi6QsVYwt578,2,14,2,1,0,1,2,3,84,NA,3,2,NA,NA,3,NA,NA,NA,2026-07-15T13:30:57Z,1
R_bDDTi6QsVYwt578,2,14,3,1,0,0,0,0,0,NA,3,2,NA,NA,3,NA,NA,NA,2026-07-15T13:30:57Z,1
R_bDDTi6QsVYwt578,2,15,1,2,0,3,1,3,113,NA,3,2,NA,NA,3,NA,NA,NA,2026-07-15T13:30:57Z,1
R_bDDTi6QsVYwt578,2,15,2,2,1,2,3,2,11,NA,3,2,NA,NA,3,NA,NA,NA,2026-07-15T13:30:57Z,1
R_bDDTi6QsVYwt578,2,15,3,2,0,0,0,0,0,NA,3,2,NA,NA,3,NA,NA,NA,2026-07-15T13:30:57Z,1
R_bDDTi6QsVYwt578,2,16,1,1,1,2,1,1,84,NA,3,2,NA,NA,3,NA,NA,NA,2026-07-15T13:30:57Z,1
R_bDDTi6QsVYwt578,2,16,2,1,0,1,3,2,22,NA,3,2,NA,NA,3,NA,NA,NA,2026-07-15T13:30:57Z,1
R_bDDTi6QsVYwt578,2,16,3,1,0,0,0,0,0,NA,3,2,NA,NA,3,NA,NA,NA,2026-07-15T13:30:57Z,1
R_bDDTi6QsVYwt578,2,9,1,1,1,1,3,1,113,NA,3,2,NA,NA,3,NA,NA,NA,2026-07-15T13:30:57Z,1
R_bDDTi6QsVYwt578,2,9,2,1,0,2,2,3,11,NA,3,2,NA,NA,3,NA,NA,NA,2026-07-15T13:30:57Z,1
R_bDDTi6QsVYwt578,2,9,3,1,0,0,0,0,0,NA,3,2,NA,NA,3,NA,NA,NA,2026-07-15T13:30:57Z,1
R_bEOU2044AKPFgOy,1,1,1,6,0,1,2,1,84,NA,2,5,NA,4,1,NA,NA,NA,2026-07-30T22:53:48Z,1
R_bEOU2044AKPFgOy,1,1,2,6,0,2,3,3,56,NA,2,5,NA,4,1,NA,NA,NA,2026-07-30T22:53:48Z,1
R_bEOU2044AKPFgOy,1,1,3,6,0,0,0,0,0,NA,2,5,NA,4,1,NA,NA,NA,2026-07-30T22:53:48Z,1
R_bEOU2044AKPFgOy,1,2,1,1,1,2,3,3,56,NA,2,5,NA,4,1,NA,NA,NA,2026-07-30T22:53:48Z,1
R_bEOU2044AKPFgOy,1,2,2,1,0,3,2,2,56,NA,2,5,NA,4,1,NA,NA,NA,2026-07-30T22:53:48Z,1
R_bEOU2044AKPFgOy,1,2,3,1,0,0,0,0,0,NA,2,5,NA,4,1,NA,NA,NA,2026-07-30T22:53:48Z,1
R_bEOU2044AKPFgOy,1,3,1,2,0,3,2,1,113,NA,2,5,NA,4,1,NA,NA,NA,2026-07-30T22:53:48Z,1
R_bEOU2044AKPFgOy,1,3,2,2,1,1,1,3,22,NA,2,5,NA,4,1,NA,NA,NA,2026-07-30T22:53:48Z,1
R_bEOU2044AKPFgOy,1,3,3,2,0,0,0,0,0,NA,2,5,NA,4,1,NA,NA,NA,2026-07-30T22:53:48Z,1
R_bEOU2044AKPFgOy,1,4,1,1,1,2,2,2,84,NA,2,5,NA,4,1,NA,NA,NA,2026-07-30T22:53:48Z,1
R_bEOU2044AKPFgOy,1,4,2,1,0,1,3,1,56,NA,2,5,NA,4,1,NA,NA,NA,2026-07-30T22:53:48Z,1
R_bEOU2044AKPFgOy,1,4,3,1,0,0,0,0,0,NA,2,5,NA,4,1,NA,NA,NA,2026-07-30T22:53:48Z,1
R_bEOU2044AKPFgOy,1,5,1,1,1,1,2,2,11,NA,2,5,NA,4,1,NA,NA,NA,2026-07-30T22:53:48Z,1
R_bEOU2044AKPFgOy,1,5,2,1,0,2,1,1,11,NA,2,5,NA,4,1,NA,NA,NA,2026-07-30T22:53:48Z,1
R_bEOU2044AKPFgOy,1,5,3,1,0,0,0,0,0,NA,2,5,NA,4,1,NA,NA,NA,2026-07-30T22:53:48Z,1
R_bEOU2044AKPFgOy,1,6,1,2,0,3,2,3,22,NA,2,5,NA,4,1,NA,NA,NA,2026-07-30T22:53:48Z,1
R_bEOU2044AKPFgOy,1,6,2,2,1,2,1,2,113,NA,2,5,NA,4,1,NA,NA,NA,2026-07-30T22:53:48Z,1
R_bEOU2044AKPFgOy,1,6,3,2,0,0,0,0,0,NA,2,5,NA,4,1,NA,NA,NA,2026-07-30T22:53:48Z,1
R_bEOU2044AKPFgOy,1,7,1,1,1,3,3,2,56,NA,2,5,NA,4,1,NA,NA,NA,2026-07-30T22:53:48Z,1
R_bEOU2044AKPFgOy,1,7,2,1,0,2,2,1,84,NA,2,5,NA,4,1,NA,NA,NA,2026-07-30T22:53:48Z,1
R_bEOU2044AKPFgOy,1,7,3,1,0,0,0,0,0,NA,2,5,NA,4,1,NA,NA,NA,2026-07-30T22:53:48Z,1
R_bEOU2044AKPFgOy,1,8,1,3,0,1,1,2,56,NA,2,5,NA,4,1,NA,NA,NA,2026-07-30T22:53:48Z,1
R_bEOU2044AKPFgOy,1,8,2,3,0,3,3,3,22,NA,2,5,NA,4,1,NA,NA,NA,2026-07-30T22:53:48Z,1
R_bEOU2044AKPFgOy,1,8,3,3,1,0,0,0,0,NA,2,5,NA,4,1,NA,NA,NA,2026-07-30T22:53:48Z,1
R_bEkvP7ZfduW1Jqe,1,1,1,5,0,1,2,1,84,NA,3,5,NA,NA,2,NA,NA,NA,2026-06-23T11:57:27Z,1
R_bEkvP7ZfduW1Jqe,1,1,2,5,0,2,3,3,56,NA,3,5,NA,NA,2,NA,NA,NA,2026-06-23T11:57:27Z,1
R_bEkvP7ZfduW1Jqe,1,1,3,5,0,0,0,0,0,NA,3,5,NA,NA,2,NA,NA,NA,2026-06-23T11:57:27Z,1
R_bEkvP7ZfduW1Jqe,1,2,1,2,0,2,3,3,56,NA,3,5,NA,NA,2,NA,NA,NA,2026-06-23T11:57:27Z,1
R_bEkvP7ZfduW1Jqe,1,2,2,2,1,3,2,2,56,NA,3,5,NA,NA,2,NA,NA,NA,2026-06-23T11:57:27Z,1
R_bEkvP7ZfduW1Jqe,1,2,3,2,0,0,0,0,0,NA,3,5,NA,NA,2,NA,NA,NA,2026-06-23T11:57:27Z,1
R_bEkvP7ZfduW1Jqe,1,3,1,3,0,3,2,1,113,NA,3,5,NA,NA,2,NA,NA,NA,2026-06-23T11:57:27Z,1
R_bEkvP7ZfduW1Jqe,1,3,2,3,0,1,1,3,22,NA,3,5,NA,NA,2,NA,NA,NA,2026-06-23T11:57:27Z,1
R_bEkvP7ZfduW1Jqe,1,3,3,3,1,0,0,0,0,NA,3,5,NA,NA,2,NA,NA,NA,2026-06-23T11:57:27Z,1
R_bEkvP7ZfduW1Jqe,1,4,1,1,1,2,2,2,84,NA,3,5,NA,NA,2,NA,NA,NA,2026-06-23T11:57:27Z,1
R_bEkvP7ZfduW1Jqe,1,4,2,1,0,1,3,1,56,NA,3,5,NA,NA,2,NA,NA,NA,2026-06-23T11:57:27Z,1
R_bEkvP7ZfduW1Jqe,1,4,3,1,0,0,0,0,0,NA,3,5,NA,NA,2,NA,NA,NA,2026-06-23T11:57:27Z,1
R_bEkvP7ZfduW1Jqe,1,5,1,3,0,1,2,2,11,NA,3,5,NA,NA,2,NA,NA,NA,2026-06-23T11:57:27Z,1
R_bEkvP7ZfduW1Jqe,1,5,2,3,0,2,1,1,11,NA,3,5,NA,NA,2,NA,NA,NA,2026-06-23T11:57:27Z,1
R_bEkvP7ZfduW1Jqe,1,5,3,3,1,0,0,0,0,NA,3,5,NA,NA,2,NA,NA,NA,2026-06-23T11:57:27Z,1
R_bEkvP7ZfduW1Jqe,1,6,1,3,0,3,2,3,22,NA,3,5,NA,NA,2,NA,NA,NA,2026-06-23T11:57:27Z,1
R_bEkvP7ZfduW1Jqe,1,6,2,3,0,2,1,2,113,NA,3,5,NA,NA,2,NA,NA,NA,2026-06-23T11:57:27Z,1
R_bEkvP7ZfduW1Jqe,1,6,3,3,1,0,0,0,0,NA,3,5,NA,NA,2,NA,NA,NA,2026-06-23T11:57:27Z,1
R_bEkvP7ZfduW1Jqe,1,7,1,2,0,3,3,2,56,NA,3,5,NA,NA,2,NA,NA,NA,2026-06-23T11:57:27Z,1
R_bEkvP7ZfduW1Jqe,1,7,2,2,1,2,2,1,84,NA,3,5,NA,NA,2,NA,NA,NA,2026-06-23T11:57:27Z,1
R_bEkvP7ZfduW1Jqe,1,7,3,2,0,0,0,0,0,NA,3,5,NA,NA,2,NA,NA,NA,2026-06-23T11:57:27Z,1
R_bEkvP7ZfduW1Jqe,1,8,1,2,0,1,1,2,56,NA,3,5,NA,NA,2,NA,NA,NA,2026-06-23T11:57:27Z,1
R_bEkvP7ZfduW1Jqe,1,8,2,2,1,3,3,3,22,NA,3,5,NA,NA,2,NA,NA,NA,2026-06-23T11:57:27Z,1
R_bEkvP7ZfduW1Jqe,1,8,3,2,0,0,0,0,0,NA,3,5,NA,NA,2,NA,NA,NA,2026-06-23T11:57:27Z,1
R_bHs0USHAFbVdaPs,2,10,1,1,1,2,3,3,113,NA,1,7,Nibh faucibus vehicula. Cras! Vehicula et vulputate? Convallis molestie eleifend et. Vulputate.,4,4,"Blandit dui vel, platea! Egestas mi vivamus purus. Arcu eget? Blandit posuere. Morbi gravida, fermentum.",NA,NA,2026-07-30T22:54:07Z,1
R_bHs0USHAFbVdaPs,2,10,2,1,0,3,1,1,11,NA,1,7,Nibh faucibus vehicula. Cras! Vehicula et vulputate? Convallis molestie eleifend et. Vulputate.,4,4,"Blandit dui vel, platea! Egestas mi vivamus purus. Arcu eget? Blandit posuere. Morbi gravida, fermentum.",NA,NA,2026-07-30T22:54:07Z,1
R_bHs0USHAFbVdaPs,2,10,3,1,0,0,0,0,0,NA,1,7,Nibh faucibus vehicula. Cras! Vehicula et vulputate? Convallis molestie eleifend et. Vulputate.,4,4,"Blandit dui vel, platea! Egestas mi vivamus purus. Arcu eget? Blandit posuere. Morbi gravida, fermentum.",NA,NA,2026-07-30T22:54:07Z,1
R_bHs0USHAFbVdaPs,2,11,1,1,1,2,3,1,11,NA,1,7,Nibh faucibus vehicula. Cras! Vehicula et vulputate? Convallis molestie eleifend et. Vulputate.,4,4,"Blandit dui vel, platea! Egestas mi vivamus purus. Arcu eget? Blandit posuere. Morbi gravida, fermentum.",NA,NA,2026-07-30T22:54:07Z,1
R_bHs0USHAFbVdaPs,2,11,2,1,0,3,1,3,113,NA,1,7,Nibh faucibus vehicula. Cras! Vehicula et vulputate? Convallis molestie eleifend et. Vulputate.,4,4,"Blandit dui vel, platea! Egestas mi vivamus purus. Arcu eget? Blandit posuere. Morbi gravida, fermentum.",NA,NA,2026-07-30T22:54:07Z,1
R_bHs0USHAFbVdaPs,2,11,3,1,0,0,0,0,0,NA,1,7,Nibh faucibus vehicula. Cras! Vehicula et vulputate? Convallis molestie eleifend et. Vulputate.,4,4,"Blandit dui vel, platea! Egestas mi vivamus purus. Arcu eget? Blandit posuere. Morbi gravida, fermentum.",NA,NA,2026-07-30T22:54:07Z,1
R_bHs0USHAFbVdaPs,2,12,1,1,1,1,1,3,11,NA,1,7,Nibh faucibus vehicula. Cras! Vehicula et vulputate? Convallis molestie eleifend et. Vulputate.,4,4,"Blandit dui vel, platea! Egestas mi vivamus purus. Arcu eget? Blandit posuere. Morbi gravida, fermentum.",NA,NA,2026-07-30T22:54:07Z,1
R_bHs0USHAFbVdaPs,2,12,2,1,0,3,3,2,113,NA,1,7,Nibh faucibus vehicula. Cras! Vehicula et vulputate? Convallis molestie eleifend et. Vulputate.,4,4,"Blandit dui vel, platea! Egestas mi vivamus purus. Arcu eget? Blandit posuere. Morbi gravida, fermentum.",NA,NA,2026-07-30T22:54:07Z,1
R_bHs0USHAFbVdaPs,2,12,3,1,0,0,0,0,0,NA,1,7,Nibh faucibus vehicula. Cras! Vehicula et vulputate? Convallis molestie eleifend et. Vulputate.,4,4,"Blandit dui vel, platea! Egestas mi vivamus purus. Arcu eget? Blandit posuere. Morbi gravida, fermentum.",NA,NA,2026-07-30T22:54:07Z,1
R_bHs0USHAFbVdaPs,2,13,1,1,1,3,1,2,22,NA,1,7,Nibh faucibus vehicula. Cras! Vehicula et vulputate? Convallis molestie eleifend et. Vulputate.,4,4,"Blandit dui vel, platea! Egestas mi vivamus purus. Arcu eget? Blandit posuere. Morbi gravida, fermentum.",NA,NA,2026-07-30T22:54:07Z,1
R_bHs0USHAFbVdaPs,2,13,2,1,0,1,2,1,84,NA,1,7,Nibh faucibus vehicula. Cras! Vehicula et vulputate? Convallis molestie eleifend et. Vulputate.,4,4,"Blandit dui vel, platea! Egestas mi vivamus purus. Arcu eget? Blandit posuere. Morbi gravida, fermentum.",NA,NA,2026-07-30T22:54:07Z,1
R_bHs0USHAFbVdaPs,2,13,3,1,0,0,0,0,0,NA,1,7,Nibh faucibus vehicula. Cras! Vehicula et vulputate? Convallis molestie eleifend et. Vulputate.,4,4,"Blandit dui vel, platea! Egestas mi vivamus purus. Arcu eget? Blandit posuere. Morbi gravida, fermentum.",NA,NA,2026-07-30T22:54:07Z,1
R_bHs0USHAFbVdaPs,2,14,1,3,0,3,3,1,22,NA,1,7,Nibh faucibus vehicula. Cras! Vehicula et vulputate? Convallis molestie eleifend et. Vulputate.,4,4,"Blandit dui vel, platea! Egestas mi vivamus purus. Arcu eget? Blandit posuere. Morbi gravida, fermentum.",NA,NA,2026-07-30T22:54:07Z,1
R_bHs0USHAFbVdaPs,2,14,2,3,0,1,2,3,84,NA,1,7,Nibh faucibus vehicula. Cras! Vehicula et vulputate? Convallis molestie eleifend et. Vulputate.,4,4,"Blandit dui vel, platea! Egestas mi vivamus purus. Arcu eget? Blandit posuere. Morbi gravida, fermentum.",NA,NA,2026-07-30T22:54:07Z,1
R_bHs0USHAFbVdaPs,2,14,3,3,1,0,0,0,0,NA,1,7,Nibh faucibus vehicula. Cras! Vehicula et vulputate? Convallis molestie eleifend et. Vulputate.,4,4,"Blandit dui vel, platea! Egestas mi vivamus purus. Arcu eget? Blandit posuere. Morbi gravida, fermentum.",NA,NA,2026-07-30T22:54:07Z,1
R_bHs0USHAFbVdaPs,2,15,1,2,0,3,1,3,113,NA,1,7,Nibh faucibus vehicula. Cras! Vehicula et vulputate? Convallis molestie eleifend et. Vulputate.,4,4,"Blandit dui vel, platea! Egestas mi vivamus purus. Arcu eget? Blandit posuere. Morbi gravida, fermentum.",NA,NA,2026-07-30T22:54:07Z,1
R_bHs0USHAFbVdaPs,2,15,2,2,1,2,3,2,11,NA,1,7,Nibh faucibus vehicula. Cras! Vehicula et vulputate? Convallis molestie eleifend et. Vulputate.,4,4,"Blandit dui vel, platea! Egestas mi vivamus purus. Arcu eget? Blandit posuere. Morbi gravida, fermentum.",NA,NA,2026-07-30T22:54:07Z,1
R_bHs0USHAFbVdaPs,2,15,3,2,0,0,0,0,0,NA,1,7,Nibh faucibus vehicula. Cras! Vehicula et vulputate? Convallis molestie eleifend et. Vulputate.,4,4,"Blandit dui vel, platea! Egestas mi vivamus purus. Arcu eget? Blandit posuere. Morbi gravida, fermentum.",NA,NA,2026-07-30T22:54:07Z,1
R_bHs0USHAFbVdaPs,2,16,1,3,0,2,1,1,84,NA,1,7,Nibh faucibus vehicula. Cras! Vehicula et vulputate? Convallis molestie eleifend et. Vulputate.,4,4,"Blandit dui vel, platea! Egestas mi vivamus purus. Arcu eget? Blandit posuere. Morbi gravida, fermentum.",NA,NA,2026-07-30T22:54:07Z,1
R_bHs0USHAFbVdaPs,2,16,2,3,0,1,3,2,22,NA,1,7,Nibh faucibus vehicula. Cras! Vehicula et vulputate? Convallis molestie eleifend et. Vulputate.,4,4,"Blandit dui vel, platea! Egestas mi vivamus purus. Arcu eget? Blandit posuere. Morbi gravida, fermentum.",NA,NA,2026-07-30T22:54:07Z,1
R_bHs0USHAFbVdaPs,2,16,3,3,1,0,0,0,0,NA,1,7,Nibh faucibus vehicula. Cras! Vehicula et vulputate? Convallis molestie eleifend et. Vulputate.,4,4,"Blandit dui vel, platea! Egestas mi vivamus purus. Arcu eget? Blandit posuere. Morbi gravida, fermentum.",NA,NA,2026-07-30T22:54:07Z,1
R_bHs0USHAFbVdaPs,2,9,1,1,1,1,3,1,113,NA,1,7,Nibh faucibus vehicula. Cras! Vehicula et vulputate? Convallis molestie eleifend et. Vulputate.,4,4,"Blandit dui vel, platea! Egestas mi vivamus purus. Arcu eget? Blandit posuere. Morbi gravida, fermentum.",NA,NA,2026-07-30T22:54:07Z,1
R_bHs0USHAFbVdaPs,2,9,2,1,0,2,2,3,11,NA,1,7,Nibh faucibus vehicula. Cras! Vehicula et vulputate? Convallis molestie eleifend et. Vulputate.,4,4,"Blandit dui vel, platea! Egestas mi vivamus purus. Arcu eget? Blandit posuere. Morbi gravida, fermentum.",NA,NA,2026-07-30T22:54:07Z,1
R_bHs0USHAFbVdaPs,2,9,3,1,0,0,0,0,0,NA,1,7,Nibh faucibus vehicula. Cras! Vehicula et vulputate? Convallis molestie eleifend et. Vulputate.,4,4,"Blandit dui vel, platea! Egestas mi vivamus purus. Arcu eget? Blandit posuere. Morbi gravida, fermentum.",NA,NA,2026-07-30T22:54:07Z,1
R_bINbxz8VU3zdpdQ,1,1,1,6,0,1,2,1,84,NA,2,2,NA,NA,3,NA,NA,NA,2026-07-30T20:30:02Z,1
R_bINbxz8VU3zdpdQ,1,1,2,6,0,2,3,3,56,NA,2,2,NA,NA,3,NA,NA,NA,2026-07-30T20:30:02Z,1
R_bINbxz8VU3zdpdQ,1,1,3,6,0,0,0,0,0,NA,2,2,NA,NA,3,NA,NA,NA,2026-07-30T20:30:02Z,1
R_bINbxz8VU3zdpdQ,1,2,1,1,1,2,3,3,56,NA,2,2,NA,NA,3,NA,NA,NA,2026-07-30T20:30:02Z,1
R_bINbxz8VU3zdpdQ,1,2,2,1,0,3,2,2,56,NA,2,2,NA,NA,3,NA,NA,NA,2026-07-30T20:30:02Z,1
R_bINbxz8VU3zdpdQ,1,2,3,1,0,0,0,0,0,NA,2,2,NA,NA,3,NA,NA,NA,2026-07-30T20:30:02Z,1
R_bINbxz8VU3zdpdQ,1,3,1,3,0,3,2,1,113,NA,2,2,NA,NA,3,NA,NA,NA,2026-07-30T20:30:02Z,1
R_bINbxz8VU3zdpdQ,1,3,2,3,0,1,1,3,22,NA,2,2,NA,NA,3,NA,NA,NA,2026-07-30T20:30:02Z,1
R_bINbxz8VU3zdpdQ,1,3,3,3,1,0,0,0,0,NA,2,2,NA,NA,3,NA,NA,NA,2026-07-30T20:30:02Z,1
R_bINbxz8VU3zdpdQ,1,4,1,3,0,2,2,2,84,NA,2,2,NA,NA,3,NA,NA,NA,2026-07-30T20:30:02Z,1
R_bINbxz8VU3zdpdQ,1,4,2,3,0,1,3,1,56,NA,2,2,NA,NA,3,NA,NA,NA,2026-07-30T20:30:02Z,1
R_bINbxz8VU3zdpdQ,1,4,3,3,1,0,0,0,0,NA,2,2,NA,NA,3,NA,NA,NA,2026-07-30T20:30:02Z,1
R_bINbxz8VU3zdpdQ,1,5,1,1,1,1,2,2,11,NA,2,2,NA,NA,3,NA,NA,NA,2026-07-30T20:30:02Z,1
R_bINbxz8VU3zdpdQ,1,5,2,1,0,2,1,1,11,NA,2,2,NA,NA,3,NA,NA,NA,2026-07-30T20:30:02Z,1
R_bINbxz8VU3zdpdQ,1,5,3,1,0,0,0,0,0,NA,2,2,NA,NA,3,NA,NA,NA,2026-07-30T20:30:02Z,1
R_bINbxz8VU3zdpdQ,1,6,1,2,0,3,2,3,22,NA,2,2,NA,NA,3,NA,NA,NA,2026-07-30T20:30:02Z,1
R_bINbxz8VU3zdpdQ,1,6,2,2,1,2,1,2,113,NA,2,2,NA,NA,3,NA,NA,NA,2026-07-30T20:30:02Z,1
R_bINbxz8VU3zdpdQ,1,6,3,2,0,0,0,0,0,NA,2,2,NA,NA,3,NA,NA,NA,2026-07-30T20:30:02Z,1
R_bINbxz8VU3zdpdQ,1,7,1,2,0,3,3,2,56,NA,2,2,NA,NA,3,NA,NA,NA,2026-07-30T20:30:02Z,1
R_bINbxz8VU3zdpdQ,1,7,2,2,1,2,2,1,84,NA,2,2,NA,NA,3,NA,NA,NA,2026-07-30T20:30:02Z,1
R_bINbxz8VU3zdpdQ,1,7,3,2,0,0,0,0,0,NA,2,2,NA,NA,3,NA,NA,NA,2026-07-30T20:30:02Z,1
R_bINbxz8VU3zdpdQ,1,8,1,1,1,1,1,2,56,NA,2,2,NA,NA,3,NA,NA,NA,2026-07-30T20:30:02Z,1
R_bINbxz8VU3zdpdQ,1,8,2,1,0,3,3,3,22,NA,2,2,NA,NA,3,NA,NA,NA,2026-07-30T20:30:02Z,1
R_bINbxz8VU3zdpdQ,1,8,3,1,0,0,0,0,0,NA,2,2,NA,NA,3,NA,NA,NA,2026-07-30T20:30:02Z,1
R_bJH9xNGKwEqagtg,2,10,1,1,1,2,3,3,113,NA,3,5,NA,6,3,NA,NA,NA,2026-07-30T22:53:57Z,1
R_bJH9xNGKwEqagtg,2,10,2,1,0,3,1,1,11,NA,3,5,NA,6,3,NA,NA,NA,2026-07-30T22:53:57Z,1
R_bJH9xNGKwEqagtg,2,10,3,1,0,0,0,0,0,NA,3,5,NA,6,3,NA,NA,NA,2026-07-30T22:53:57Z,1
R_bJH9xNGKwEqagtg,2,11,1,1,1,2,3,1,11,NA,3,5,NA,6,3,NA,NA,NA,2026-07-30T22:53:57Z,1
R_bJH9xNGKwEqagtg,2,11,2,1,0,3,1,3,113,NA,3,5,NA,6,3,NA,NA,NA,2026-07-30T22:53:57Z,1
R_bJH9xNGKwEqagtg,2,11,3,1,0,0,0,0,0,NA,3,5,NA,6,3,NA,NA,NA,2026-07-30T22:53:57Z,1
R_bJH9xNGKwEqagtg,2,12,1,3,0,1,1,3,11,NA,3,5,NA,6,3,NA,NA,NA,2026-07-30T22:53:57Z,1
R_bJH9xNGKwEqagtg,2,12,2,3,0,3,3,2,113,NA,3,5,NA,6,3,NA,NA,NA,2026-07-30T22:53:57Z,1
R_bJH9xNGKwEqagtg,2,12,3,3,1,0,0,0,0,NA,3,5,NA,6,3,NA,NA,NA,2026-07-30T22:53:57Z,1
R_bJH9xNGKwEqagtg,2,13,1,1,1,3,1,2,22,NA,3,5,NA,6,3,NA,NA,NA,2026-07-30T22:53:57Z,1
R_bJH9xNGKwEqagtg,2,13,2,1,0,1,2,1,84,NA,3,5,NA,6,3,NA,NA,NA,2026-07-30T22:53:57Z,1
R_bJH9xNGKwEqagtg,2,13,3,1,0,0,0,0,0,NA,3,5,NA,6,3,NA,NA,NA,2026-07-30T22:53:57Z,1
R_bJH9xNGKwEqagtg,2,14,1,2,0,3,3,1,22,NA,3,5,NA,6,3,NA,NA,NA,2026-07-30T22:53:57Z,1
R_bJH9xNGKwEqagtg,2,14,2,2,1,1,2,3,84,NA,3,5,NA,6,3,NA,NA,NA,2026-07-30T22:53:57Z,1
R_bJH9xNGKwEqagtg,2,14,3,2,0,0,0,0,0,NA,3,5,NA,6,3,NA,NA,NA,2026-07-30T22:53:57Z,1
R_bJH9xNGKwEqagtg,2,15,1,2,0,3,1,3,113,NA,3,5,NA,6,3,NA,NA,NA,2026-07-30T22:53:57Z,1
R_bJH9xNGKwEqagtg,2,15,2,2,1,2,3,2,11,NA,3,5,NA,6,3,NA,NA,NA,2026-07-30T22:53:57Z,1
R_bJH9xNGKwEqagtg,2,15,3,2,0,0,0,0,0,NA,3,5,NA,6,3,NA,NA,NA,2026-07-30T22:53:57Z,1
R_bJH9xNGKwEqagtg,2,16,1,3,0,2,1,1,84,NA,3,5,NA,6,3,NA,NA,NA,2026-07-30T22:53:57Z,1
R_bJH9xNGKwEqagtg,2,16,2,3,0,1,3,2,22,NA,3,5,NA,6,3,NA,NA,NA,2026-07-30T22:53:57Z,1
R_bJH9xNGKwEqagtg,2,16,3,3,1,0,0,0,0,NA,3,5,NA,6,3,NA,NA,NA,2026-07-30T22:53:57Z,1
R_bJH9xNGKwEqagtg,2,9,1,3,0,1,3,1,113,NA,3,5,NA,6,3,NA,NA,NA,2026-07-30T22:53:57Z,1
R_bJH9xNGKwEqagtg,2,9,2,3,0,2,2,3,11,NA,3,5,NA,6,3,NA,NA,NA,2026-07-30T22:53:57Z,1
R_bJH9xNGKwEqagtg,2,9,3,3,1,0,0,0,0,NA,3,5,NA,6,3,NA,NA,NA,2026-07-30T22:53:57Z,1
R_bPja5WYh9Fp7Qsm,2,10,1,2,0,2,3,3,113,NA,2,2,NA,5,2,NA,NA,NA,2026-07-30T22:53:42Z,1
R_bPja5WYh9Fp7Qsm,2,10,2,2,1,3,1,1,11,NA,2,2,NA,5,2,NA,NA,NA,2026-07-30T22:53:42Z,1
R_bPja5WYh9Fp7Qsm,2,10,3,2,0,0,0,0,0,NA,2,2,NA,5,2,NA,NA,NA,2026-07-30T22:53:42Z,1
R_bPja5WYh9Fp7Qsm,2,11,1,3,0,2,3,1,11,NA,2,2,NA,5,2,NA,NA,NA,2026-07-30T22:53:42Z,1
R_bPja5WYh9Fp7Qsm,2,11,2,3,0,3,1,3,113,NA,2,2,NA,5,2,NA,NA,NA,2026-07-30T22:53:42Z,1
R_bPja5WYh9Fp7Qsm,2,11,3,3,1,0,0,0,0,NA,2,2,NA,5,2,NA,NA,NA,2026-07-30T22:53:42Z,1
R_bPja5WYh9Fp7Qsm,2,12,1,2,0,1,1,3,11,NA,2,2,NA,5,2,NA,NA,NA,2026-07-30T22:53:42Z,1
R_bPja5WYh9Fp7Qsm,2,12,2,2,1,3,3,2,113,NA,2,2,NA,5,2,NA,NA,NA,2026-07-30T22:53:42Z,1
R_bPja5WYh9Fp7Qsm,2,12,3,2,0,0,0,0,0,NA,2,2,NA,5,2,NA,NA,NA,2026-07-30T22:53:42Z,1
R_bPja5WYh9Fp7Qsm,2,13,1,2,0,3,1,2,22,NA,2,2,NA,5,2,NA,NA,NA,2026-07-30T22:53:42Z,1
R_bPja5WYh9Fp7Qsm,2,13,2,2,1,1,2,1,84,NA,2,2,NA,5,2,NA,NA,NA,2026-07-30T22:53:42Z,1
R_bPja5WYh9Fp7Qsm,2,13,3,2,0,0,0,0,0,NA,2,2,NA,5,2,NA,NA,NA,2026-07-30T22:53:42Z,1
R_bPja5WYh9Fp7Qsm,2,14,1,1,1,3,3,1,22,NA,2,2,NA,5,2,NA,NA,NA,2026-07-30T22:53:42Z,1
R_bPja5WYh9Fp7Qsm,2,14,2,1,0,1,2,3,84,NA,2,2,NA,5,2,NA,NA,NA,2026-07-30T22:53:42Z,1
R_bPja5WYh9Fp7Qsm,2,14,3,1,0,0,0,0,0,NA,2,2,NA,5,2,NA,NA,NA,2026-07-30T22:53:42Z,1
R_bPja5WYh9Fp7Qsm,2,15,1,1,1,3,1,3,113,NA,2,2,NA,5,2,NA,NA,NA,2026-07-30T22:53:42Z,1
R_bPja5WYh9Fp7Qsm,2,15,2,1,0,2,3,2,11,NA,2,2,NA,5,2,NA,NA,NA,2026-07-30T22:53:42Z,1
R_bPja5WYh9Fp7Qsm,2,15,3,1,0,0,0,0,0,NA,2,2,NA,5,2,NA,NA,NA,2026-07-30T22:53:42Z,1
R_bPja5WYh9Fp7Qsm,2,16,1,2,0,2,1,1,84,NA,2,2,NA,5,2,NA,NA,NA,2026-07-30T22:53:42Z,1
R_bPja5WYh9Fp7Qsm,2,16,2,2,1,1,3,2,22,NA,2,2,NA,5,2,NA,NA,NA,2026-07-30T22:53:42Z,1
R_bPja5WYh9Fp7Qsm,2,16,3,2,0,0,0,0,0,NA,2,2,NA,5,2,NA,NA,NA,2026-07-30T22:53:42Z,1
R_bPja5WYh9Fp7Qsm,2,9,1,3,0,1,3,1,113,NA,2,2,NA,5,2,NA,NA,NA,2026-07-30T22:53:42Z,1
R_bPja5WYh9Fp7Qsm,2,9,2,3,0,2,2,3,11,NA,2,2,NA,5,2,NA,NA,NA,2026-07-30T22:53:42Z,1
R_bPja5WYh9Fp7Qsm,2,9,3,3,1,0,0,0,0,NA,2,2,NA,5,2,NA,NA,NA,2026-07-30T22:53:42Z,1
R_bj54x5DsSI1TmoC,2,10,1,1,1,2,3,3,113,NA,3,1,NA,5,2,NA,NA,NA,2026-07-30T22:53:57Z,1
R_bj54x5DsSI1TmoC,2,10,2,1,0,3,1,1,11,NA,3,1,NA,5,2,NA,NA,NA,2026-07-30T22:53:57Z,1
R_bj54x5DsSI1TmoC,2,10,3,1,0,0,0,0,0,NA,3,1,NA,5,2,NA,NA,NA,2026-07-30T22:53:57Z,1
R_bj54x5DsSI1TmoC,2,11,1,3,0,2,3,1,11,NA,3,1,NA,5,2,NA,NA,NA,2026-07-30T22:53:57Z,1
R_bj54x5DsSI1TmoC,2,11,2,3,0,3,1,3,113,NA,3,1,NA,5,2,NA,NA,NA,2026-07-30T22:53:57Z,1
R_bj54x5DsSI1TmoC,2,11,3,3,1,0,0,0,0,NA,3,1,NA,5,2,NA,NA,NA,2026-07-30T22:53:57Z,1
R_bj54x5DsSI1TmoC,2,12,1,2,0,1,1,3,11,NA,3,1,NA,5,2,NA,NA,NA,2026-07-30T22:53:57Z,1
R_bj54x5DsSI1TmoC,2,12,2,2,1,3,3,2,113,NA,3,1,NA,5,2,NA,NA,NA,2026-07-30T22:53:57Z,1
R_bj54x5DsSI1TmoC,2,12,3,2,0,0,0,0,0,NA,3,1,NA,5,2,NA,NA,NA,2026-07-30T22:53:57Z,1
R_bj54x5DsSI1TmoC,2,13,1,1,1,3,1,2,22,NA,3,1,NA,5,2,NA,NA,NA,2026-07-30T22:53:57Z,1
R_bj54x5DsSI1TmoC,2,13,2,1,0,1,2,1,84,NA,3,1,NA,5,2,NA,NA,NA,2026-07-30T22:53:57Z,1
R_bj54x5DsSI1TmoC,2,13,3,1,0,0,0,0,0,NA,3,1,NA,5,2,NA,NA,NA,2026-07-30T22:53:57Z,1
R_bj54x5DsSI1TmoC,2,14,1,1,1,3,3,1,22,NA,3,1,NA,5,2,NA,NA,NA,2026-07-30T22:53:57Z,1
R_bj54x5DsSI1TmoC,2,14,2,1,0,1,2,3,84,NA,3,1,NA,5,2,NA,NA,NA,2026-07-30T22:53:57Z,1
R_bj54x5DsSI1TmoC,2,14,3,1,0,0,0,0,0,NA,3,1,NA,5,2,NA,NA,NA,2026-07-30T22:53:57Z,1
R_bj54x5DsSI1TmoC,2,15,1,3,0,3,1,3,113,NA,3,1,NA,5,2,NA,NA,NA,2026-07-30T22:53:57Z,1
R_bj54x5DsSI1TmoC,2,15,2,3,0,2,3,2,11,NA,3,1,NA,5,2,NA,NA,NA,2026-07-30T22:53:57Z,1
R_bj54x5DsSI1TmoC,2,15,3,3,1,0,0,0,0,NA,3,1,NA,5,2,NA,NA,NA,2026-07-30T22:53:57Z,1
R_bj54x5DsSI1TmoC,2,16,1,1,1,2,1,1,84,NA,3,1,NA,5,2,NA,NA,NA,2026-07-30T22:53:57Z,1
R_bj54x5DsSI1TmoC,2,16,2,1,0,1,3,2,22,NA,3,1,NA,5,2,NA,NA,NA,2026-07-30T22:53:57Z,1
R_bj54x5DsSI1TmoC,2,16,3,1,0,0,0,0,0,NA,3,1,NA,5,2,NA,NA,NA,2026-07-30T22:53:57Z,1
R_bj54x5DsSI1TmoC,2,9,1,2,0,1,3,1,113,NA,3,1,NA,5,2,NA,NA,NA,2026-07-30T22:53:57Z,1
R_bj54x5DsSI1TmoC,2,9,2,2,1,2,2,3,11,NA,3,1,NA,5,2,NA,NA,NA,2026-07-30T22:53:57Z,1
R_bj54x5DsSI1TmoC,2,9,3,2,0,0,0,0,0,NA,3,1,NA,5,2,NA,NA,NA,2026-07-30T22:53:57Z,1
R_bjUDNiDyOqU638q,1,1,1,2,0,1,2,1,84,NA,2,6,NA,NA,4,"Eu. Facilisi dui convallis auctor duis, luctus, duis wisi magnis felis potenti pretium.",NA,NA,2026-06-23T11:57:20Z,1
R_bjUDNiDyOqU638q,1,1,2,2,1,2,3,3,56,NA,2,6,NA,NA,4,"Eu. Facilisi dui convallis auctor duis, luctus, duis wisi magnis felis potenti pretium.",NA,NA,2026-06-23T11:57:20Z,1
R_bjUDNiDyOqU638q,1,1,3,2,0,0,0,0,0,NA,2,6,NA,NA,4,"Eu. Facilisi dui convallis auctor duis, luctus, duis wisi magnis felis potenti pretium.",NA,NA,2026-06-23T11:57:20Z,1
R_bjUDNiDyOqU638q,1,2,1,1,1,2,3,3,56,NA,2,6,NA,NA,4,"Eu. Facilisi dui convallis auctor duis, luctus, duis wisi magnis felis potenti pretium.",NA,NA,2026-06-23T11:57:20Z,1
R_bjUDNiDyOqU638q,1,2,2,1,0,3,2,2,56,NA,2,6,NA,NA,4,"Eu. Facilisi dui convallis auctor duis, luctus, duis wisi magnis felis potenti pretium.",NA,NA,2026-06-23T11:57:20Z,1
R_bjUDNiDyOqU638q,1,2,3,1,0,0,0,0,0,NA,2,6,NA,NA,4,"Eu. Facilisi dui convallis auctor duis, luctus, duis wisi magnis felis potenti pretium.",NA,NA,2026-06-23T11:57:20Z,1
R_bjUDNiDyOqU638q,1,3,1,3,0,3,2,1,113,NA,2,6,NA,NA,4,"Eu. Facilisi dui convallis auctor duis, luctus, duis wisi magnis felis potenti pretium.",NA,NA,2026-06-23T11:57:20Z,1
R_bjUDNiDyOqU638q,1,3,2,3,0,1,1,3,22,NA,2,6,NA,NA,4,"Eu. Facilisi dui convallis auctor duis, luctus, duis wisi magnis felis potenti pretium.",NA,NA,2026-06-23T11:57:20Z,1
R_bjUDNiDyOqU638q,1,3,3,3,1,0,0,0,0,NA,2,6,NA,NA,4,"Eu. Facilisi dui convallis auctor duis, luctus, duis wisi magnis felis potenti pretium.",NA,NA,2026-06-23T11:57:20Z,1
R_bjUDNiDyOqU638q,1,4,1,1,1,2,2,2,84,NA,2,6,NA,NA,4,"Eu. Facilisi dui convallis auctor duis, luctus, duis wisi magnis felis potenti pretium.",NA,NA,2026-06-23T11:57:20Z,1
R_bjUDNiDyOqU638q,1,4,2,1,0,1,3,1,56,NA,2,6,NA,NA,4,"Eu. Facilisi dui convallis auctor duis, luctus, duis wisi magnis felis potenti pretium.",NA,NA,2026-06-23T11:57:20Z,1
R_bjUDNiDyOqU638q,1,4,3,1,0,0,0,0,0,NA,2,6,NA,NA,4,"Eu. Facilisi dui convallis auctor duis, luctus, duis wisi magnis felis potenti pretium.",NA,NA,2026-06-23T11:57:20Z,1
R_bjUDNiDyOqU638q,1,5,1,1,1,1,2,2,11,NA,2,6,NA,NA,4,"Eu. Facilisi dui convallis auctor duis, luctus, duis wisi magnis felis potenti pretium.",NA,NA,2026-06-23T11:57:20Z,1
R_bjUDNiDyOqU638q,1,5,2,1,0,2,1,1,11,NA,2,6,NA,NA,4,"Eu. Facilisi dui convallis auctor duis, luctus, duis wisi magnis felis potenti pretium.",NA,NA,2026-06-23T11:57:20Z,1
R_bjUDNiDyOqU638q,1,5,3,1,0,0,0,0,0,NA,2,6,NA,NA,4,"Eu. Facilisi dui convallis auctor duis, luctus, duis wisi magnis felis potenti pretium.",NA,NA,2026-06-23T11:57:20Z,1
R_bjUDNiDyOqU638q,1,6,1,1,1,3,2,3,22,NA,2,6,NA,NA,4,"Eu. Facilisi dui convallis auctor duis, luctus, duis wisi magnis felis potenti pretium.",NA,NA,2026-06-23T11:57:20Z,1
R_bjUDNiDyOqU638q,1,6,2,1,0,2,1,2,113,NA,2,6,NA,NA,4,"Eu. Facilisi dui convallis auctor duis, luctus, duis wisi magnis felis potenti pretium.",NA,NA,2026-06-23T11:57:20Z,1
R_bjUDNiDyOqU638q,1,6,3,1,0,0,0,0,0,NA,2,6,NA,NA,4,"Eu. Facilisi dui convallis auctor duis, luctus, duis wisi magnis felis potenti pretium.",NA,NA,2026-06-23T11:57:20Z,1
R_bjUDNiDyOqU638q,1,7,1,3,0,3,3,2,56,NA,2,6,NA,NA,4,"Eu. Facilisi dui convallis auctor duis, luctus, duis wisi magnis felis potenti pretium.",NA,NA,2026-06-23T11:57:20Z,1
R_bjUDNiDyOqU638q,1,7,2,3,0,2,2,1,84,NA,2,6,NA,NA,4,"Eu. Facilisi dui convallis auctor duis, luctus, duis wisi magnis felis potenti pretium.",NA,NA,2026-06-23T11:57:20Z,1
R_bjUDNiDyOqU638q,1,7,3,3,1,0,0,0,0,NA,2,6,NA,NA,4,"Eu. Facilisi dui convallis auctor duis, luctus, duis wisi magnis felis potenti pretium.",NA,NA,2026-06-23T11:57:20Z,1
R_bjUDNiDyOqU638q,1,8,1,2,0,1,1,2,56,NA,2,6,NA,NA,4,"Eu. Facilisi dui convallis auctor duis, luctus, duis wisi magnis felis potenti pretium.",NA,NA,2026-06-23T11:57:20Z,1
R_bjUDNiDyOqU638q,1,8,2,2,1,3,3,3,22,NA,2,6,NA,NA,4,"Eu. Facilisi dui convallis auctor duis, luctus, duis wisi magnis felis potenti pretium.",NA,NA,2026-06-23T11:57:20Z,1
R_bjUDNiDyOqU638q,1,8,3,2,0,0,0,0,0,NA,2,6,NA,NA,4,"Eu. Facilisi dui convallis auctor duis, luctus, duis wisi magnis felis potenti pretium.",NA,NA,2026-06-23T11:57:20Z,1
R_bkdI00EBSnvN54i,1,1,1,2,0,1,2,1,84,NA,2,4,NA,NA,4,Pharetra ut tempor elementum rhoncus. Ligula. Dolor velit eget est.,NA,NA,2026-06-23T11:57:23Z,1
R_bkdI00EBSnvN54i,1,1,2,2,1,2,3,3,56,NA,2,4,NA,NA,4,Pharetra ut tempor elementum rhoncus. Ligula. Dolor velit eget est.,NA,NA,2026-06-23T11:57:23Z,1
R_bkdI00EBSnvN54i,1,1,3,2,0,0,0,0,0,NA,2,4,NA,NA,4,Pharetra ut tempor elementum rhoncus. Ligula. Dolor velit eget est.,NA,NA,2026-06-23T11:57:23Z,1
R_bkdI00EBSnvN54i,1,2,1,1,1,2,3,3,56,NA,2,4,NA,NA,4,Pharetra ut tempor elementum rhoncus. Ligula. Dolor velit eget est.,NA,NA,2026-06-23T11:57:23Z,1
R_bkdI00EBSnvN54i,1,2,2,1,0,3,2,2,56,NA,2,4,NA,NA,4,Pharetra ut tempor elementum rhoncus. Ligula. Dolor velit eget est.,NA,NA,2026-06-23T11:57:23Z,1
R_bkdI00EBSnvN54i,1,2,3,1,0,0,0,0,0,NA,2,4,NA,NA,4,Pharetra ut tempor elementum rhoncus. Ligula. Dolor velit eget est.,NA,NA,2026-06-23T11:57:23Z,1
R_bkdI00EBSnvN54i,1,3,1,3,0,3,2,1,113,NA,2,4,NA,NA,4,Pharetra ut tempor elementum rhoncus. Ligula. Dolor velit eget est.,NA,NA,2026-06-23T11:57:23Z,1
R_bkdI00EBSnvN54i,1,3,2,3,0,1,1,3,22,NA,2,4,NA,NA,4,Pharetra ut tempor elementum rhoncus. Ligula. Dolor velit eget est.,NA,NA,2026-06-23T11:57:23Z,1
R_bkdI00EBSnvN54i,1,3,3,3,1,0,0,0,0,NA,2,4,NA,NA,4,Pharetra ut tempor elementum rhoncus. Ligula. Dolor velit eget est.,NA,NA,2026-06-23T11:57:23Z,1
R_bkdI00EBSnvN54i,1,4,1,3,0,2,2,2,84,NA,2,4,NA,NA,4,Pharetra ut tempor elementum rhoncus. Ligula. Dolor velit eget est.,NA,NA,2026-06-23T11:57:23Z,1
R_bkdI00EBSnvN54i,1,4,2,3,0,1,3,1,56,NA,2,4,NA,NA,4,Pharetra ut tempor elementum rhoncus. Ligula. Dolor velit eget est.,NA,NA,2026-06-23T11:57:23Z,1
R_bkdI00EBSnvN54i,1,4,3,3,1,0,0,0,0,NA,2,4,NA,NA,4,Pharetra ut tempor elementum rhoncus. Ligula. Dolor velit eget est.,NA,NA,2026-06-23T11:57:23Z,1
R_bkdI00EBSnvN54i,1,5,1,2,0,1,2,2,11,NA,2,4,NA,NA,4,Pharetra ut tempor elementum rhoncus. Ligula. Dolor velit eget est.,NA,NA,2026-06-23T11:57:23Z,1
R_bkdI00EBSnvN54i,1,5,2,2,1,2,1,1,11,NA,2,4,NA,NA,4,Pharetra ut tempor elementum rhoncus. Ligula. Dolor velit eget est.,NA,NA,2026-06-23T11:57:23Z,1
R_bkdI00EBSnvN54i,1,5,3,2,0,0,0,0,0,NA,2,4,NA,NA,4,Pharetra ut tempor elementum rhoncus. Ligula. Dolor velit eget est.,NA,NA,2026-06-23T11:57:23Z,1
R_bkdI00EBSnvN54i,1,6,1,3,0,3,2,3,22,NA,2,4,NA,NA,4,Pharetra ut tempor elementum rhoncus. Ligula. Dolor velit eget est.,NA,NA,2026-06-23T11:57:23Z,1
R_bkdI00EBSnvN54i,1,6,2,3,0,2,1,2,113,NA,2,4,NA,NA,4,Pharetra ut tempor elementum rhoncus. Ligula. Dolor velit eget est.,NA,NA,2026-06-23T11:57:23Z,1
R_bkdI00EBSnvN54i,1,6,3,3,1,0,0,0,0,NA,2,4,NA,NA,4,Pharetra ut tempor elementum rhoncus. Ligula. Dolor velit eget est.,NA,NA,2026-06-23T11:57:23Z,1
R_bkdI00EBSnvN54i,1,7,1,1,1,3,3,2,56,NA,2,4,NA,NA,4,Pharetra ut tempor elementum rhoncus. Ligula. Dolor velit eget est.,NA,NA,2026-06-23T11:57:23Z,1
R_bkdI00EBSnvN54i,1,7,2,1,0,2,2,1,84,NA,2,4,NA,NA,4,Pharetra ut tempor elementum rhoncus. Ligula. Dolor velit eget est.,NA,NA,2026-06-23T11:57:23Z,1
R_bkdI00EBSnvN54i,1,7,3,1,0,0,0,0,0,NA,2,4,NA,NA,4,Pharetra ut tempor elementum rhoncus. Ligula. Dolor velit eget est.,NA,NA,2026-06-23T11:57:23Z,1
R_bkdI00EBSnvN54i,1,8,1,3,0,1,1,2,56,NA,2,4,NA,NA,4,Pharetra ut tempor elementum rhoncus. Ligula. Dolor velit eget est.,NA,NA,2026-06-23T11:57:23Z,1
R_bkdI00EBSnvN54i,1,8,2,3,0,3,3,3,22,NA,2,4,NA,NA,4,Pharetra ut tempor elementum rhoncus. Ligula. Dolor velit eget est.,NA,NA,2026-06-23T11:57:23Z,1
R_bkdI00EBSnvN54i,1,8,3,3,1,0,0,0,0,NA,2,4,NA,NA,4,Pharetra ut tempor elementum rhoncus. Ligula. Dolor velit eget est.,NA,NA,2026-06-23T11:57:23Z,1
R_bki743NZyy4szky,1,1,1,6,0,1,2,1,84,NA,2,5,NA,6,4,Rhoncus fermentum. Et fringilla odio turpis dolor! Nonummy! Fermentum porttitor cras ipsum ligula.,NA,NA,2026-07-30T22:53:59Z,1
R_bki743NZyy4szky,1,1,2,6,0,2,3,3,56,NA,2,5,NA,6,4,Rhoncus fermentum. Et fringilla odio turpis dolor! Nonummy! Fermentum porttitor cras ipsum ligula.,NA,NA,2026-07-30T22:53:59Z,1
R_bki743NZyy4szky,1,1,3,6,0,0,0,0,0,NA,2,5,NA,6,4,Rhoncus fermentum. Et fringilla odio turpis dolor! Nonummy! Fermentum porttitor cras ipsum ligula.,NA,NA,2026-07-30T22:53:59Z,1
R_bki743NZyy4szky,1,2,1,2,0,2,3,3,56,NA,2,5,NA,6,4,Rhoncus fermentum. Et fringilla odio turpis dolor! Nonummy! Fermentum porttitor cras ipsum ligula.,NA,NA,2026-07-30T22:53:59Z,1
R_bki743NZyy4szky,1,2,2,2,1,3,2,2,56,NA,2,5,NA,6,4,Rhoncus fermentum. Et fringilla odio turpis dolor! Nonummy! Fermentum porttitor cras ipsum ligula.,NA,NA,2026-07-30T22:53:59Z,1
R_bki743NZyy4szky,1,2,3,2,0,0,0,0,0,NA,2,5,NA,6,4,Rhoncus fermentum. Et fringilla odio turpis dolor! Nonummy! Fermentum porttitor cras ipsum ligula.,NA,NA,2026-07-30T22:53:59Z,1
R_bki743NZyy4szky,1,3,1,1,1,3,2,1,113,NA,2,5,NA,6,4,Rhoncus fermentum. Et fringilla odio turpis dolor! Nonummy! Fermentum porttitor cras ipsum ligula.,NA,NA,2026-07-30T22:53:59Z,1
R_bki743NZyy4szky,1,3,2,1,0,1,1,3,22,NA,2,5,NA,6,4,Rhoncus fermentum. Et fringilla odio turpis dolor! Nonummy! Fermentum porttitor cras ipsum ligula.,NA,NA,2026-07-30T22:53:59Z,1
R_bki743NZyy4szky,1,3,3,1,0,0,0,0,0,NA,2,5,NA,6,4,Rhoncus fermentum. Et fringilla odio turpis dolor! Nonummy! Fermentum porttitor cras ipsum ligula.,NA,NA,2026-07-30T22:53:59Z,1
R_bki743NZyy4szky,1,4,1,1,1,2,2,2,84,NA,2,5,NA,6,4,Rhoncus fermentum. Et fringilla odio turpis dolor! Nonummy! Fermentum porttitor cras ipsum ligula.,NA,NA,2026-07-30T22:53:59Z,1
R_bki743NZyy4szky,1,4,2,1,0,1,3,1,56,NA,2,5,NA,6,4,Rhoncus fermentum. Et fringilla odio turpis dolor! Nonummy! Fermentum porttitor cras ipsum ligula.,NA,NA,2026-07-30T22:53:59Z,1
R_bki743NZyy4szky,1,4,3,1,0,0,0,0,0,NA,2,5,NA,6,4,Rhoncus fermentum. Et fringilla odio turpis dolor! Nonummy! Fermentum porttitor cras ipsum ligula.,NA,NA,2026-07-30T22:53:59Z,1
R_bki743NZyy4szky,1,5,1,1,1,1,2,2,11,NA,2,5,NA,6,4,Rhoncus fermentum. Et fringilla odio turpis dolor! Nonummy! Fermentum porttitor cras ipsum ligula.,NA,NA,2026-07-30T22:53:59Z,1
R_bki743NZyy4szky,1,5,2,1,0,2,1,1,11,NA,2,5,NA,6,4,Rhoncus fermentum. Et fringilla odio turpis dolor! Nonummy! Fermentum porttitor cras ipsum ligula.,NA,NA,2026-07-30T22:53:59Z,1
R_bki743NZyy4szky,1,5,3,1,0,0,0,0,0,NA,2,5,NA,6,4,Rhoncus fermentum. Et fringilla odio turpis dolor! Nonummy! Fermentum porttitor cras ipsum ligula.,NA,NA,2026-07-30T22:53:59Z,1
R_bki743NZyy4szky,1,6,1,1,1,3,2,3,22,NA,2,5,NA,6,4,Rhoncus fermentum. Et fringilla odio turpis dolor! Nonummy! Fermentum porttitor cras ipsum ligula.,NA,NA,2026-07-30T22:53:59Z,1
R_bki743NZyy4szky,1,6,2,1,0,2,1,2,113,NA,2,5,NA,6,4,Rhoncus fermentum. Et fringilla odio turpis dolor! Nonummy! Fermentum porttitor cras ipsum ligula.,NA,NA,2026-07-30T22:53:59Z,1
R_bki743NZyy4szky,1,6,3,1,0,0,0,0,0,NA,2,5,NA,6,4,Rhoncus fermentum. Et fringilla odio turpis dolor! Nonummy! Fermentum porttitor cras ipsum ligula.,NA,NA,2026-07-30T22:53:59Z,1
R_bki743NZyy4szky,1,7,1,1,1,3,3,2,56,NA,2,5,NA,6,4,Rhoncus fermentum. Et fringilla odio turpis dolor! Nonummy! Fermentum porttitor cras ipsum ligula.,NA,NA,2026-07-30T22:53:59Z,1
R_bki743NZyy4szky,1,7,2,1,0,2,2,1,84,NA,2,5,NA,6,4,Rhoncus fermentum. Et fringilla odio turpis dolor! Nonummy! Fermentum porttitor cras ipsum ligula.,NA,NA,2026-07-30T22:53:59Z,1
R_bki743NZyy4szky,1,7,3,1,0,0,0,0,0,NA,2,5,NA,6,4,Rhoncus fermentum. Et fringilla odio turpis dolor! Nonummy! Fermentum porttitor cras ipsum ligula.,NA,NA,2026-07-30T22:53:59Z,1
R_bki743NZyy4szky,1,8,1,2,0,1,1,2,56,NA,2,5,NA,6,4,Rhoncus fermentum. Et fringilla odio turpis dolor! Nonummy! Fermentum porttitor cras ipsum ligula.,NA,NA,2026-07-30T22:53:59Z,1
R_bki743NZyy4szky,1,8,2,2,1,3,3,3,22,NA,2,5,NA,6,4,Rhoncus fermentum. Et fringilla odio turpis dolor! Nonummy! Fermentum porttitor cras ipsum ligula.,NA,NA,2026-07-30T22:53:59Z,1
R_bki743NZyy4szky,1,8,3,2,0,0,0,0,0,NA,2,5,NA,6,4,Rhoncus fermentum. Et fringilla odio turpis dolor! Nonummy! Fermentum porttitor cras ipsum ligula.,NA,NA,2026-07-30T22:53:59Z,1
R_bloqvMoWEZnDrro,2,10,1,1,1,2,3,3,113,NA,2,2,NA,6,4,Phasellus nibh curabitur lectus venenatis lectus proin eleifend. Scelerisque vehicula.,NA,NA,2026-07-30T22:53:48Z,1
R_bloqvMoWEZnDrro,2,10,2,1,0,3,1,1,11,NA,2,2,NA,6,4,Phasellus nibh curabitur lectus venenatis lectus proin eleifend. Scelerisque vehicula.,NA,NA,2026-07-30T22:53:48Z,1
R_bloqvMoWEZnDrro,2,10,3,1,0,0,0,0,0,NA,2,2,NA,6,4,Phasellus nibh curabitur lectus venenatis lectus proin eleifend. Scelerisque vehicula.,NA,NA,2026-07-30T22:53:48Z,1
R_bloqvMoWEZnDrro,2,11,1,3,0,2,3,1,11,NA,2,2,NA,6,4,Phasellus nibh curabitur lectus venenatis lectus proin eleifend. Scelerisque vehicula.,NA,NA,2026-07-30T22:53:48Z,1
R_bloqvMoWEZnDrro,2,11,2,3,0,3,1,3,113,NA,2,2,NA,6,4,Phasellus nibh curabitur lectus venenatis lectus proin eleifend. Scelerisque vehicula.,NA,NA,2026-07-30T22:53:48Z,1
R_bloqvMoWEZnDrro,2,11,3,3,1,0,0,0,0,NA,2,2,NA,6,4,Phasellus nibh curabitur lectus venenatis lectus proin eleifend. Scelerisque vehicula.,NA,NA,2026-07-30T22:53:48Z,1
R_bloqvMoWEZnDrro,2,12,1,3,0,1,1,3,11,NA,2,2,NA,6,4,Phasellus nibh curabitur lectus venenatis lectus proin eleifend. Scelerisque vehicula.,NA,NA,2026-07-30T22:53:48Z,1
R_bloqvMoWEZnDrro,2,12,2,3,0,3,3,2,113,NA,2,2,NA,6,4,Phasellus nibh curabitur lectus venenatis lectus proin eleifend. Scelerisque vehicula.,NA,NA,2026-07-30T22:53:48Z,1
R_bloqvMoWEZnDrro,2,12,3,3,1,0,0,0,0,NA,2,2,NA,6,4,Phasellus nibh curabitur lectus venenatis lectus proin eleifend. Scelerisque vehicula.,NA,NA,2026-07-30T22:53:48Z,1
R_bloqvMoWEZnDrro,2,13,1,2,0,3,1,2,22,NA,2,2,NA,6,4,Phasellus nibh curabitur lectus venenatis lectus proin eleifend. Scelerisque vehicula.,NA,NA,2026-07-30T22:53:48Z,1
R_bloqvMoWEZnDrro,2,13,2,2,1,1,2,1,84,NA,2,2,NA,6,4,Phasellus nibh curabitur lectus venenatis lectus proin eleifend. Scelerisque vehicula.,NA,NA,2026-07-30T22:53:48Z,1
R_bloqvMoWEZnDrro,2,13,3,2,0,0,0,0,0,NA,2,2,NA,6,4,Phasellus nibh curabitur lectus venenatis lectus proin eleifend. Scelerisque vehicula.,NA,NA,2026-07-30T22:53:48Z,1
R_bloqvMoWEZnDrro,2,14,1,3,0,3,3,1,22,NA,2,2,NA,6,4,Phasellus nibh curabitur lectus venenatis lectus proin eleifend. Scelerisque vehicula.,NA,NA,2026-07-30T22:53:48Z,1
R_bloqvMoWEZnDrro,2,14,2,3,0,1,2,3,84,NA,2,2,NA,6,4,Phasellus nibh curabitur lectus venenatis lectus proin eleifend. Scelerisque vehicula.,NA,NA,2026-07-30T22:53:48Z,1
R_bloqvMoWEZnDrro,2,14,3,3,1,0,0,0,0,NA,2,2,NA,6,4,Phasellus nibh curabitur lectus venenatis lectus proin eleifend. Scelerisque vehicula.,NA,NA,2026-07-30T22:53:48Z,1
R_bloqvMoWEZnDrro,2,15,1,1,1,3,1,3,113,NA,2,2,NA,6,4,Phasellus nibh curabitur lectus venenatis lectus proin eleifend. Scelerisque vehicula.,NA,NA,2026-07-30T22:53:48Z,1
R_bloqvMoWEZnDrro,2,15,2,1,0,2,3,2,11,NA,2,2,NA,6,4,Phasellus nibh curabitur lectus venenatis lectus proin eleifend. Scelerisque vehicula.,NA,NA,2026-07-30T22:53:48Z,1
R_bloqvMoWEZnDrro,2,15,3,1,0,0,0,0,0,NA,2,2,NA,6,4,Phasellus nibh curabitur lectus venenatis lectus proin eleifend. Scelerisque vehicula.,NA,NA,2026-07-30T22:53:48Z,1
R_bloqvMoWEZnDrro,2,16,1,3,0,2,1,1,84,NA,2,2,NA,6,4,Phasellus nibh curabitur lectus venenatis lectus proin eleifend. Scelerisque vehicula.,NA,NA,2026-07-30T22:53:48Z,1
R_bloqvMoWEZnDrro,2,16,2,3,0,1,3,2,22,NA,2,2,NA,6,4,Phasellus nibh curabitur lectus venenatis lectus proin eleifend. Scelerisque vehicula.,NA,NA,2026-07-30T22:53:48Z,1
R_bloqvMoWEZnDrro,2,16,3,3,1,0,0,0,0,NA,2,2,NA,6,4,Phasellus nibh curabitur lectus venenatis lectus proin eleifend. Scelerisque vehicula.,NA,NA,2026-07-30T22:53:48Z,1
R_bloqvMoWEZnDrro,2,9,1,3,0,1,3,1,113,NA,2,2,NA,6,4,Phasellus nibh curabitur lectus venenatis lectus proin eleifend. Scelerisque vehicula.,NA,NA,2026-07-30T22:53:48Z,1
R_bloqvMoWEZnDrro,2,9,2,3,0,2,2,3,11,NA,2,2,NA,6,4,Phasellus nibh curabitur lectus venenatis lectus proin eleifend. Scelerisque vehicula.,NA,NA,2026-07-30T22:53:48Z,1
R_bloqvMoWEZnDrro,2,9,3,3,1,0,0,0,0,NA,2,2,NA,6,4,Phasellus nibh curabitur lectus venenatis lectus proin eleifend. Scelerisque vehicula.,NA,NA,2026-07-30T22:53:48Z,1
R_bmhVAqnc6nrsAUm,2,10,1,3,0,2,3,3,113,NA,3,3,NA,4,4,"Natoque? Sodales, lorem ullamcorper egestas nulla. Lacus ridiculus. Justo pellentesque.",NA,NA,2026-07-30T22:53:56Z,1
R_bmhVAqnc6nrsAUm,2,10,2,3,0,3,1,1,11,NA,3,3,NA,4,4,"Natoque? Sodales, lorem ullamcorper egestas nulla. Lacus ridiculus. Justo pellentesque.",NA,NA,2026-07-30T22:53:56Z,1
R_bmhVAqnc6nrsAUm,2,10,3,3,1,0,0,0,0,NA,3,3,NA,4,4,"Natoque? Sodales, lorem ullamcorper egestas nulla. Lacus ridiculus. Justo pellentesque.",NA,NA,2026-07-30T22:53:56Z,1
R_bmhVAqnc6nrsAUm,2,11,1,1,1,2,3,1,11,NA,3,3,NA,4,4,"Natoque? Sodales, lorem ullamcorper egestas nulla. Lacus ridiculus. Justo pellentesque.",NA,NA,2026-07-30T22:53:56Z,1
R_bmhVAqnc6nrsAUm,2,11,2,1,0,3,1,3,113,NA,3,3,NA,4,4,"Natoque? Sodales, lorem ullamcorper egestas nulla. Lacus ridiculus. Justo pellentesque.",NA,NA,2026-07-30T22:53:56Z,1
R_bmhVAqnc6nrsAUm,2,11,3,1,0,0,0,0,0,NA,3,3,NA,4,4,"Natoque? Sodales, lorem ullamcorper egestas nulla. Lacus ridiculus. Justo pellentesque.",NA,NA,2026-07-30T22:53:56Z,1
R_bmhVAqnc6nrsAUm,2,12,1,3,0,1,1,3,11,NA,3,3,NA,4,4,"Natoque? Sodales, lorem ullamcorper egestas nulla. Lacus ridiculus. Justo pellentesque.",NA,NA,2026-07-30T22:53:56Z,1
R_bmhVAqnc6nrsAUm,2,12,2,3,0,3,3,2,113,NA,3,3,NA,4,4,"Natoque? Sodales, lorem ullamcorper egestas nulla. Lacus ridiculus. Justo pellentesque.",NA,NA,2026-07-30T22:53:56Z,1
R_bmhVAqnc6nrsAUm,2,12,3,3,1,0,0,0,0,NA,3,3,NA,4,4,"Natoque? Sodales, lorem ullamcorper egestas nulla. Lacus ridiculus. Justo pellentesque.",NA,NA,2026-07-30T22:53:56Z,1
R_bmhVAqnc6nrsAUm,2,13,1,2,0,3,1,2,22,NA,3,3,NA,4,4,"Natoque? Sodales, lorem ullamcorper egestas nulla. Lacus ridiculus. Justo pellentesque.",NA,NA,2026-07-30T22:53:56Z,1
R_bmhVAqnc6nrsAUm,2,13,2,2,1,1,2,1,84,NA,3,3,NA,4,4,"Natoque? Sodales, lorem ullamcorper egestas nulla. Lacus ridiculus. Justo pellentesque.",NA,NA,2026-07-30T22:53:56Z,1
R_bmhVAqnc6nrsAUm,2,13,3,2,0,0,0,0,0,NA,3,3,NA,4,4,"Natoque? Sodales, lorem ullamcorper egestas nulla. Lacus ridiculus. Justo pellentesque.",NA,NA,2026-07-30T22:53:56Z,1
R_bmhVAqnc6nrsAUm,2,14,1,3,0,3,3,1,22,NA,3,3,NA,4,4,"Natoque? Sodales, lorem ullamcorper egestas nulla. Lacus ridiculus. Justo pellentesque.",NA,NA,2026-07-30T22:53:56Z,1
R_bmhVAqnc6nrsAUm,2,14,2,3,0,1,2,3,84,NA,3,3,NA,4,4,"Natoque? Sodales, lorem ullamcorper egestas nulla. Lacus ridiculus. Justo pellentesque.",NA,NA,2026-07-30T22:53:56Z,1
R_bmhVAqnc6nrsAUm,2,14,3,3,1,0,0,0,0,NA,3,3,NA,4,4,"Natoque? Sodales, lorem ullamcorper egestas nulla. Lacus ridiculus. Justo pellentesque.",NA,NA,2026-07-30T22:53:56Z,1
R_bmhVAqnc6nrsAUm,2,15,1,3,0,3,1,3,113,NA,3,3,NA,4,4,"Natoque? Sodales, lorem ullamcorper egestas nulla. Lacus ridiculus. Justo pellentesque.",NA,NA,2026-07-30T22:53:56Z,1
R_bmhVAqnc6nrsAUm,2,15,2,3,0,2,3,2,11,NA,3,3,NA,4,4,"Natoque? Sodales, lorem ullamcorper egestas nulla. Lacus ridiculus. Justo pellentesque.",NA,NA,2026-07-30T22:53:56Z,1
R_bmhVAqnc6nrsAUm,2,15,3,3,1,0,0,0,0,NA,3,3,NA,4,4,"Natoque? Sodales, lorem ullamcorper egestas nulla. Lacus ridiculus. Justo pellentesque.",NA,NA,2026-07-30T22:53:56Z,1
R_bmhVAqnc6nrsAUm,2,16,1,2,0,2,1,1,84,NA,3,3,NA,4,4,"Natoque? Sodales, lorem ullamcorper egestas nulla. Lacus ridiculus. Justo pellentesque.",NA,NA,2026-07-30T22:53:56Z,1
R_bmhVAqnc6nrsAUm,2,16,2,2,1,1,3,2,22,NA,3,3,NA,4,4,"Natoque? Sodales, lorem ullamcorper egestas nulla. Lacus ridiculus. Justo pellentesque.",NA,NA,2026-07-30T22:53:56Z,1
R_bmhVAqnc6nrsAUm,2,16,3,2,0,0,0,0,0,NA,3,3,NA,4,4,"Natoque? Sodales, lorem ullamcorper egestas nulla. Lacus ridiculus. Justo pellentesque.",NA,NA,2026-07-30T22:53:56Z,1
R_bmhVAqnc6nrsAUm,2,9,1,3,0,1,3,1,113,NA,3,3,NA,4,4,"Natoque? Sodales, lorem ullamcorper egestas nulla. Lacus ridiculus. Justo pellentesque.",NA,NA,2026-07-30T22:53:56Z,1
R_bmhVAqnc6nrsAUm,2,9,2,3,0,2,2,3,11,NA,3,3,NA,4,4,"Natoque? Sodales, lorem ullamcorper egestas nulla. Lacus ridiculus. Justo pellentesque.",NA,NA,2026-07-30T22:53:56Z,1
R_bmhVAqnc6nrsAUm,2,9,3,3,1,0,0,0,0,NA,3,3,NA,4,4,"Natoque? Sodales, lorem ullamcorper egestas nulla. Lacus ridiculus. Justo pellentesque.",NA,NA,2026-07-30T22:53:56Z,1
R_br5IRbLRQ3RjSRw,2,10,1,1,1,2,3,3,113,NA,2,5,NA,5,4,Malesuada ultricies blandit? Natoque interdum maecenas massa ligula sem ipsum.,NA,NA,2026-07-30T22:53:47Z,1
R_br5IRbLRQ3RjSRw,2,10,2,1,0,3,1,1,11,NA,2,5,NA,5,4,Malesuada ultricies blandit? Natoque interdum maecenas massa ligula sem ipsum.,NA,NA,2026-07-30T22:53:47Z,1
R_br5IRbLRQ3RjSRw,2,10,3,1,0,0,0,0,0,NA,2,5,NA,5,4,Malesuada ultricies blandit? Natoque interdum maecenas massa ligula sem ipsum.,NA,NA,2026-07-30T22:53:47Z,1
R_br5IRbLRQ3RjSRw,2,11,1,1,1,2,3,1,11,NA,2,5,NA,5,4,Malesuada ultricies blandit? Natoque interdum maecenas massa ligula sem ipsum.,NA,NA,2026-07-30T22:53:47Z,1
R_br5IRbLRQ3RjSRw,2,11,2,1,0,3,1,3,113,NA,2,5,NA,5,4,Malesuada ultricies blandit? Natoque interdum maecenas massa ligula sem ipsum.,NA,NA,2026-07-30T22:53:47Z,1
R_br5IRbLRQ3RjSRw,2,11,3,1,0,0,0,0,0,NA,2,5,NA,5,4,Malesuada ultricies blandit? Natoque interdum maecenas massa ligula sem ipsum.,NA,NA,2026-07-30T22:53:47Z,1
R_br5IRbLRQ3RjSRw,2,12,1,1,1,1,1,3,11,NA,2,5,NA,5,4,Malesuada ultricies blandit? Natoque interdum maecenas massa ligula sem ipsum.,NA,NA,2026-07-30T22:53:47Z,1
R_br5IRbLRQ3RjSRw,2,12,2,1,0,3,3,2,113,NA,2,5,NA,5,4,Malesuada ultricies blandit? Natoque interdum maecenas massa ligula sem ipsum.,NA,NA,2026-07-30T22:53:47Z,1
R_br5IRbLRQ3RjSRw,2,12,3,1,0,0,0,0,0,NA,2,5,NA,5,4,Malesuada ultricies blandit? Natoque interdum maecenas massa ligula sem ipsum.,NA,NA,2026-07-30T22:53:47Z,1
R_br5IRbLRQ3RjSRw,2,13,1,3,0,3,1,2,22,NA,2,5,NA,5,4,Malesuada ultricies blandit? Natoque interdum maecenas massa ligula sem ipsum.,NA,NA,2026-07-30T22:53:47Z,1
R_br5IRbLRQ3RjSRw,2,13,2,3,0,1,2,1,84,NA,2,5,NA,5,4,Malesuada ultricies blandit? Natoque interdum maecenas massa ligula sem ipsum.,NA,NA,2026-07-30T22:53:47Z,1
R_br5IRbLRQ3RjSRw,2,13,3,3,1,0,0,0,0,NA,2,5,NA,5,4,Malesuada ultricies blandit? Natoque interdum maecenas massa ligula sem ipsum.,NA,NA,2026-07-30T22:53:47Z,1
R_br5IRbLRQ3RjSRw,2,14,1,1,1,3,3,1,22,NA,2,5,NA,5,4,Malesuada ultricies blandit? Natoque interdum maecenas massa ligula sem ipsum.,NA,NA,2026-07-30T22:53:47Z,1
R_br5IRbLRQ3RjSRw,2,14,2,1,0,1,2,3,84,NA,2,5,NA,5,4,Malesuada ultricies blandit? Natoque interdum maecenas massa ligula sem ipsum.,NA,NA,2026-07-30T22:53:47Z,1
R_br5IRbLRQ3RjSRw,2,14,3,1,0,0,0,0,0,NA,2,5,NA,5,4,Malesuada ultricies blandit? Natoque interdum maecenas massa ligula sem ipsum.,NA,NA,2026-07-30T22:53:47Z,1
R_br5IRbLRQ3RjSRw,2,15,1,3,0,3,1,3,113,NA,2,5,NA,5,4,Malesuada ultricies blandit? Natoque interdum maecenas massa ligula sem ipsum.,NA,NA,2026-07-30T22:53:47Z,1
R_br5IRbLRQ3RjSRw,2,15,2,3,0,2,3,2,11,NA,2,5,NA,5,4,Malesuada ultricies blandit? Natoque interdum maecenas massa ligula sem ipsum.,NA,NA,2026-07-30T22:53:47Z,1
R_br5IRbLRQ3RjSRw,2,15,3,3,1,0,0,0,0,NA,2,5,NA,5,4,Malesuada ultricies blandit? Natoque interdum maecenas massa ligula sem ipsum.,NA,NA,2026-07-30T22:53:47Z,1
R_br5IRbLRQ3RjSRw,2,16,1,3,0,2,1,1,84,NA,2,5,NA,5,4,Malesuada ultricies blandit? Natoque interdum maecenas massa ligula sem ipsum.,NA,NA,2026-07-30T22:53:47Z,1
R_br5IRbLRQ3RjSRw,2,16,2,3,0,1,3,2,22,NA,2,5,NA,5,4,Malesuada ultricies blandit? Natoque interdum maecenas massa ligula sem ipsum.,NA,NA,2026-07-30T22:53:47Z,1
R_br5IRbLRQ3RjSRw,2,16,3,3,1,0,0,0,0,NA,2,5,NA,5,4,Malesuada ultricies blandit? Natoque interdum maecenas massa ligula sem ipsum.,NA,NA,2026-07-30T22:53:47Z,1
R_br5IRbLRQ3RjSRw,2,9,1,1,1,1,3,1,113,NA,2,5,NA,5,4,Malesuada ultricies blandit? Natoque interdum maecenas massa ligula sem ipsum.,NA,NA,2026-07-30T22:53:47Z,1
R_br5IRbLRQ3RjSRw,2,9,2,1,0,2,2,3,11,NA,2,5,NA,5,4,Malesuada ultricies blandit? Natoque interdum maecenas massa ligula sem ipsum.,NA,NA,2026-07-30T22:53:47Z,1
R_br5IRbLRQ3RjSRw,2,9,3,1,0,0,0,0,0,NA,2,5,NA,5,4,Malesuada ultricies blandit? Natoque interdum maecenas massa ligula sem ipsum.,NA,NA,2026-07-30T22:53:47Z,1
R_brugjAwwLqa94Im,1,1,1,6,0,1,2,1,84,NA,1,2,NA,NA,1,NA,NA,NA,2026-07-30T20:30:19Z,1
R_brugjAwwLqa94Im,1,1,2,6,0,2,3,3,56,NA,1,2,NA,NA,1,NA,NA,NA,2026-07-30T20:30:19Z,1
R_brugjAwwLqa94Im,1,1,3,6,0,0,0,0,0,NA,1,2,NA,NA,1,NA,NA,NA,2026-07-30T20:30:19Z,1
R_brugjAwwLqa94Im,1,2,1,2,0,2,3,3,56,NA,1,2,NA,NA,1,NA,NA,NA,2026-07-30T20:30:19Z,1
R_brugjAwwLqa94Im,1,2,2,2,1,3,2,2,56,NA,1,2,NA,NA,1,NA,NA,NA,2026-07-30T20:30:19Z,1
R_brugjAwwLqa94Im,1,2,3,2,0,0,0,0,0,NA,1,2,NA,NA,1,NA,NA,NA,2026-07-30T20:30:19Z,1
R_brugjAwwLqa94Im,1,3,1,1,1,3,2,1,113,NA,1,2,NA,NA,1,NA,NA,NA,2026-07-30T20:30:19Z,1
R_brugjAwwLqa94Im,1,3,2,1,0,1,1,3,22,NA,1,2,NA,NA,1,NA,NA,NA,2026-07-30T20:30:19Z,1
R_brugjAwwLqa94Im,1,3,3,1,0,0,0,0,0,NA,1,2,NA,NA,1,NA,NA,NA,2026-07-30T20:30:19Z,1
R_brugjAwwLqa94Im,1,4,1,2,0,2,2,2,84,NA,1,2,NA,NA,1,NA,NA,NA,2026-07-30T20:30:19Z,1
R_brugjAwwLqa94Im,1,4,2,2,1,1,3,1,56,NA,1,2,NA,NA,1,NA,NA,NA,2026-07-30T20:30:19Z,1
R_brugjAwwLqa94Im,1,4,3,2,0,0,0,0,0,NA,1,2,NA,NA,1,NA,NA,NA,2026-07-30T20:30:19Z,1
R_brugjAwwLqa94Im,1,5,1,3,0,1,2,2,11,NA,1,2,NA,NA,1,NA,NA,NA,2026-07-30T20:30:19Z,1
R_brugjAwwLqa94Im,1,5,2,3,0,2,1,1,11,NA,1,2,NA,NA,1,NA,NA,NA,2026-07-30T20:30:19Z,1
R_brugjAwwLqa94Im,1,5,3,3,1,0,0,0,0,NA,1,2,NA,NA,1,NA,NA,NA,2026-07-30T20:30:19Z,1
R_brugjAwwLqa94Im,1,6,1,3,0,3,2,3,22,NA,1,2,NA,NA,1,NA,NA,NA,2026-07-30T20:30:19Z,1
R_brugjAwwLqa94Im,1,6,2,3,0,2,1,2,113,NA,1,2,NA,NA,1,NA,NA,NA,2026-07-30T20:30:19Z,1
R_brugjAwwLqa94Im,1,6,3,3,1,0,0,0,0,NA,1,2,NA,NA,1,NA,NA,NA,2026-07-30T20:30:19Z,1
R_brugjAwwLqa94Im,1,7,1,2,0,3,3,2,56,NA,1,2,NA,NA,1,NA,NA,NA,2026-07-30T20:30:19Z,1
R_brugjAwwLqa94Im,1,7,2,2,1,2,2,1,84,NA,1,2,NA,NA,1,NA,NA,NA,2026-07-30T20:30:19Z,1
R_brugjAwwLqa94Im,1,7,3,2,0,0,0,0,0,NA,1,2,NA,NA,1,NA,NA,NA,2026-07-30T20:30:19Z,1
R_brugjAwwLqa94Im,1,8,1,2,0,1,1,2,56,NA,1,2,NA,NA,1,NA,NA,NA,2026-07-30T20:30:19Z,1
R_brugjAwwLqa94Im,1,8,2,2,1,3,3,3,22,NA,1,2,NA,NA,1,NA,NA,NA,2026-07-30T20:30:19Z,1
R_brugjAwwLqa94Im,1,8,3,2,0,0,0,0,0,NA,1,2,NA,NA,1,NA,NA,NA,2026-07-30T20:30:19Z,1
R_cC6h6nbQuoXKyCG,2,10,1,2,0,2,3,3,113,NA,2,2,NA,NA,3,NA,NA,NA,2026-06-23T11:57:17Z,1
R_cC6h6nbQuoXKyCG,2,10,2,2,1,3,1,1,11,NA,2,2,NA,NA,3,NA,NA,NA,2026-06-23T11:57:17Z,1
R_cC6h6nbQuoXKyCG,2,10,3,2,0,0,0,0,0,NA,2,2,NA,NA,3,NA,NA,NA,2026-06-23T11:57:17Z,1
R_cC6h6nbQuoXKyCG,2,11,1,2,0,2,3,1,11,NA,2,2,NA,NA,3,NA,NA,NA,2026-06-23T11:57:17Z,1
R_cC6h6nbQuoXKyCG,2,11,2,2,1,3,1,3,113,NA,2,2,NA,NA,3,NA,NA,NA,2026-06-23T11:57:17Z,1
R_cC6h6nbQuoXKyCG,2,11,3,2,0,0,0,0,0,NA,2,2,NA,NA,3,NA,NA,NA,2026-06-23T11:57:17Z,1
R_cC6h6nbQuoXKyCG,2,12,1,1,1,1,1,3,11,NA,2,2,NA,NA,3,NA,NA,NA,2026-06-23T11:57:17Z,1
R_cC6h6nbQuoXKyCG,2,12,2,1,0,3,3,2,113,NA,2,2,NA,NA,3,NA,NA,NA,2026-06-23T11:57:17Z,1
R_cC6h6nbQuoXKyCG,2,12,3,1,0,0,0,0,0,NA,2,2,NA,NA,3,NA,NA,NA,2026-06-23T11:57:17Z,1
R_cC6h6nbQuoXKyCG,2,13,1,2,0,3,1,2,22,NA,2,2,NA,NA,3,NA,NA,NA,2026-06-23T11:57:17Z,1
R_cC6h6nbQuoXKyCG,2,13,2,2,1,1,2,1,84,NA,2,2,NA,NA,3,NA,NA,NA,2026-06-23T11:57:17Z,1
R_cC6h6nbQuoXKyCG,2,13,3,2,0,0,0,0,0,NA,2,2,NA,NA,3,NA,NA,NA,2026-06-23T11:57:17Z,1
R_cC6h6nbQuoXKyCG,2,14,1,2,0,3,3,1,22,NA,2,2,NA,NA,3,NA,NA,NA,2026-06-23T11:57:17Z,1
R_cC6h6nbQuoXKyCG,2,14,2,2,1,1,2,3,84,NA,2,2,NA,NA,3,NA,NA,NA,2026-06-23T11:57:17Z,1
R_cC6h6nbQuoXKyCG,2,14,3,2,0,0,0,0,0,NA,2,2,NA,NA,3,NA,NA,NA,2026-06-23T11:57:17Z,1
R_cC6h6nbQuoXKyCG,2,15,1,1,1,3,1,3,113,NA,2,2,NA,NA,3,NA,NA,NA,2026-06-23T11:57:17Z,1
R_cC6h6nbQuoXKyCG,2,15,2,1,0,2,3,2,11,NA,2,2,NA,NA,3,NA,NA,NA,2026-06-23T11:57:17Z,1
R_cC6h6nbQuoXKyCG,2,15,3,1,0,0,0,0,0,NA,2,2,NA,NA,3,NA,NA,NA,2026-06-23T11:57:17Z,1
R_cC6h6nbQuoXKyCG,2,16,1,3,0,2,1,1,84,NA,2,2,NA,NA,3,NA,NA,NA,2026-06-23T11:57:17Z,1
R_cC6h6nbQuoXKyCG,2,16,2,3,0,1,3,2,22,NA,2,2,NA,NA,3,NA,NA,NA,2026-06-23T11:57:17Z,1
R_cC6h6nbQuoXKyCG,2,16,3,3,1,0,0,0,0,NA,2,2,NA,NA,3,NA,NA,NA,2026-06-23T11:57:17Z,1
R_cC6h6nbQuoXKyCG,2,9,1,1,1,1,3,1,113,NA,2,2,NA,NA,3,NA,NA,NA,2026-06-23T11:57:17Z,1
R_cC6h6nbQuoXKyCG,2,9,2,1,0,2,2,3,11,NA,2,2,NA,NA,3,NA,NA,NA,2026-06-23T11:57:17Z,1
R_cC6h6nbQuoXKyCG,2,9,3,1,0,0,0,0,0,NA,2,2,NA,NA,3,NA,NA,NA,2026-06-23T11:57:17Z,1
R_cGs9EXBlLWACqhg,2,10,1,2,0,2,3,3,113,NA,2,2,NA,NA,1,NA,NA,NA,2026-07-30T20:29:57Z,1
R_cGs9EXBlLWACqhg,2,10,2,2,1,3,1,1,11,NA,2,2,NA,NA,1,NA,NA,NA,2026-07-30T20:29:57Z,1
R_cGs9EXBlLWACqhg,2,10,3,2,0,0,0,0,0,NA,2,2,NA,NA,1,NA,NA,NA,2026-07-30T20:29:57Z,1
R_cGs9EXBlLWACqhg,2,11,1,3,0,2,3,1,11,NA,2,2,NA,NA,1,NA,NA,NA,2026-07-30T20:29:57Z,1
R_cGs9EXBlLWACqhg,2,11,2,3,0,3,1,3,113,NA,2,2,NA,NA,1,NA,NA,NA,2026-07-30T20:29:57Z,1
R_cGs9EXBlLWACqhg,2,11,3,3,1,0,0,0,0,NA,2,2,NA,NA,1,NA,NA,NA,2026-07-30T20:29:57Z,1
R_cGs9EXBlLWACqhg,2,12,1,3,0,1,1,3,11,NA,2,2,NA,NA,1,NA,NA,NA,2026-07-30T20:29:57Z,1
R_cGs9EXBlLWACqhg,2,12,2,3,0,3,3,2,113,NA,2,2,NA,NA,1,NA,NA,NA,2026-07-30T20:29:57Z,1
R_cGs9EXBlLWACqhg,2,12,3,3,1,0,0,0,0,NA,2,2,NA,NA,1,NA,NA,NA,2026-07-30T20:29:57Z,1
R_cGs9EXBlLWACqhg,2,13,1,3,0,3,1,2,22,NA,2,2,NA,NA,1,NA,NA,NA,2026-07-30T20:29:57Z,1
R_cGs9EXBlLWACqhg,2,13,2,3,0,1,2,1,84,NA,2,2,NA,NA,1,NA,NA,NA,2026-07-30T20:29:57Z,1
R_cGs9EXBlLWACqhg,2,13,3,3,1,0,0,0,0,NA,2,2,NA,NA,1,NA,NA,NA,2026-07-30T20:29:57Z,1
R_cGs9EXBlLWACqhg,2,14,1,2,0,3,3,1,22,NA,2,2,NA,NA,1,NA,NA,NA,2026-07-30T20:29:57Z,1
R_cGs9EXBlLWACqhg,2,14,2,2,1,1,2,3,84,NA,2,2,NA,NA,1,NA,NA,NA,2026-07-30T20:29:57Z,1
R_cGs9EXBlLWACqhg,2,14,3,2,0,0,0,0,0,NA,2,2,NA,NA,1,NA,NA,NA,2026-07-30T20:29:57Z,1
R_cGs9EXBlLWACqhg,2,15,1,3,0,3,1,3,113,NA,2,2,NA,NA,1,NA,NA,NA,2026-07-30T20:29:57Z,1
R_cGs9EXBlLWACqhg,2,15,2,3,0,2,3,2,11,NA,2,2,NA,NA,1,NA,NA,NA,2026-07-30T20:29:57Z,1
R_cGs9EXBlLWACqhg,2,15,3,3,1,0,0,0,0,NA,2,2,NA,NA,1,NA,NA,NA,2026-07-30T20:29:57Z,1
R_cGs9EXBlLWACqhg,2,16,1,2,0,2,1,1,84,NA,2,2,NA,NA,1,NA,NA,NA,2026-07-30T20:29:57Z,1
R_cGs9EXBlLWACqhg,2,16,2,2,1,1,3,2,22,NA,2,2,NA,NA,1,NA,NA,NA,2026-07-30T20:29:57Z,1
R_cGs9EXBlLWACqhg,2,16,3,2,0,0,0,0,0,NA,2,2,NA,NA,1,NA,NA,NA,2026-07-30T20:29:57Z,1
R_cGs9EXBlLWACqhg,2,9,1,1,1,1,3,1,113,NA,2,2,NA,NA,1,NA,NA,NA,2026-07-30T20:29:57Z,1
R_cGs9EXBlLWACqhg,2,9,2,1,0,2,2,3,11,NA,2,2,NA,NA,1,NA,NA,NA,2026-07-30T20:29:57Z,1
R_cGs9EXBlLWACqhg,2,9,3,1,0,0,0,0,0,NA,2,2,NA,NA,1,NA,NA,NA,2026-07-30T20:29:57Z,1
R_cOrbpOJct52hdpI,2,10,1,3,0,2,3,3,113,NA,1,3,NA,NA,4,Faucibus tempor dignissim vehicula auctor. Ac molestie dolor! Erat praesent. Ullamcorper fermentum arcu.,NA,NA,2026-07-15T13:31:04Z,1
R_cOrbpOJct52hdpI,2,10,2,3,0,3,1,1,11,NA,1,3,NA,NA,4,Faucibus tempor dignissim vehicula auctor. Ac molestie dolor! Erat praesent. Ullamcorper fermentum arcu.,NA,NA,2026-07-15T13:31:04Z,1
R_cOrbpOJct52hdpI,2,10,3,3,1,0,0,0,0,NA,1,3,NA,NA,4,Faucibus tempor dignissim vehicula auctor. Ac molestie dolor! Erat praesent. Ullamcorper fermentum arcu.,NA,NA,2026-07-15T13:31:04Z,1
R_cOrbpOJct52hdpI,2,11,1,2,0,2,3,1,11,NA,1,3,NA,NA,4,Faucibus tempor dignissim vehicula auctor. Ac molestie dolor! Erat praesent. Ullamcorper fermentum arcu.,NA,NA,2026-07-15T13:31:04Z,1
R_cOrbpOJct52hdpI,2,11,2,2,1,3,1,3,113,NA,1,3,NA,NA,4,Faucibus tempor dignissim vehicula auctor. Ac molestie dolor! Erat praesent. Ullamcorper fermentum arcu.,NA,NA,2026-07-15T13:31:04Z,1
R_cOrbpOJct52hdpI,2,11,3,2,0,0,0,0,0,NA,1,3,NA,NA,4,Faucibus tempor dignissim vehicula auctor. Ac molestie dolor! Erat praesent. Ullamcorper fermentum arcu.,NA,NA,2026-07-15T13:31:04Z,1
R_cOrbpOJct52hdpI,2,12,1,3,0,1,1,3,11,NA,1,3,NA,NA,4,Faucibus tempor dignissim vehicula auctor. Ac molestie dolor! Erat praesent. Ullamcorper fermentum arcu.,NA,NA,2026-07-15T13:31:04Z,1
R_cOrbpOJct52hdpI,2,12,2,3,0,3,3,2,113,NA,1,3,NA,NA,4,Faucibus tempor dignissim vehicula auctor. Ac molestie dolor! Erat praesent. Ullamcorper fermentum arcu.,NA,NA,2026-07-15T13:31:04Z,1
R_cOrbpOJct52hdpI,2,12,3,3,1,0,0,0,0,NA,1,3,NA,NA,4,Faucibus tempor dignissim vehicula auctor. Ac molestie dolor! Erat praesent. Ullamcorper fermentum arcu.,NA,NA,2026-07-15T13:31:04Z,1
R_cOrbpOJct52hdpI,2,13,1,3,0,3,1,2,22,NA,1,3,NA,NA,4,Faucibus tempor dignissim vehicula auctor. Ac molestie dolor! Erat praesent. Ullamcorper fermentum arcu.,NA,NA,2026-07-15T13:31:04Z,1
R_cOrbpOJct52hdpI,2,13,2,3,0,1,2,1,84,NA,1,3,NA,NA,4,Faucibus tempor dignissim vehicula auctor. Ac molestie dolor! Erat praesent. Ullamcorper fermentum arcu.,NA,NA,2026-07-15T13:31:04Z,1
R_cOrbpOJct52hdpI,2,13,3,3,1,0,0,0,0,NA,1,3,NA,NA,4,Faucibus tempor dignissim vehicula auctor. Ac molestie dolor! Erat praesent. Ullamcorper fermentum arcu.,NA,NA,2026-07-15T13:31:04Z,1
R_cOrbpOJct52hdpI,2,14,1,1,1,3,3,1,22,NA,1,3,NA,NA,4,Faucibus tempor dignissim vehicula auctor. Ac molestie dolor! Erat praesent. Ullamcorper fermentum arcu.,NA,NA,2026-07-15T13:31:04Z,1
R_cOrbpOJct52hdpI,2,14,2,1,0,1,2,3,84,NA,1,3,NA,NA,4,Faucibus tempor dignissim vehicula auctor. Ac molestie dolor! Erat praesent. Ullamcorper fermentum arcu.,NA,NA,2026-07-15T13:31:04Z,1
R_cOrbpOJct52hdpI,2,14,3,1,0,0,0,0,0,NA,1,3,NA,NA,4,Faucibus tempor dignissim vehicula auctor. Ac molestie dolor! Erat praesent. Ullamcorper fermentum arcu.,NA,NA,2026-07-15T13:31:04Z,1
R_cOrbpOJct52hdpI,2,15,1,1,1,3,1,3,113,NA,1,3,NA,NA,4,Faucibus tempor dignissim vehicula auctor. Ac molestie dolor! Erat praesent. Ullamcorper fermentum arcu.,NA,NA,2026-07-15T13:31:04Z,1
R_cOrbpOJct52hdpI,2,15,2,1,0,2,3,2,11,NA,1,3,NA,NA,4,Faucibus tempor dignissim vehicula auctor. Ac molestie dolor! Erat praesent. Ullamcorper fermentum arcu.,NA,NA,2026-07-15T13:31:04Z,1
R_cOrbpOJct52hdpI,2,15,3,1,0,0,0,0,0,NA,1,3,NA,NA,4,Faucibus tempor dignissim vehicula auctor. Ac molestie dolor! Erat praesent. Ullamcorper fermentum arcu.,NA,NA,2026-07-15T13:31:04Z,1
R_cOrbpOJct52hdpI,2,16,1,1,1,2,1,1,84,NA,1,3,NA,NA,4,Faucibus tempor dignissim vehicula auctor. Ac molestie dolor! Erat praesent. Ullamcorper fermentum arcu.,NA,NA,2026-07-15T13:31:04Z,1
R_cOrbpOJct52hdpI,2,16,2,1,0,1,3,2,22,NA,1,3,NA,NA,4,Faucibus tempor dignissim vehicula auctor. Ac molestie dolor! Erat praesent. Ullamcorper fermentum arcu.,NA,NA,2026-07-15T13:31:04Z,1
R_cOrbpOJct52hdpI,2,16,3,1,0,0,0,0,0,NA,1,3,NA,NA,4,Faucibus tempor dignissim vehicula auctor. Ac molestie dolor! Erat praesent. Ullamcorper fermentum arcu.,NA,NA,2026-07-15T13:31:04Z,1
R_cOrbpOJct52hdpI,2,9,1,3,0,1,3,1,113,NA,1,3,NA,NA,4,Faucibus tempor dignissim vehicula auctor. Ac molestie dolor! Erat praesent. Ullamcorper fermentum arcu.,NA,NA,2026-07-15T13:31:04Z,1
R_cOrbpOJct52hdpI,2,9,2,3,0,2,2,3,11,NA,1,3,NA,NA,4,Faucibus tempor dignissim vehicula auctor. Ac molestie dolor! Erat praesent. Ullamcorper fermentum arcu.,NA,NA,2026-07-15T13:31:04Z,1
R_cOrbpOJct52hdpI,2,9,3,3,1,0,0,0,0,NA,1,3,NA,NA,4,Faucibus tempor dignissim vehicula auctor. Ac molestie dolor! Erat praesent. Ullamcorper fermentum arcu.,NA,NA,2026-07-15T13:31:04Z,1
R_cRX1bAH9hsaSsVU,1,1,1,6,0,1,2,1,84,NA,2,5,NA,6,4,"Blandit, ultrices sodales sodales quis, non ligula. Ultricies mattis euismod culpa nunc.",NA,NA,2026-07-30T22:54:09Z,1
R_cRX1bAH9hsaSsVU,1,1,2,6,0,2,3,3,56,NA,2,5,NA,6,4,"Blandit, ultrices sodales sodales quis, non ligula. Ultricies mattis euismod culpa nunc.",NA,NA,2026-07-30T22:54:09Z,1
R_cRX1bAH9hsaSsVU,1,1,3,6,0,0,0,0,0,NA,2,5,NA,6,4,"Blandit, ultrices sodales sodales quis, non ligula. Ultricies mattis euismod culpa nunc.",NA,NA,2026-07-30T22:54:09Z,1
R_cRX1bAH9hsaSsVU,1,2,1,3,0,2,3,3,56,NA,2,5,NA,6,4,"Blandit, ultrices sodales sodales quis, non ligula. Ultricies mattis euismod culpa nunc.",NA,NA,2026-07-30T22:54:09Z,1
R_cRX1bAH9hsaSsVU,1,2,2,3,0,3,2,2,56,NA,2,5,NA,6,4,"Blandit, ultrices sodales sodales quis, non ligula. Ultricies mattis euismod culpa nunc.",NA,NA,2026-07-30T22:54:09Z,1
R_cRX1bAH9hsaSsVU,1,2,3,3,1,0,0,0,0,NA,2,5,NA,6,4,"Blandit, ultrices sodales sodales quis, non ligula. Ultricies mattis euismod culpa nunc.",NA,NA,2026-07-30T22:54:09Z,1
R_cRX1bAH9hsaSsVU,1,3,1,3,0,3,2,1,113,NA,2,5,NA,6,4,"Blandit, ultrices sodales sodales quis, non ligula. Ultricies mattis euismod culpa nunc.",NA,NA,2026-07-30T22:54:09Z,1
R_cRX1bAH9hsaSsVU,1,3,2,3,0,1,1,3,22,NA,2,5,NA,6,4,"Blandit, ultrices sodales sodales quis, non ligula. Ultricies mattis euismod culpa nunc.",NA,NA,2026-07-30T22:54:09Z,1
R_cRX1bAH9hsaSsVU,1,3,3,3,1,0,0,0,0,NA,2,5,NA,6,4,"Blandit, ultrices sodales sodales quis, non ligula. Ultricies mattis euismod culpa nunc.",NA,NA,2026-07-30T22:54:09Z,1
R_cRX1bAH9hsaSsVU,1,4,1,1,1,2,2,2,84,NA,2,5,NA,6,4,"Blandit, ultrices sodales sodales quis, non ligula. Ultricies mattis euismod culpa nunc.",NA,NA,2026-07-30T22:54:09Z,1
R_cRX1bAH9hsaSsVU,1,4,2,1,0,1,3,1,56,NA,2,5,NA,6,4,"Blandit, ultrices sodales sodales quis, non ligula. Ultricies mattis euismod culpa nunc.",NA,NA,2026-07-30T22:54:09Z,1
R_cRX1bAH9hsaSsVU,1,4,3,1,0,0,0,0,0,NA,2,5,NA,6,4,"Blandit, ultrices sodales sodales quis, non ligula. Ultricies mattis euismod culpa nunc.",NA,NA,2026-07-30T22:54:09Z,1
R_cRX1bAH9hsaSsVU,1,5,1,2,0,1,2,2,11,NA,2,5,NA,6,4,"Blandit, ultrices sodales sodales quis, non ligula. Ultricies mattis euismod culpa nunc.",NA,NA,2026-07-30T22:54:09Z,1
R_cRX1bAH9hsaSsVU,1,5,2,2,1,2,1,1,11,NA,2,5,NA,6,4,"Blandit, ultrices sodales sodales quis, non ligula. Ultricies mattis euismod culpa nunc.",NA,NA,2026-07-30T22:54:09Z,1
R_cRX1bAH9hsaSsVU,1,5,3,2,0,0,0,0,0,NA,2,5,NA,6,4,"Blandit, ultrices sodales sodales quis, non ligula. Ultricies mattis euismod culpa nunc.",NA,NA,2026-07-30T22:54:09Z,1
R_cRX1bAH9hsaSsVU,1,6,1,1,1,3,2,3,22,NA,2,5,NA,6,4,"Blandit, ultrices sodales sodales quis, non ligula. Ultricies mattis euismod culpa nunc.",NA,NA,2026-07-30T22:54:09Z,1
R_cRX1bAH9hsaSsVU,1,6,2,1,0,2,1,2,113,NA,2,5,NA,6,4,"Blandit, ultrices sodales sodales quis, non ligula. Ultricies mattis euismod culpa nunc.",NA,NA,2026-07-30T22:54:09Z,1
R_cRX1bAH9hsaSsVU,1,6,3,1,0,0,0,0,0,NA,2,5,NA,6,4,"Blandit, ultrices sodales sodales quis, non ligula. Ultricies mattis euismod culpa nunc.",NA,NA,2026-07-30T22:54:09Z,1
R_cRX1bAH9hsaSsVU,1,7,1,2,0,3,3,2,56,NA,2,5,NA,6,4,"Blandit, ultrices sodales sodales quis, non ligula. Ultricies mattis euismod culpa nunc.",NA,NA,2026-07-30T22:54:09Z,1
R_cRX1bAH9hsaSsVU,1,7,2,2,1,2,2,1,84,NA,2,5,NA,6,4,"Blandit, ultrices sodales sodales quis, non ligula. Ultricies mattis euismod culpa nunc.",NA,NA,2026-07-30T22:54:09Z,1
R_cRX1bAH9hsaSsVU,1,7,3,2,0,0,0,0,0,NA,2,5,NA,6,4,"Blandit, ultrices sodales sodales quis, non ligula. Ultricies mattis euismod culpa nunc.",NA,NA,2026-07-30T22:54:09Z,1
R_cRX1bAH9hsaSsVU,1,8,1,3,0,1,1,2,56,NA,2,5,NA,6,4,"Blandit, ultrices sodales sodales quis, non ligula. Ultricies mattis euismod culpa nunc.",NA,NA,2026-07-30T22:54:09Z,1
R_cRX1bAH9hsaSsVU,1,8,2,3,0,3,3,3,22,NA,2,5,NA,6,4,"Blandit, ultrices sodales sodales quis, non ligula. Ultricies mattis euismod culpa nunc.",NA,NA,2026-07-30T22:54:09Z,1
R_cRX1bAH9hsaSsVU,1,8,3,3,1,0,0,0,0,NA,2,5,NA,6,4,"Blandit, ultrices sodales sodales quis, non ligula. Ultricies mattis euismod culpa nunc.",NA,NA,2026-07-30T22:54:09Z,1
R_cSKHVgcvfG7TNOe,1,1,1,6,0,1,2,1,84,NA,1,1,NA,6,2,NA,NA,NA,2026-07-30T22:53:41Z,1
R_cSKHVgcvfG7TNOe,1,1,2,6,0,2,3,3,56,NA,1,1,NA,6,2,NA,NA,NA,2026-07-30T22:53:41Z,1
R_cSKHVgcvfG7TNOe,1,1,3,6,0,0,0,0,0,NA,1,1,NA,6,2,NA,NA,NA,2026-07-30T22:53:41Z,1
R_cSKHVgcvfG7TNOe,1,2,1,3,0,2,3,3,56,NA,1,1,NA,6,2,NA,NA,NA,2026-07-30T22:53:41Z,1
R_cSKHVgcvfG7TNOe,1,2,2,3,0,3,2,2,56,NA,1,1,NA,6,2,NA,NA,NA,2026-07-30T22:53:41Z,1
R_cSKHVgcvfG7TNOe,1,2,3,3,1,0,0,0,0,NA,1,1,NA,6,2,NA,NA,NA,2026-07-30T22:53:41Z,1
R_cSKHVgcvfG7TNOe,1,3,1,1,1,3,2,1,113,NA,1,1,NA,6,2,NA,NA,NA,2026-07-30T22:53:41Z,1
R_cSKHVgcvfG7TNOe,1,3,2,1,0,1,1,3,22,NA,1,1,NA,6,2,NA,NA,NA,2026-07-30T22:53:41Z,1
R_cSKHVgcvfG7TNOe,1,3,3,1,0,0,0,0,0,NA,1,1,NA,6,2,NA,NA,NA,2026-07-30T22:53:41Z,1
R_cSKHVgcvfG7TNOe,1,4,1,2,0,2,2,2,84,NA,1,1,NA,6,2,NA,NA,NA,2026-07-30T22:53:41Z,1
R_cSKHVgcvfG7TNOe,1,4,2,2,1,1,3,1,56,NA,1,1,NA,6,2,NA,NA,NA,2026-07-30T22:53:41Z,1
R_cSKHVgcvfG7TNOe,1,4,3,2,0,0,0,0,0,NA,1,1,NA,6,2,NA,NA,NA,2026-07-30T22:53:41Z,1
R_cSKHVgcvfG7TNOe,1,5,1,2,0,1,2,2,11,NA,1,1,NA,6,2,NA,NA,NA,2026-07-30T22:53:41Z,1
R_cSKHVgcvfG7TNOe,1,5,2,2,1,2,1,1,11,NA,1,1,NA,6,2,NA,NA,NA,2026-07-30T22:53:41Z,1
R_cSKHVgcvfG7TNOe,1,5,3,2,0,0,0,0,0,NA,1,1,NA,6,2,NA,NA,NA,2026-07-30T22:53:41Z,1
R_cSKHVgcvfG7TNOe,1,6,1,1,1,3,2,3,22,NA,1,1,NA,6,2,NA,NA,NA,2026-07-30T22:53:41Z,1
R_cSKHVgcvfG7TNOe,1,6,2,1,0,2,1,2,113,NA,1,1,NA,6,2,NA,NA,NA,2026-07-30T22:53:41Z,1
R_cSKHVgcvfG7TNOe,1,6,3,1,0,0,0,0,0,NA,1,1,NA,6,2,NA,NA,NA,2026-07-30T22:53:41Z,1
R_cSKHVgcvfG7TNOe,1,7,1,1,1,3,3,2,56,NA,1,1,NA,6,2,NA,NA,NA,2026-07-30T22:53:41Z,1
R_cSKHVgcvfG7TNOe,1,7,2,1,0,2,2,1,84,NA,1,1,NA,6,2,NA,NA,NA,2026-07-30T22:53:41Z,1
R_cSKHVgcvfG7TNOe,1,7,3,1,0,0,0,0,0,NA,1,1,NA,6,2,NA,NA,NA,2026-07-30T22:53:41Z,1
R_cSKHVgcvfG7TNOe,1,8,1,3,0,1,1,2,56,NA,1,1,NA,6,2,NA,NA,NA,2026-07-30T22:53:41Z,1
R_cSKHVgcvfG7TNOe,1,8,2,3,0,3,3,3,22,NA,1,1,NA,6,2,NA,NA,NA,2026-07-30T22:53:41Z,1
R_cSKHVgcvfG7TNOe,1,8,3,3,1,0,0,0,0,NA,1,1,NA,6,2,NA,NA,NA,2026-07-30T22:53:41Z,1
R_cSx2tAaIjE6EDps,2,10,1,1,1,2,3,3,113,NA,2,2,NA,6,3,NA,NA,NA,2026-07-30T22:54:05Z,1
R_cSx2tAaIjE6EDps,2,10,2,1,0,3,1,1,11,NA,2,2,NA,6,3,NA,NA,NA,2026-07-30T22:54:05Z,1
R_cSx2tAaIjE6EDps,2,10,3,1,0,0,0,0,0,NA,2,2,NA,6,3,NA,NA,NA,2026-07-30T22:54:05Z,1
R_cSx2tAaIjE6EDps,2,11,1,1,1,2,3,1,11,NA,2,2,NA,6,3,NA,NA,NA,2026-07-30T22:54:05Z,1
R_cSx2tAaIjE6EDps,2,11,2,1,0,3,1,3,113,NA,2,2,NA,6,3,NA,NA,NA,2026-07-30T22:54:05Z,1
R_cSx2tAaIjE6EDps,2,11,3,1,0,0,0,0,0,NA,2,2,NA,6,3,NA,NA,NA,2026-07-30T22:54:05Z,1
R_cSx2tAaIjE6EDps,2,12,1,2,0,1,1,3,11,NA,2,2,NA,6,3,NA,NA,NA,2026-07-30T22:54:05Z,1
R_cSx2tAaIjE6EDps,2,12,2,2,1,3,3,2,113,NA,2,2,NA,6,3,NA,NA,NA,2026-07-30T22:54:05Z,1
R_cSx2tAaIjE6EDps,2,12,3,2,0,0,0,0,0,NA,2,2,NA,6,3,NA,NA,NA,2026-07-30T22:54:05Z,1
R_cSx2tAaIjE6EDps,2,13,1,2,0,3,1,2,22,NA,2,2,NA,6,3,NA,NA,NA,2026-07-30T22:54:05Z,1
R_cSx2tAaIjE6EDps,2,13,2,2,1,1,2,1,84,NA,2,2,NA,6,3,NA,NA,NA,2026-07-30T22:54:05Z,1
R_cSx2tAaIjE6EDps,2,13,3,2,0,0,0,0,0,NA,2,2,NA,6,3,NA,NA,NA,2026-07-30T22:54:05Z,1
R_cSx2tAaIjE6EDps,2,14,1,2,0,3,3,1,22,NA,2,2,NA,6,3,NA,NA,NA,2026-07-30T22:54:05Z,1
R_cSx2tAaIjE6EDps,2,14,2,2,1,1,2,3,84,NA,2,2,NA,6,3,NA,NA,NA,2026-07-30T22:54:05Z,1
R_cSx2tAaIjE6EDps,2,14,3,2,0,0,0,0,0,NA,2,2,NA,6,3,NA,NA,NA,2026-07-30T22:54:05Z,1
R_cSx2tAaIjE6EDps,2,15,1,3,0,3,1,3,113,NA,2,2,NA,6,3,NA,NA,NA,2026-07-30T22:54:05Z,1
R_cSx2tAaIjE6EDps,2,15,2,3,0,2,3,2,11,NA,2,2,NA,6,3,NA,NA,NA,2026-07-30T22:54:05Z,1
R_cSx2tAaIjE6EDps,2,15,3,3,1,0,0,0,0,NA,2,2,NA,6,3,NA,NA,NA,2026-07-30T22:54:05Z,1
R_cSx2tAaIjE6EDps,2,16,1,1,1,2,1,1,84,NA,2,2,NA,6,3,NA,NA,NA,2026-07-30T22:54:05Z,1
R_cSx2tAaIjE6EDps,2,16,2,1,0,1,3,2,22,NA,2,2,NA,6,3,NA,NA,NA,2026-07-30T22:54:05Z,1
R_cSx2tAaIjE6EDps,2,16,3,1,0,0,0,0,0,NA,2,2,NA,6,3,NA,NA,NA,2026-07-30T22:54:05Z,1
R_cSx2tAaIjE6EDps,2,9,1,2,0,1,3,1,113,NA,2,2,NA,6,3,NA,NA,NA,2026-07-30T22:54:05Z,1
R_cSx2tAaIjE6EDps,2,9,2,2,1,2,2,3,11,NA,2,2,NA,6,3,NA,NA,NA,2026-07-30T22:54:05Z,1
R_cSx2tAaIjE6EDps,2,9,3,2,0,0,0,0,0,NA,2,2,NA,6,3,NA,NA,NA,2026-07-30T22:54:05Z,1
R_cVlTjPFBiL5XO18,1,1,1,5,0,1,2,1,84,NA,2,7,"Ipsum rhoncus nulla luctus nibh praesent lectus accumsan ridiculus dui magnis culpa purus, aenean.",NA,3,NA,NA,NA,2026-07-15T13:31:08Z,1
R_cVlTjPFBiL5XO18,1,1,2,5,0,2,3,3,56,NA,2,7,"Ipsum rhoncus nulla luctus nibh praesent lectus accumsan ridiculus dui magnis culpa purus, aenean.",NA,3,NA,NA,NA,2026-07-15T13:31:08Z,1
R_cVlTjPFBiL5XO18,1,1,3,5,0,0,0,0,0,NA,2,7,"Ipsum rhoncus nulla luctus nibh praesent lectus accumsan ridiculus dui magnis culpa purus, aenean.",NA,3,NA,NA,NA,2026-07-15T13:31:08Z,1
R_cVlTjPFBiL5XO18,1,2,1,3,0,2,3,3,56,NA,2,7,"Ipsum rhoncus nulla luctus nibh praesent lectus accumsan ridiculus dui magnis culpa purus, aenean.",NA,3,NA,NA,NA,2026-07-15T13:31:08Z,1
R_cVlTjPFBiL5XO18,1,2,2,3,0,3,2,2,56,NA,2,7,"Ipsum rhoncus nulla luctus nibh praesent lectus accumsan ridiculus dui magnis culpa purus, aenean.",NA,3,NA,NA,NA,2026-07-15T13:31:08Z,1
R_cVlTjPFBiL5XO18,1,2,3,3,1,0,0,0,0,NA,2,7,"Ipsum rhoncus nulla luctus nibh praesent lectus accumsan ridiculus dui magnis culpa purus, aenean.",NA,3,NA,NA,NA,2026-07-15T13:31:08Z,1
R_cVlTjPFBiL5XO18,1,3,1,3,0,3,2,1,113,NA,2,7,"Ipsum rhoncus nulla luctus nibh praesent lectus accumsan ridiculus dui magnis culpa purus, aenean.",NA,3,NA,NA,NA,2026-07-15T13:31:08Z,1
R_cVlTjPFBiL5XO18,1,3,2,3,0,1,1,3,22,NA,2,7,"Ipsum rhoncus nulla luctus nibh praesent lectus accumsan ridiculus dui magnis culpa purus, aenean.",NA,3,NA,NA,NA,2026-07-15T13:31:08Z,1
R_cVlTjPFBiL5XO18,1,3,3,3,1,0,0,0,0,NA,2,7,"Ipsum rhoncus nulla luctus nibh praesent lectus accumsan ridiculus dui magnis culpa purus, aenean.",NA,3,NA,NA,NA,2026-07-15T13:31:08Z,1
R_cVlTjPFBiL5XO18,1,4,1,1,1,2,2,2,84,NA,2,7,"Ipsum rhoncus nulla luctus nibh praesent lectus accumsan ridiculus dui magnis culpa purus, aenean.",NA,3,NA,NA,NA,2026-07-15T13:31:08Z,1
R_cVlTjPFBiL5XO18,1,4,2,1,0,1,3,1,56,NA,2,7,"Ipsum rhoncus nulla luctus nibh praesent lectus accumsan ridiculus dui magnis culpa purus, aenean.",NA,3,NA,NA,NA,2026-07-15T13:31:08Z,1
R_cVlTjPFBiL5XO18,1,4,3,1,0,0,0,0,0,NA,2,7,"Ipsum rhoncus nulla luctus nibh praesent lectus accumsan ridiculus dui magnis culpa purus, aenean.",NA,3,NA,NA,NA,2026-07-15T13:31:08Z,1
R_cVlTjPFBiL5XO18,1,5,1,2,0,1,2,2,11,NA,2,7,"Ipsum rhoncus nulla luctus nibh praesent lectus accumsan ridiculus dui magnis culpa purus, aenean.",NA,3,NA,NA,NA,2026-07-15T13:31:08Z,1
R_cVlTjPFBiL5XO18,1,5,2,2,1,2,1,1,11,NA,2,7,"Ipsum rhoncus nulla luctus nibh praesent lectus accumsan ridiculus dui magnis culpa purus, aenean.",NA,3,NA,NA,NA,2026-07-15T13:31:08Z,1
R_cVlTjPFBiL5XO18,1,5,3,2,0,0,0,0,0,NA,2,7,"Ipsum rhoncus nulla luctus nibh praesent lectus accumsan ridiculus dui magnis culpa purus, aenean.",NA,3,NA,NA,NA,2026-07-15T13:31:08Z,1
R_cVlTjPFBiL5XO18,1,6,1,2,0,3,2,3,22,NA,2,7,"Ipsum rhoncus nulla luctus nibh praesent lectus accumsan ridiculus dui magnis culpa purus, aenean.",NA,3,NA,NA,NA,2026-07-15T13:31:08Z,1
R_cVlTjPFBiL5XO18,1,6,2,2,1,2,1,2,113,NA,2,7,"Ipsum rhoncus nulla luctus nibh praesent lectus accumsan ridiculus dui magnis culpa purus, aenean.",NA,3,NA,NA,NA,2026-07-15T13:31:08Z,1
R_cVlTjPFBiL5XO18,1,6,3,2,0,0,0,0,0,NA,2,7,"Ipsum rhoncus nulla luctus nibh praesent lectus accumsan ridiculus dui magnis culpa purus, aenean.",NA,3,NA,NA,NA,2026-07-15T13:31:08Z,1
R_cVlTjPFBiL5XO18,1,7,1,3,0,3,3,2,56,NA,2,7,"Ipsum rhoncus nulla luctus nibh praesent lectus accumsan ridiculus dui magnis culpa purus, aenean.",NA,3,NA,NA,NA,2026-07-15T13:31:08Z,1
R_cVlTjPFBiL5XO18,1,7,2,3,0,2,2,1,84,NA,2,7,"Ipsum rhoncus nulla luctus nibh praesent lectus accumsan ridiculus dui magnis culpa purus, aenean.",NA,3,NA,NA,NA,2026-07-15T13:31:08Z,1
R_cVlTjPFBiL5XO18,1,7,3,3,1,0,0,0,0,NA,2,7,"Ipsum rhoncus nulla luctus nibh praesent lectus accumsan ridiculus dui magnis culpa purus, aenean.",NA,3,NA,NA,NA,2026-07-15T13:31:08Z,1
R_cVlTjPFBiL5XO18,1,8,1,1,1,1,1,2,56,NA,2,7,"Ipsum rhoncus nulla luctus nibh praesent lectus accumsan ridiculus dui magnis culpa purus, aenean.",NA,3,NA,NA,NA,2026-07-15T13:31:08Z,1
R_cVlTjPFBiL5XO18,1,8,2,1,0,3,3,3,22,NA,2,7,"Ipsum rhoncus nulla luctus nibh praesent lectus accumsan ridiculus dui magnis culpa purus, aenean.",NA,3,NA,NA,NA,2026-07-15T13:31:08Z,1
R_cVlTjPFBiL5XO18,1,8,3,1,0,0,0,0,0,NA,2,7,"Ipsum rhoncus nulla luctus nibh praesent lectus accumsan ridiculus dui magnis culpa purus, aenean.",NA,3,NA,NA,NA,2026-07-15T13:31:08Z,1
R_cXUMhbJmH2cDayW,2,10,1,3,0,2,3,3,113,NA,3,4,NA,NA,2,NA,NA,NA,2026-07-15T13:31:10Z,1
R_cXUMhbJmH2cDayW,2,10,2,3,0,3,1,1,11,NA,3,4,NA,NA,2,NA,NA,NA,2026-07-15T13:31:10Z,1
R_cXUMhbJmH2cDayW,2,10,3,3,1,0,0,0,0,NA,3,4,NA,NA,2,NA,NA,NA,2026-07-15T13:31:10Z,1
R_cXUMhbJmH2cDayW,2,11,1,3,0,2,3,1,11,NA,3,4,NA,NA,2,NA,NA,NA,2026-07-15T13:31:10Z,1
R_cXUMhbJmH2cDayW,2,11,2,3,0,3,1,3,113,NA,3,4,NA,NA,2,NA,NA,NA,2026-07-15T13:31:10Z,1
R_cXUMhbJmH2cDayW,2,11,3,3,1,0,0,0,0,NA,3,4,NA,NA,2,NA,NA,NA,2026-07-15T13:31:10Z,1
R_cXUMhbJmH2cDayW,2,12,1,1,1,1,1,3,11,NA,3,4,NA,NA,2,NA,NA,NA,2026-07-15T13:31:10Z,1
R_cXUMhbJmH2cDayW,2,12,2,1,0,3,3,2,113,NA,3,4,NA,NA,2,NA,NA,NA,2026-07-15T13:31:10Z,1
R_cXUMhbJmH2cDayW,2,12,3,1,0,0,0,0,0,NA,3,4,NA,NA,2,NA,NA,NA,2026-07-15T13:31:10Z,1
R_cXUMhbJmH2cDayW,2,13,1,1,1,3,1,2,22,NA,3,4,NA,NA,2,NA,NA,NA,2026-07-15T13:31:10Z,1
R_cXUMhbJmH2cDayW,2,13,2,1,0,1,2,1,84,NA,3,4,NA,NA,2,NA,NA,NA,2026-07-15T13:31:10Z,1
R_cXUMhbJmH2cDayW,2,13,3,1,0,0,0,0,0,NA,3,4,NA,NA,2,NA,NA,NA,2026-07-15T13:31:10Z,1
R_cXUMhbJmH2cDayW,2,14,1,1,1,3,3,1,22,NA,3,4,NA,NA,2,NA,NA,NA,2026-07-15T13:31:10Z,1
R_cXUMhbJmH2cDayW,2,14,2,1,0,1,2,3,84,NA,3,4,NA,NA,2,NA,NA,NA,2026-07-15T13:31:10Z,1
R_cXUMhbJmH2cDayW,2,14,3,1,0,0,0,0,0,NA,3,4,NA,NA,2,NA,NA,NA,2026-07-15T13:31:10Z,1
R_cXUMhbJmH2cDayW,2,15,1,2,0,3,1,3,113,NA,3,4,NA,NA,2,NA,NA,NA,2026-07-15T13:31:10Z,1
R_cXUMhbJmH2cDayW,2,15,2,2,1,2,3,2,11,NA,3,4,NA,NA,2,NA,NA,NA,2026-07-15T13:31:10Z,1
R_cXUMhbJmH2cDayW,2,15,3,2,0,0,0,0,0,NA,3,4,NA,NA,2,NA,NA,NA,2026-07-15T13:31:10Z,1
R_cXUMhbJmH2cDayW,2,16,1,2,0,2,1,1,84,NA,3,4,NA,NA,2,NA,NA,NA,2026-07-15T13:31:10Z,1
R_cXUMhbJmH2cDayW,2,16,2,2,1,1,3,2,22,NA,3,4,NA,NA,2,NA,NA,NA,2026-07-15T13:31:10Z,1
R_cXUMhbJmH2cDayW,2,16,3,2,0,0,0,0,0,NA,3,4,NA,NA,2,NA,NA,NA,2026-07-15T13:31:10Z,1
R_cXUMhbJmH2cDayW,2,9,1,2,0,1,3,1,113,NA,3,4,NA,NA,2,NA,NA,NA,2026-07-15T13:31:10Z,1
R_cXUMhbJmH2cDayW,2,9,2,2,1,2,2,3,11,NA,3,4,NA,NA,2,NA,NA,NA,2026-07-15T13:31:10Z,1
R_cXUMhbJmH2cDayW,2,9,3,2,0,0,0,0,0,NA,3,4,NA,NA,2,NA,NA,NA,2026-07-15T13:31:10Z,1
R_cYzM300ICTmVIbk,2,10,1,3,0,2,3,3,113,NA,1,3,NA,4,1,NA,NA,NA,2026-07-30T22:53:54Z,1
R_cYzM300ICTmVIbk,2,10,2,3,0,3,1,1,11,NA,1,3,NA,4,1,NA,NA,NA,2026-07-30T22:53:54Z,1
R_cYzM300ICTmVIbk,2,10,3,3,1,0,0,0,0,NA,1,3,NA,4,1,NA,NA,NA,2026-07-30T22:53:54Z,1
R_cYzM300ICTmVIbk,2,11,1,2,0,2,3,1,11,NA,1,3,NA,4,1,NA,NA,NA,2026-07-30T22:53:54Z,1
R_cYzM300ICTmVIbk,2,11,2,2,1,3,1,3,113,NA,1,3,NA,4,1,NA,NA,NA,2026-07-30T22:53:54Z,1
R_cYzM300ICTmVIbk,2,11,3,2,0,0,0,0,0,NA,1,3,NA,4,1,NA,NA,NA,2026-07-30T22:53:54Z,1
R_cYzM300ICTmVIbk,2,12,1,2,0,1,1,3,11,NA,1,3,NA,4,1,NA,NA,NA,2026-07-30T22:53:54Z,1
R_cYzM300ICTmVIbk,2,12,2,2,1,3,3,2,113,NA,1,3,NA,4,1,NA,NA,NA,2026-07-30T22:53:54Z,1
R_cYzM300ICTmVIbk,2,12,3,2,0,0,0,0,0,NA,1,3,NA,4,1,NA,NA,NA,2026-07-30T22:53:54Z,1
R_cYzM300ICTmVIbk,2,13,1,1,1,3,1,2,22,NA,1,3,NA,4,1,NA,NA,NA,2026-07-30T22:53:54Z,1
R_cYzM300ICTmVIbk,2,13,2,1,0,1,2,1,84,NA,1,3,NA,4,1,NA,NA,NA,2026-07-30T22:53:54Z,1
R_cYzM300ICTmVIbk,2,13,3,1,0,0,0,0,0,NA,1,3,NA,4,1,NA,NA,NA,2026-07-30T22:53:54Z,1
R_cYzM300ICTmVIbk,2,14,1,3,0,3,3,1,22,NA,1,3,NA,4,1,NA,NA,NA,2026-07-30T22:53:54Z,1
R_cYzM300ICTmVIbk,2,14,2,3,0,1,2,3,84,NA,1,3,NA,4,1,NA,NA,NA,2026-07-30T22:53:54Z,1
R_cYzM300ICTmVIbk,2,14,3,3,1,0,0,0,0,NA,1,3,NA,4,1,NA,NA,NA,2026-07-30T22:53:54Z,1
R_cYzM300ICTmVIbk,2,15,1,1,1,3,1,3,113,NA,1,3,NA,4,1,NA,NA,NA,2026-07-30T22:53:54Z,1
R_cYzM300ICTmVIbk,2,15,2,1,0,2,3,2,11,NA,1,3,NA,4,1,NA,NA,NA,2026-07-30T22:53:54Z,1
R_cYzM300ICTmVIbk,2,15,3,1,0,0,0,0,0,NA,1,3,NA,4,1,NA,NA,NA,2026-07-30T22:53:54Z,1
R_cYzM300ICTmVIbk,2,16,1,2,0,2,1,1,84,NA,1,3,NA,4,1,NA,NA,NA,2026-07-30T22:53:54Z,1
R_cYzM300ICTmVIbk,2,16,2,2,1,1,3,2,22,NA,1,3,NA,4,1,NA,NA,NA,2026-07-30T22:53:54Z,1
R_cYzM300ICTmVIbk,2,16,3,2,0,0,0,0,0,NA,1,3,NA,4,1,NA,NA,NA,2026-07-30T22:53:54Z,1
R_cYzM300ICTmVIbk,2,9,1,2,0,1,3,1,113,NA,1,3,NA,4,1,NA,NA,NA,2026-07-30T22:53:54Z,1
R_cYzM300ICTmVIbk,2,9,2,2,1,2,2,3,11,NA,1,3,NA,4,1,NA,NA,NA,2026-07-30T22:53:54Z,1
R_cYzM300ICTmVIbk,2,9,3,2,0,0,0,0,0,NA,1,3,NA,4,1,NA,NA,NA,2026-07-30T22:53:54Z,1
R_cvF5wOc4y21SO10,2,10,1,1,1,2,3,3,113,NA,1,1,NA,NA,3,NA,NA,NA,2026-07-15T13:31:00Z,1
R_cvF5wOc4y21SO10,2,10,2,1,0,3,1,1,11,NA,1,1,NA,NA,3,NA,NA,NA,2026-07-15T13:31:00Z,1
R_cvF5wOc4y21SO10,2,10,3,1,0,0,0,0,0,NA,1,1,NA,NA,3,NA,NA,NA,2026-07-15T13:31:00Z,1
R_cvF5wOc4y21SO10,2,11,1,3,0,2,3,1,11,NA,1,1,NA,NA,3,NA,NA,NA,2026-07-15T13:31:00Z,1
R_cvF5wOc4y21SO10,2,11,2,3,0,3,1,3,113,NA,1,1,NA,NA,3,NA,NA,NA,2026-07-15T13:31:00Z,1
R_cvF5wOc4y21SO10,2,11,3,3,1,0,0,0,0,NA,1,1,NA,NA,3,NA,NA,NA,2026-07-15T13:31:00Z,1
R_cvF5wOc4y21SO10,2,12,1,3,0,1,1,3,11,NA,1,1,NA,NA,3,NA,NA,NA,2026-07-15T13:31:00Z,1
R_cvF5wOc4y21SO10,2,12,2,3,0,3,3,2,113,NA,1,1,NA,NA,3,NA,NA,NA,2026-07-15T13:31:00Z,1
R_cvF5wOc4y21SO10,2,12,3,3,1,0,0,0,0,NA,1,1,NA,NA,3,NA,NA,NA,2026-07-15T13:31:00Z,1
R_cvF5wOc4y21SO10,2,13,1,2,0,3,1,2,22,NA,1,1,NA,NA,3,NA,NA,NA,2026-07-15T13:31:00Z,1
R_cvF5wOc4y21SO10,2,13,2,2,1,1,2,1,84,NA,1,1,NA,NA,3,NA,NA,NA,2026-07-15T13:31:00Z,1
R_cvF5wOc4y21SO10,2,13,3,2,0,0,0,0,0,NA,1,1,NA,NA,3,NA,NA,NA,2026-07-15T13:31:00Z,1
R_cvF5wOc4y21SO10,2,14,1,1,1,3,3,1,22,NA,1,1,NA,NA,3,NA,NA,NA,2026-07-15T13:31:00Z,1
R_cvF5wOc4y21SO10,2,14,2,1,0,1,2,3,84,NA,1,1,NA,NA,3,NA,NA,NA,2026-07-15T13:31:00Z,1
R_cvF5wOc4y21SO10,2,14,3,1,0,0,0,0,0,NA,1,1,NA,NA,3,NA,NA,NA,2026-07-15T13:31:00Z,1
R_cvF5wOc4y21SO10,2,15,1,1,1,3,1,3,113,NA,1,1,NA,NA,3,NA,NA,NA,2026-07-15T13:31:00Z,1
R_cvF5wOc4y21SO10,2,15,2,1,0,2,3,2,11,NA,1,1,NA,NA,3,NA,NA,NA,2026-07-15T13:31:00Z,1
R_cvF5wOc4y21SO10,2,15,3,1,0,0,0,0,0,NA,1,1,NA,NA,3,NA,NA,NA,2026-07-15T13:31:00Z,1
R_cvF5wOc4y21SO10,2,16,1,3,0,2,1,1,84,NA,1,1,NA,NA,3,NA,NA,NA,2026-07-15T13:31:00Z,1
R_cvF5wOc4y21SO10,2,16,2,3,0,1,3,2,22,NA,1,1,NA,NA,3,NA,NA,NA,2026-07-15T13:31:00Z,1
R_cvF5wOc4y21SO10,2,16,3,3,1,0,0,0,0,NA,1,1,NA,NA,3,NA,NA,NA,2026-07-15T13:31:00Z,1
R_cvF5wOc4y21SO10,2,9,1,1,1,1,3,1,113,NA,1,1,NA,NA,3,NA,NA,NA,2026-07-15T13:31:00Z,1
R_cvF5wOc4y21SO10,2,9,2,1,0,2,2,3,11,NA,1,1,NA,NA,3,NA,NA,NA,2026-07-15T13:31:00Z,1
R_cvF5wOc4y21SO10,2,9,3,1,0,0,0,0,0,NA,1,1,NA,NA,3,NA,NA,NA,2026-07-15T13:31:00Z,1
R_d1h5id9Hl1St5XM,1,1,1,2,0,1,2,1,84,NA,1,6,NA,NA,2,NA,NA,NA,2026-07-15T13:31:04Z,1
R_d1h5id9Hl1St5XM,1,1,2,2,1,2,3,3,56,NA,1,6,NA,NA,2,NA,NA,NA,2026-07-15T13:31:04Z,1
R_d1h5id9Hl1St5XM,1,1,3,2,0,0,0,0,0,NA,1,6,NA,NA,2,NA,NA,NA,2026-07-15T13:31:04Z,1
R_d1h5id9Hl1St5XM,1,2,1,3,0,2,3,3,56,NA,1,6,NA,NA,2,NA,NA,NA,2026-07-15T13:31:04Z,1
R_d1h5id9Hl1St5XM,1,2,2,3,0,3,2,2,56,NA,1,6,NA,NA,2,NA,NA,NA,2026-07-15T13:31:04Z,1
R_d1h5id9Hl1St5XM,1,2,3,3,1,0,0,0,0,NA,1,6,NA,NA,2,NA,NA,NA,2026-07-15T13:31:04Z,1
R_d1h5id9Hl1St5XM,1,3,1,1,1,3,2,1,113,NA,1,6,NA,NA,2,NA,NA,NA,2026-07-15T13:31:04Z,1
R_d1h5id9Hl1St5XM,1,3,2,1,0,1,1,3,22,NA,1,6,NA,NA,2,NA,NA,NA,2026-07-15T13:31:04Z,1
R_d1h5id9Hl1St5XM,1,3,3,1,0,0,0,0,0,NA,1,6,NA,NA,2,NA,NA,NA,2026-07-15T13:31:04Z,1
R_d1h5id9Hl1St5XM,1,4,1,2,0,2,2,2,84,NA,1,6,NA,NA,2,NA,NA,NA,2026-07-15T13:31:04Z,1
R_d1h5id9Hl1St5XM,1,4,2,2,1,1,3,1,56,NA,1,6,NA,NA,2,NA,NA,NA,2026-07-15T13:31:04Z,1
R_d1h5id9Hl1St5XM,1,4,3,2,0,0,0,0,0,NA,1,6,NA,NA,2,NA,NA,NA,2026-07-15T13:31:04Z,1
R_d1h5id9Hl1St5XM,1,5,1,2,0,1,2,2,11,NA,1,6,NA,NA,2,NA,NA,NA,2026-07-15T13:31:04Z,1
R_d1h5id9Hl1St5XM,1,5,2,2,1,2,1,1,11,NA,1,6,NA,NA,2,NA,NA,NA,2026-07-15T13:31:04Z,1
R_d1h5id9Hl1St5XM,1,5,3,2,0,0,0,0,0,NA,1,6,NA,NA,2,NA,NA,NA,2026-07-15T13:31:04Z,1
R_d1h5id9Hl1St5XM,1,6,1,3,0,3,2,3,22,NA,1,6,NA,NA,2,NA,NA,NA,2026-07-15T13:31:04Z,1
R_d1h5id9Hl1St5XM,1,6,2,3,0,2,1,2,113,NA,1,6,NA,NA,2,NA,NA,NA,2026-07-15T13:31:04Z,1
R_d1h5id9Hl1St5XM,1,6,3,3,1,0,0,0,0,NA,1,6,NA,NA,2,NA,NA,NA,2026-07-15T13:31:04Z,1
R_d1h5id9Hl1St5XM,1,7,1,1,1,3,3,2,56,NA,1,6,NA,NA,2,NA,NA,NA,2026-07-15T13:31:04Z,1
R_d1h5id9Hl1St5XM,1,7,2,1,0,2,2,1,84,NA,1,6,NA,NA,2,NA,NA,NA,2026-07-15T13:31:04Z,1
R_d1h5id9Hl1St5XM,1,7,3,1,0,0,0,0,0,NA,1,6,NA,NA,2,NA,NA,NA,2026-07-15T13:31:04Z,1
R_d1h5id9Hl1St5XM,1,8,1,3,0,1,1,2,56,NA,1,6,NA,NA,2,NA,NA,NA,2026-07-15T13:31:04Z,1
R_d1h5id9Hl1St5XM,1,8,2,3,0,3,3,3,22,NA,1,6,NA,NA,2,NA,NA,NA,2026-07-15T13:31:04Z,1
R_d1h5id9Hl1St5XM,1,8,3,3,1,0,0,0,0,NA,1,6,NA,NA,2,NA,NA,NA,2026-07-15T13:31:04Z,1
R_d3TcZheV0HDX7Aq,2,10,1,3,0,2,3,3,113,NA,2,2,NA,NA,2,NA,NA,NA,2026-07-15T13:31:06Z,1
R_d3TcZheV0HDX7Aq,2,10,2,3,0,3,1,1,11,NA,2,2,NA,NA,2,NA,NA,NA,2026-07-15T13:31:06Z,1
R_d3TcZheV0HDX7Aq,2,10,3,3,1,0,0,0,0,NA,2,2,NA,NA,2,NA,NA,NA,2026-07-15T13:31:06Z,1
R_d3TcZheV0HDX7Aq,2,11,1,3,0,2,3,1,11,NA,2,2,NA,NA,2,NA,NA,NA,2026-07-15T13:31:06Z,1
R_d3TcZheV0HDX7Aq,2,11,2,3,0,3,1,3,113,NA,2,2,NA,NA,2,NA,NA,NA,2026-07-15T13:31:06Z,1
R_d3TcZheV0HDX7Aq,2,11,3,3,1,0,0,0,0,NA,2,2,NA,NA,2,NA,NA,NA,2026-07-15T13:31:06Z,1
R_d3TcZheV0HDX7Aq,2,12,1,3,0,1,1,3,11,NA,2,2,NA,NA,2,NA,NA,NA,2026-07-15T13:31:06Z,1
R_d3TcZheV0HDX7Aq,2,12,2,3,0,3,3,2,113,NA,2,2,NA,NA,2,NA,NA,NA,2026-07-15T13:31:06Z,1
R_d3TcZheV0HDX7Aq,2,12,3,3,1,0,0,0,0,NA,2,2,NA,NA,2,NA,NA,NA,2026-07-15T13:31:06Z,1
R_d3TcZheV0HDX7Aq,2,13,1,3,0,3,1,2,22,NA,2,2,NA,NA,2,NA,NA,NA,2026-07-15T13:31:06Z,1
R_d3TcZheV0HDX7Aq,2,13,2,3,0,1,2,1,84,NA,2,2,NA,NA,2,NA,NA,NA,2026-07-15T13:31:06Z,1
R_d3TcZheV0HDX7Aq,2,13,3,3,1,0,0,0,0,NA,2,2,NA,NA,2,NA,NA,NA,2026-07-15T13:31:06Z,1
R_d3TcZheV0HDX7Aq,2,14,1,2,0,3,3,1,22,NA,2,2,NA,NA,2,NA,NA,NA,2026-07-15T13:31:06Z,1
R_d3TcZheV0HDX7Aq,2,14,2,2,1,1,2,3,84,NA,2,2,NA,NA,2,NA,NA,NA,2026-07-15T13:31:06Z,1
R_d3TcZheV0HDX7Aq,2,14,3,2,0,0,0,0,0,NA,2,2,NA,NA,2,NA,NA,NA,2026-07-15T13:31:06Z,1
R_d3TcZheV0HDX7Aq,2,15,1,2,0,3,1,3,113,NA,2,2,NA,NA,2,NA,NA,NA,2026-07-15T13:31:06Z,1
R_d3TcZheV0HDX7Aq,2,15,2,2,1,2,3,2,11,NA,2,2,NA,NA,2,NA,NA,NA,2026-07-15T13:31:06Z,1
R_d3TcZheV0HDX7Aq,2,15,3,2,0,0,0,0,0,NA,2,2,NA,NA,2,NA,NA,NA,2026-07-15T13:31:06Z,1
R_d3TcZheV0HDX7Aq,2,16,1,2,0,2,1,1,84,NA,2,2,NA,NA,2,NA,NA,NA,2026-07-15T13:31:06Z,1
R_d3TcZheV0HDX7Aq,2,16,2,2,1,1,3,2,22,NA,2,2,NA,NA,2,NA,NA,NA,2026-07-15T13:31:06Z,1
R_d3TcZheV0HDX7Aq,2,16,3,2,0,0,0,0,0,NA,2,2,NA,NA,2,NA,NA,NA,2026-07-15T13:31:06Z,1
R_d3TcZheV0HDX7Aq,2,9,1,2,0,1,3,1,113,NA,2,2,NA,NA,2,NA,NA,NA,2026-07-15T13:31:06Z,1
R_d3TcZheV0HDX7Aq,2,9,2,2,1,2,2,3,11,NA,2,2,NA,NA,2,NA,NA,NA,2026-07-15T13:31:06Z,1
R_d3TcZheV0HDX7Aq,2,9,3,2,0,0,0,0,0,NA,2,2,NA,NA,2,NA,NA,NA,2026-07-15T13:31:06Z,1
R_d6UwWcySO0rFMZU,1,1,1,5,0,1,2,1,84,NA,2,1,NA,NA,2,NA,NA,NA,2026-07-30T20:30:08Z,1
R_d6UwWcySO0rFMZU,1,1,2,5,0,2,3,3,56,NA,2,1,NA,NA,2,NA,NA,NA,2026-07-30T20:30:08Z,1
R_d6UwWcySO0rFMZU,1,1,3,5,0,0,0,0,0,NA,2,1,NA,NA,2,NA,NA,NA,2026-07-30T20:30:08Z,1
R_d6UwWcySO0rFMZU,1,2,1,1,1,2,3,3,56,NA,2,1,NA,NA,2,NA,NA,NA,2026-07-30T20:30:08Z,1
R_d6UwWcySO0rFMZU,1,2,2,1,0,3,2,2,56,NA,2,1,NA,NA,2,NA,NA,NA,2026-07-30T20:30:08Z,1
R_d6UwWcySO0rFMZU,1,2,3,1,0,0,0,0,0,NA,2,1,NA,NA,2,NA,NA,NA,2026-07-30T20:30:08Z,1
R_d6UwWcySO0rFMZU,1,3,1,2,0,3,2,1,113,NA,2,1,NA,NA,2,NA,NA,NA,2026-07-30T20:30:08Z,1
R_d6UwWcySO0rFMZU,1,3,2,2,1,1,1,3,22,NA,2,1,NA,NA,2,NA,NA,NA,2026-07-30T20:30:08Z,1
R_d6UwWcySO0rFMZU,1,3,3,2,0,0,0,0,0,NA,2,1,NA,NA,2,NA,NA,NA,2026-07-30T20:30:08Z,1
R_d6UwWcySO0rFMZU,1,4,1,3,0,2,2,2,84,NA,2,1,NA,NA,2,NA,NA,NA,2026-07-30T20:30:08Z,1
R_d6UwWcySO0rFMZU,1,4,2,3,0,1,3,1,56,NA,2,1,NA,NA,2,NA,NA,NA,2026-07-30T20:30:08Z,1
R_d6UwWcySO0rFMZU,1,4,3,3,1,0,0,0,0,NA,2,1,NA,NA,2,NA,NA,NA,2026-07-30T20:30:08Z,1
R_d6UwWcySO0rFMZU,1,5,1,1,1,1,2,2,11,NA,2,1,NA,NA,2,NA,NA,NA,2026-07-30T20:30:08Z,1
R_d6UwWcySO0rFMZU,1,5,2,1,0,2,1,1,11,NA,2,1,NA,NA,2,NA,NA,NA,2026-07-30T20:30:08Z,1
R_d6UwWcySO0rFMZU,1,5,3,1,0,0,0,0,0,NA,2,1,NA,NA,2,NA,NA,NA,2026-07-30T20:30:08Z,1
R_d6UwWcySO0rFMZU,1,6,1,3,0,3,2,3,22,NA,2,1,NA,NA,2,NA,NA,NA,2026-07-30T20:30:08Z,1
R_d6UwWcySO0rFMZU,1,6,2,3,0,2,1,2,113,NA,2,1,NA,NA,2,NA,NA,NA,2026-07-30T20:30:08Z,1
R_d6UwWcySO0rFMZU,1,6,3,3,1,0,0,0,0,NA,2,1,NA,NA,2,NA,NA,NA,2026-07-30T20:30:08Z,1
R_d6UwWcySO0rFMZU,1,7,1,2,0,3,3,2,56,NA,2,1,NA,NA,2,NA,NA,NA,2026-07-30T20:30:08Z,1
R_d6UwWcySO0rFMZU,1,7,2,2,1,2,2,1,84,NA,2,1,NA,NA,2,NA,NA,NA,2026-07-30T20:30:08Z,1
R_d6UwWcySO0rFMZU,1,7,3,2,0,0,0,0,0,NA,2,1,NA,NA,2,NA,NA,NA,2026-07-30T20:30:08Z,1
R_d6UwWcySO0rFMZU,1,8,1,3,0,1,1,2,56,NA,2,1,NA,NA,2,NA,NA,NA,2026-07-30T20:30:08Z,1
R_d6UwWcySO0rFMZU,1,8,2,3,0,3,3,3,22,NA,2,1,NA,NA,2,NA,NA,NA,2026-07-30T20:30:08Z,1
R_d6UwWcySO0rFMZU,1,8,3,3,1,0,0,0,0,NA,2,1,NA,NA,2,NA,NA,NA,2026-07-30T20:30:08Z,1
R_d6ViZzuQHHd4j5k,1,1,1,2,0,1,2,1,84,NA,1,7,"Blandit odio dictumst fusce aenean suscipit montes! Egestas, eros. Leo etiam ridiculus, nunc! Etiam volutpat.",6,2,NA,NA,NA,2026-07-30T22:54:07Z,1
R_d6ViZzuQHHd4j5k,1,1,2,2,1,2,3,3,56,NA,1,7,"Blandit odio dictumst fusce aenean suscipit montes! Egestas, eros. Leo etiam ridiculus, nunc! Etiam volutpat.",6,2,NA,NA,NA,2026-07-30T22:54:07Z,1
R_d6ViZzuQHHd4j5k,1,1,3,2,0,0,0,0,0,NA,1,7,"Blandit odio dictumst fusce aenean suscipit montes! Egestas, eros. Leo etiam ridiculus, nunc! Etiam volutpat.",6,2,NA,NA,NA,2026-07-30T22:54:07Z,1
R_d6ViZzuQHHd4j5k,1,2,1,1,1,2,3,3,56,NA,1,7,"Blandit odio dictumst fusce aenean suscipit montes! Egestas, eros. Leo etiam ridiculus, nunc! Etiam volutpat.",6,2,NA,NA,NA,2026-07-30T22:54:07Z,1
R_d6ViZzuQHHd4j5k,1,2,2,1,0,3,2,2,56,NA,1,7,"Blandit odio dictumst fusce aenean suscipit montes! Egestas, eros. Leo etiam ridiculus, nunc! Etiam volutpat.",6,2,NA,NA,NA,2026-07-30T22:54:07Z,1
R_d6ViZzuQHHd4j5k,1,2,3,1,0,0,0,0,0,NA,1,7,"Blandit odio dictumst fusce aenean suscipit montes! Egestas, eros. Leo etiam ridiculus, nunc! Etiam volutpat.",6,2,NA,NA,NA,2026-07-30T22:54:07Z,1
R_d6ViZzuQHHd4j5k,1,3,1,1,1,3,2,1,113,NA,1,7,"Blandit odio dictumst fusce aenean suscipit montes! Egestas, eros. Leo etiam ridiculus, nunc! Etiam volutpat.",6,2,NA,NA,NA,2026-07-30T22:54:07Z,1
R_d6ViZzuQHHd4j5k,1,3,2,1,0,1,1,3,22,NA,1,7,"Blandit odio dictumst fusce aenean suscipit montes! Egestas, eros. Leo etiam ridiculus, nunc! Etiam volutpat.",6,2,NA,NA,NA,2026-07-30T22:54:07Z,1
R_d6ViZzuQHHd4j5k,1,3,3,1,0,0,0,0,0,NA,1,7,"Blandit odio dictumst fusce aenean suscipit montes! Egestas, eros. Leo etiam ridiculus, nunc! Etiam volutpat.",6,2,NA,NA,NA,2026-07-30T22:54:07Z,1
R_d6ViZzuQHHd4j5k,1,4,1,3,0,2,2,2,84,NA,1,7,"Blandit odio dictumst fusce aenean suscipit montes! Egestas, eros. Leo etiam ridiculus, nunc! Etiam volutpat.",6,2,NA,NA,NA,2026-07-30T22:54:07Z,1
R_d6ViZzuQHHd4j5k,1,4,2,3,0,1,3,1,56,NA,1,7,"Blandit odio dictumst fusce aenean suscipit montes! Egestas, eros. Leo etiam ridiculus, nunc! Etiam volutpat.",6,2,NA,NA,NA,2026-07-30T22:54:07Z,1
R_d6ViZzuQHHd4j5k,1,4,3,3,1,0,0,0,0,NA,1,7,"Blandit odio dictumst fusce aenean suscipit montes! Egestas, eros. Leo etiam ridiculus, nunc! Etiam volutpat.",6,2,NA,NA,NA,2026-07-30T22:54:07Z,1
R_d6ViZzuQHHd4j5k,1,5,1,3,0,1,2,2,11,NA,1,7,"Blandit odio dictumst fusce aenean suscipit montes! Egestas, eros. Leo etiam ridiculus, nunc! Etiam volutpat.",6,2,NA,NA,NA,2026-07-30T22:54:07Z,1
R_d6ViZzuQHHd4j5k,1,5,2,3,0,2,1,1,11,NA,1,7,"Blandit odio dictumst fusce aenean suscipit montes! Egestas, eros. Leo etiam ridiculus, nunc! Etiam volutpat.",6,2,NA,NA,NA,2026-07-30T22:54:07Z,1
R_d6ViZzuQHHd4j5k,1,5,3,3,1,0,0,0,0,NA,1,7,"Blandit odio dictumst fusce aenean suscipit montes! Egestas, eros. Leo etiam ridiculus, nunc! Etiam volutpat.",6,2,NA,NA,NA,2026-07-30T22:54:07Z,1
R_d6ViZzuQHHd4j5k,1,6,1,3,0,3,2,3,22,NA,1,7,"Blandit odio dictumst fusce aenean suscipit montes! Egestas, eros. Leo etiam ridiculus, nunc! Etiam volutpat.",6,2,NA,NA,NA,2026-07-30T22:54:07Z,1
R_d6ViZzuQHHd4j5k,1,6,2,3,0,2,1,2,113,NA,1,7,"Blandit odio dictumst fusce aenean suscipit montes! Egestas, eros. Leo etiam ridiculus, nunc! Etiam volutpat.",6,2,NA,NA,NA,2026-07-30T22:54:07Z,1
R_d6ViZzuQHHd4j5k,1,6,3,3,1,0,0,0,0,NA,1,7,"Blandit odio dictumst fusce aenean suscipit montes! Egestas, eros. Leo etiam ridiculus, nunc! Etiam volutpat.",6,2,NA,NA,NA,2026-07-30T22:54:07Z,1
R_d6ViZzuQHHd4j5k,1,7,1,3,0,3,3,2,56,NA,1,7,"Blandit odio dictumst fusce aenean suscipit montes! Egestas, eros. Leo etiam ridiculus, nunc! Etiam volutpat.",6,2,NA,NA,NA,2026-07-30T22:54:07Z,1
R_d6ViZzuQHHd4j5k,1,7,2,3,0,2,2,1,84,NA,1,7,"Blandit odio dictumst fusce aenean suscipit montes! Egestas, eros. Leo etiam ridiculus, nunc! Etiam volutpat.",6,2,NA,NA,NA,2026-07-30T22:54:07Z,1
R_d6ViZzuQHHd4j5k,1,7,3,3,1,0,0,0,0,NA,1,7,"Blandit odio dictumst fusce aenean suscipit montes! Egestas, eros. Leo etiam ridiculus, nunc! Etiam volutpat.",6,2,NA,NA,NA,2026-07-30T22:54:07Z,1
R_d6ViZzuQHHd4j5k,1,8,1,3,0,1,1,2,56,NA,1,7,"Blandit odio dictumst fusce aenean suscipit montes! Egestas, eros. Leo etiam ridiculus, nunc! Etiam volutpat.",6,2,NA,NA,NA,2026-07-30T22:54:07Z,1
R_d6ViZzuQHHd4j5k,1,8,2,3,0,3,3,3,22,NA,1,7,"Blandit odio dictumst fusce aenean suscipit montes! Egestas, eros. Leo etiam ridiculus, nunc! Etiam volutpat.",6,2,NA,NA,NA,2026-07-30T22:54:07Z,1
R_d6ViZzuQHHd4j5k,1,8,3,3,1,0,0,0,0,NA,1,7,"Blandit odio dictumst fusce aenean suscipit montes! Egestas, eros. Leo etiam ridiculus, nunc! Etiam volutpat.",6,2,NA,NA,NA,2026-07-30T22:54:07Z,1
R_d76PzTvqQNYKdhA,2,10,1,1,1,2,3,3,113,NA,1,2,NA,NA,3,NA,NA,NA,2026-07-30T20:30:09Z,1
R_d76PzTvqQNYKdhA,2,10,2,1,0,3,1,1,11,NA,1,2,NA,NA,3,NA,NA,NA,2026-07-30T20:30:09Z,1
R_d76PzTvqQNYKdhA,2,10,3,1,0,0,0,0,0,NA,1,2,NA,NA,3,NA,NA,NA,2026-07-30T20:30:09Z,1
R_d76PzTvqQNYKdhA,2,11,1,1,1,2,3,1,11,NA,1,2,NA,NA,3,NA,NA,NA,2026-07-30T20:30:09Z,1
R_d76PzTvqQNYKdhA,2,11,2,1,0,3,1,3,113,NA,1,2,NA,NA,3,NA,NA,NA,2026-07-30T20:30:09Z,1
R_d76PzTvqQNYKdhA,2,11,3,1,0,0,0,0,0,NA,1,2,NA,NA,3,NA,NA,NA,2026-07-30T20:30:09Z,1
R_d76PzTvqQNYKdhA,2,12,1,2,0,1,1,3,11,NA,1,2,NA,NA,3,NA,NA,NA,2026-07-30T20:30:09Z,1
R_d76PzTvqQNYKdhA,2,12,2,2,1,3,3,2,113,NA,1,2,NA,NA,3,NA,NA,NA,2026-07-30T20:30:09Z,1
R_d76PzTvqQNYKdhA,2,12,3,2,0,0,0,0,0,NA,1,2,NA,NA,3,NA,NA,NA,2026-07-30T20:30:09Z,1
R_d76PzTvqQNYKdhA,2,13,1,2,0,3,1,2,22,NA,1,2,NA,NA,3,NA,NA,NA,2026-07-30T20:30:09Z,1
R_d76PzTvqQNYKdhA,2,13,2,2,1,1,2,1,84,NA,1,2,NA,NA,3,NA,NA,NA,2026-07-30T20:30:09Z,1
R_d76PzTvqQNYKdhA,2,13,3,2,0,0,0,0,0,NA,1,2,NA,NA,3,NA,NA,NA,2026-07-30T20:30:09Z,1
R_d76PzTvqQNYKdhA,2,14,1,1,1,3,3,1,22,NA,1,2,NA,NA,3,NA,NA,NA,2026-07-30T20:30:09Z,1
R_d76PzTvqQNYKdhA,2,14,2,1,0,1,2,3,84,NA,1,2,NA,NA,3,NA,NA,NA,2026-07-30T20:30:09Z,1
R_d76PzTvqQNYKdhA,2,14,3,1,0,0,0,0,0,NA,1,2,NA,NA,3,NA,NA,NA,2026-07-30T20:30:09Z,1
R_d76PzTvqQNYKdhA,2,15,1,2,0,3,1,3,113,NA,1,2,NA,NA,3,NA,NA,NA,2026-07-30T20:30:09Z,1
R_d76PzTvqQNYKdhA,2,15,2,2,1,2,3,2,11,NA,1,2,NA,NA,3,NA,NA,NA,2026-07-30T20:30:09Z,1
R_d76PzTvqQNYKdhA,2,15,3,2,0,0,0,0,0,NA,1,2,NA,NA,3,NA,NA,NA,2026-07-30T20:30:09Z,1
R_d76PzTvqQNYKdhA,2,16,1,2,0,2,1,1,84,NA,1,2,NA,NA,3,NA,NA,NA,2026-07-30T20:30:09Z,1
R_d76PzTvqQNYKdhA,2,16,2,2,1,1,3,2,22,NA,1,2,NA,NA,3,NA,NA,NA,2026-07-30T20:30:09Z,1
R_d76PzTvqQNYKdhA,2,16,3,2,0,0,0,0,0,NA,1,2,NA,NA,3,NA,NA,NA,2026-07-30T20:30:09Z,1
R_d76PzTvqQNYKdhA,2,9,1,3,0,1,3,1,113,NA,1,2,NA,NA,3,NA,NA,NA,2026-07-30T20:30:09Z,1
R_d76PzTvqQNYKdhA,2,9,2,3,0,2,2,3,11,NA,1,2,NA,NA,3,NA,NA,NA,2026-07-30T20:30:09Z,1
R_d76PzTvqQNYKdhA,2,9,3,3,1,0,0,0,0,NA,1,2,NA,NA,3,NA,NA,NA,2026-07-30T20:30:09Z,1
R_dbX4Kht5t1BtKwC,1,1,1,5,0,1,2,1,84,NA,1,4,NA,NA,2,NA,NA,NA,2026-07-30T20:29:49Z,1
R_dbX4Kht5t1BtKwC,1,1,2,5,0,2,3,3,56,NA,1,4,NA,NA,2,NA,NA,NA,2026-07-30T20:29:49Z,1
R_dbX4Kht5t1BtKwC,1,1,3,5,0,0,0,0,0,NA,1,4,NA,NA,2,NA,NA,NA,2026-07-30T20:29:49Z,1
R_dbX4Kht5t1BtKwC,1,2,1,3,0,2,3,3,56,NA,1,4,NA,NA,2,NA,NA,NA,2026-07-30T20:29:49Z,1
R_dbX4Kht5t1BtKwC,1,2,2,3,0,3,2,2,56,NA,1,4,NA,NA,2,NA,NA,NA,2026-07-30T20:29:49Z,1
R_dbX4Kht5t1BtKwC,1,2,3,3,1,0,0,0,0,NA,1,4,NA,NA,2,NA,NA,NA,2026-07-30T20:29:49Z,1
R_dbX4Kht5t1BtKwC,1,3,1,1,1,3,2,1,113,NA,1,4,NA,NA,2,NA,NA,NA,2026-07-30T20:29:49Z,1
R_dbX4Kht5t1BtKwC,1,3,2,1,0,1,1,3,22,NA,1,4,NA,NA,2,NA,NA,NA,2026-07-30T20:29:49Z,1
R_dbX4Kht5t1BtKwC,1,3,3,1,0,0,0,0,0,NA,1,4,NA,NA,2,NA,NA,NA,2026-07-30T20:29:49Z,1
R_dbX4Kht5t1BtKwC,1,4,1,1,1,2,2,2,84,NA,1,4,NA,NA,2,NA,NA,NA,2026-07-30T20:29:49Z,1
R_dbX4Kht5t1BtKwC,1,4,2,1,0,1,3,1,56,NA,1,4,NA,NA,2,NA,NA,NA,2026-07-30T20:29:49Z,1
R_dbX4Kht5t1BtKwC,1,4,3,1,0,0,0,0,0,NA,1,4,NA,NA,2,NA,NA,NA,2026-07-30T20:29:49Z,1
R_dbX4Kht5t1BtKwC,1,5,1,2,0,1,2,2,11,NA,1,4,NA,NA,2,NA,NA,NA,2026-07-30T20:29:49Z,1
R_dbX4Kht5t1BtKwC,1,5,2,2,1,2,1,1,11,NA,1,4,NA,NA,2,NA,NA,NA,2026-07-30T20:29:49Z,1
R_dbX4Kht5t1BtKwC,1,5,3,2,0,0,0,0,0,NA,1,4,NA,NA,2,NA,NA,NA,2026-07-30T20:29:49Z,1
R_dbX4Kht5t1BtKwC,1,6,1,3,0,3,2,3,22,NA,1,4,NA,NA,2,NA,NA,NA,2026-07-30T20:29:49Z,1
R_dbX4Kht5t1BtKwC,1,6,2,3,0,2,1,2,113,NA,1,4,NA,NA,2,NA,NA,NA,2026-07-30T20:29:49Z,1
R_dbX4Kht5t1BtKwC,1,6,3,3,1,0,0,0,0,NA,1,4,NA,NA,2,NA,NA,NA,2026-07-30T20:29:49Z,1
R_dbX4Kht5t1BtKwC,1,7,1,2,0,3,3,2,56,NA,1,4,NA,NA,2,NA,NA,NA,2026-07-30T20:29:49Z,1
R_dbX4Kht5t1BtKwC,1,7,2,2,1,2,2,1,84,NA,1,4,NA,NA,2,NA,NA,NA,2026-07-30T20:29:49Z,1
R_dbX4Kht5t1BtKwC,1,7,3,2,0,0,0,0,0,NA,1,4,NA,NA,2,NA,NA,NA,2026-07-30T20:29:49Z,1
R_dbX4Kht5t1BtKwC,1,8,1,2,0,1,1,2,56,NA,1,4,NA,NA,2,NA,NA,NA,2026-07-30T20:29:49Z,1
R_dbX4Kht5t1BtKwC,1,8,2,2,1,3,3,3,22,NA,1,4,NA,NA,2,NA,NA,NA,2026-07-30T20:29:49Z,1
R_dbX4Kht5t1BtKwC,1,8,3,2,0,0,0,0,0,NA,1,4,NA,NA,2,NA,NA,NA,2026-07-30T20:29:49Z,1
R_dhUyCiQkp7Xk14W,1,1,1,6,0,1,2,1,84,NA,2,4,NA,NA,2,NA,NA,NA,2026-07-30T20:30:05Z,1
R_dhUyCiQkp7Xk14W,1,1,2,6,0,2,3,3,56,NA,2,4,NA,NA,2,NA,NA,NA,2026-07-30T20:30:05Z,1
R_dhUyCiQkp7Xk14W,1,1,3,6,0,0,0,0,0,NA,2,4,NA,NA,2,NA,NA,NA,2026-07-30T20:30:05Z,1
R_dhUyCiQkp7Xk14W,1,2,1,3,0,2,3,3,56,NA,2,4,NA,NA,2,NA,NA,NA,2026-07-30T20:30:05Z,1
R_dhUyCiQkp7Xk14W,1,2,2,3,0,3,2,2,56,NA,2,4,NA,NA,2,NA,NA,NA,2026-07-30T20:30:05Z,1
R_dhUyCiQkp7Xk14W,1,2,3,3,1,0,0,0,0,NA,2,4,NA,NA,2,NA,NA,NA,2026-07-30T20:30:05Z,1
R_dhUyCiQkp7Xk14W,1,3,1,3,0,3,2,1,113,NA,2,4,NA,NA,2,NA,NA,NA,2026-07-30T20:30:05Z,1
R_dhUyCiQkp7Xk14W,1,3,2,3,0,1,1,3,22,NA,2,4,NA,NA,2,NA,NA,NA,2026-07-30T20:30:05Z,1
R_dhUyCiQkp7Xk14W,1,3,3,3,1,0,0,0,0,NA,2,4,NA,NA,2,NA,NA,NA,2026-07-30T20:30:05Z,1
R_dhUyCiQkp7Xk14W,1,4,1,1,1,2,2,2,84,NA,2,4,NA,NA,2,NA,NA,NA,2026-07-30T20:30:05Z,1
R_dhUyCiQkp7Xk14W,1,4,2,1,0,1,3,1,56,NA,2,4,NA,NA,2,NA,NA,NA,2026-07-30T20:30:05Z,1
R_dhUyCiQkp7Xk14W,1,4,3,1,0,0,0,0,0,NA,2,4,NA,NA,2,NA,NA,NA,2026-07-30T20:30:05Z,1
R_dhUyCiQkp7Xk14W,1,5,1,3,0,1,2,2,11,NA,2,4,NA,NA,2,NA,NA,NA,2026-07-30T20:30:05Z,1
R_dhUyCiQkp7Xk14W,1,5,2,3,0,2,1,1,11,NA,2,4,NA,NA,2,NA,NA,NA,2026-07-30T20:30:05Z,1
R_dhUyCiQkp7Xk14W,1,5,3,3,1,0,0,0,0,NA,2,4,NA,NA,2,NA,NA,NA,2026-07-30T20:30:05Z,1
R_dhUyCiQkp7Xk14W,1,6,1,1,1,3,2,3,22,NA,2,4,NA,NA,2,NA,NA,NA,2026-07-30T20:30:05Z,1
R_dhUyCiQkp7Xk14W,1,6,2,1,0,2,1,2,113,NA,2,4,NA,NA,2,NA,NA,NA,2026-07-30T20:30:05Z,1
R_dhUyCiQkp7Xk14W,1,6,3,1,0,0,0,0,0,NA,2,4,NA,NA,2,NA,NA,NA,2026-07-30T20:30:05Z,1
R_dhUyCiQkp7Xk14W,1,7,1,3,0,3,3,2,56,NA,2,4,NA,NA,2,NA,NA,NA,2026-07-30T20:30:05Z,1
R_dhUyCiQkp7Xk14W,1,7,2,3,0,2,2,1,84,NA,2,4,NA,NA,2,NA,NA,NA,2026-07-30T20:30:05Z,1
R_dhUyCiQkp7Xk14W,1,7,3,3,1,0,0,0,0,NA,2,4,NA,NA,2,NA,NA,NA,2026-07-30T20:30:05Z,1
R_dhUyCiQkp7Xk14W,1,8,1,2,0,1,1,2,56,NA,2,4,NA,NA,2,NA,NA,NA,2026-07-30T20:30:05Z,1
R_dhUyCiQkp7Xk14W,1,8,2,2,1,3,3,3,22,NA,2,4,NA,NA,2,NA,NA,NA,2026-07-30T20:30:05Z,1
R_dhUyCiQkp7Xk14W,1,8,3,2,0,0,0,0,0,NA,2,4,NA,NA,2,NA,NA,NA,2026-07-30T20:30:05Z,1
R_dhtdYs2oTgMnfP8,1,1,1,2,0,1,2,1,84,NA,2,1,NA,NA,2,NA,NA,NA,2026-07-30T20:30:00Z,1
R_dhtdYs2oTgMnfP8,1,1,2,2,1,2,3,3,56,NA,2,1,NA,NA,2,NA,NA,NA,2026-07-30T20:30:00Z,1
R_dhtdYs2oTgMnfP8,1,1,3,2,0,0,0,0,0,NA,2,1,NA,NA,2,NA,NA,NA,2026-07-30T20:30:00Z,1
R_dhtdYs2oTgMnfP8,1,2,1,1,1,2,3,3,56,NA,2,1,NA,NA,2,NA,NA,NA,2026-07-30T20:30:00Z,1
R_dhtdYs2oTgMnfP8,1,2,2,1,0,3,2,2,56,NA,2,1,NA,NA,2,NA,NA,NA,2026-07-30T20:30:00Z,1
R_dhtdYs2oTgMnfP8,1,2,3,1,0,0,0,0,0,NA,2,1,NA,NA,2,NA,NA,NA,2026-07-30T20:30:00Z,1
R_dhtdYs2oTgMnfP8,1,3,1,3,0,3,2,1,113,NA,2,1,NA,NA,2,NA,NA,NA,2026-07-30T20:30:00Z,1
R_dhtdYs2oTgMnfP8,1,3,2,3,0,1,1,3,22,NA,2,1,NA,NA,2,NA,NA,NA,2026-07-30T20:30:00Z,1
R_dhtdYs2oTgMnfP8,1,3,3,3,1,0,0,0,0,NA,2,1,NA,NA,2,NA,NA,NA,2026-07-30T20:30:00Z,1
R_dhtdYs2oTgMnfP8,1,4,1,3,0,2,2,2,84,NA,2,1,NA,NA,2,NA,NA,NA,2026-07-30T20:30:00Z,1
R_dhtdYs2oTgMnfP8,1,4,2,3,0,1,3,1,56,NA,2,1,NA,NA,2,NA,NA,NA,2026-07-30T20:30:00Z,1
R_dhtdYs2oTgMnfP8,1,4,3,3,1,0,0,0,0,NA,2,1,NA,NA,2,NA,NA,NA,2026-07-30T20:30:00Z,1
R_dhtdYs2oTgMnfP8,1,5,1,2,0,1,2,2,11,NA,2,1,NA,NA,2,NA,NA,NA,2026-07-30T20:30:00Z,1
R_dhtdYs2oTgMnfP8,1,5,2,2,1,2,1,1,11,NA,2,1,NA,NA,2,NA,NA,NA,2026-07-30T20:30:00Z,1
R_dhtdYs2oTgMnfP8,1,5,3,2,0,0,0,0,0,NA,2,1,NA,NA,2,NA,NA,NA,2026-07-30T20:30:00Z,1
R_dhtdYs2oTgMnfP8,1,6,1,2,0,3,2,3,22,NA,2,1,NA,NA,2,NA,NA,NA,2026-07-30T20:30:00Z,1
R_dhtdYs2oTgMnfP8,1,6,2,2,1,2,1,2,113,NA,2,1,NA,NA,2,NA,NA,NA,2026-07-30T20:30:00Z,1
R_dhtdYs2oTgMnfP8,1,6,3,2,0,0,0,0,0,NA,2,1,NA,NA,2,NA,NA,NA,2026-07-30T20:30:00Z,1
R_dhtdYs2oTgMnfP8,1,7,1,3,0,3,3,2,56,NA,2,1,NA,NA,2,NA,NA,NA,2026-07-30T20:30:00Z,1
R_dhtdYs2oTgMnfP8,1,7,2,3,0,2,2,1,84,NA,2,1,NA,NA,2,NA,NA,NA,2026-07-30T20:30:00Z,1
R_dhtdYs2oTgMnfP8,1,7,3,3,1,0,0,0,0,NA,2,1,NA,NA,2,NA,NA,NA,2026-07-30T20:30:00Z,1
R_dhtdYs2oTgMnfP8,1,8,1,1,1,1,1,2,56,NA,2,1,NA,NA,2,NA,NA,NA,2026-07-30T20:30:00Z,1
R_dhtdYs2oTgMnfP8,1,8,2,1,0,3,3,3,22,NA,2,1,NA,NA,2,NA,NA,NA,2026-07-30T20:30:00Z,1
R_dhtdYs2oTgMnfP8,1,8,3,1,0,0,0,0,0,NA,2,1,NA,NA,2,NA,NA,NA,2026-07-30T20:30:00Z,1
R_dnjJUamHq6c2NJc,1,1,1,3,0,1,2,1,84,NA,1,3,NA,NA,3,NA,NA,NA,2026-06-23T11:57:27Z,1
R_dnjJUamHq6c2NJc,1,1,2,3,0,2,3,3,56,NA,1,3,NA,NA,3,NA,NA,NA,2026-06-23T11:57:27Z,1
R_dnjJUamHq6c2NJc,1,1,3,3,1,0,0,0,0,NA,1,3,NA,NA,3,NA,NA,NA,2026-06-23T11:57:27Z,1
R_dnjJUamHq6c2NJc,1,2,1,1,1,2,3,3,56,NA,1,3,NA,NA,3,NA,NA,NA,2026-06-23T11:57:27Z,1
R_dnjJUamHq6c2NJc,1,2,2,1,0,3,2,2,56,NA,1,3,NA,NA,3,NA,NA,NA,2026-06-23T11:57:27Z,1
R_dnjJUamHq6c2NJc,1,2,3,1,0,0,0,0,0,NA,1,3,NA,NA,3,NA,NA,NA,2026-06-23T11:57:27Z,1
R_dnjJUamHq6c2NJc,1,3,1,3,0,3,2,1,113,NA,1,3,NA,NA,3,NA,NA,NA,2026-06-23T11:57:27Z,1
R_dnjJUamHq6c2NJc,1,3,2,3,0,1,1,3,22,NA,1,3,NA,NA,3,NA,NA,NA,2026-06-23T11:57:27Z,1
R_dnjJUamHq6c2NJc,1,3,3,3,1,0,0,0,0,NA,1,3,NA,NA,3,NA,NA,NA,2026-06-23T11:57:27Z,1
R_dnjJUamHq6c2NJc,1,4,1,2,0,2,2,2,84,NA,1,3,NA,NA,3,NA,NA,NA,2026-06-23T11:57:27Z,1
R_dnjJUamHq6c2NJc,1,4,2,2,1,1,3,1,56,NA,1,3,NA,NA,3,NA,NA,NA,2026-06-23T11:57:27Z,1
R_dnjJUamHq6c2NJc,1,4,3,2,0,0,0,0,0,NA,1,3,NA,NA,3,NA,NA,NA,2026-06-23T11:57:27Z,1
R_dnjJUamHq6c2NJc,1,5,1,3,0,1,2,2,11,NA,1,3,NA,NA,3,NA,NA,NA,2026-06-23T11:57:27Z,1
R_dnjJUamHq6c2NJc,1,5,2,3,0,2,1,1,11,NA,1,3,NA,NA,3,NA,NA,NA,2026-06-23T11:57:27Z,1
R_dnjJUamHq6c2NJc,1,5,3,3,1,0,0,0,0,NA,1,3,NA,NA,3,NA,NA,NA,2026-06-23T11:57:27Z,1
R_dnjJUamHq6c2NJc,1,6,1,2,0,3,2,3,22,NA,1,3,NA,NA,3,NA,NA,NA,2026-06-23T11:57:27Z,1
R_dnjJUamHq6c2NJc,1,6,2,2,1,2,1,2,113,NA,1,3,NA,NA,3,NA,NA,NA,2026-06-23T11:57:27Z,1
R_dnjJUamHq6c2NJc,1,6,3,2,0,0,0,0,0,NA,1,3,NA,NA,3,NA,NA,NA,2026-06-23T11:57:27Z,1
R_dnjJUamHq6c2NJc,1,7,1,2,0,3,3,2,56,NA,1,3,NA,NA,3,NA,NA,NA,2026-06-23T11:57:27Z,1
R_dnjJUamHq6c2NJc,1,7,2,2,1,2,2,1,84,NA,1,3,NA,NA,3,NA,NA,NA,2026-06-23T11:57:27Z,1
R_dnjJUamHq6c2NJc,1,7,3,2,0,0,0,0,0,NA,1,3,NA,NA,3,NA,NA,NA,2026-06-23T11:57:27Z,1
R_dnjJUamHq6c2NJc,1,8,1,2,0,1,1,2,56,NA,1,3,NA,NA,3,NA,NA,NA,2026-06-23T11:57:27Z,1
R_dnjJUamHq6c2NJc,1,8,2,2,1,3,3,3,22,NA,1,3,NA,NA,3,NA,NA,NA,2026-06-23T11:57:27Z,1
R_dnjJUamHq6c2NJc,1,8,3,2,0,0,0,0,0,NA,1,3,NA,NA,3,NA,NA,NA,2026-06-23T11:57:27Z,1
R_dpayjbUK5BQQWHk,1,1,1,6,0,1,2,1,84,NA,2,4,NA,NA,2,NA,NA,NA,2026-07-30T20:29:59Z,1
R_dpayjbUK5BQQWHk,1,1,2,6,0,2,3,3,56,NA,2,4,NA,NA,2,NA,NA,NA,2026-07-30T20:29:59Z,1
R_dpayjbUK5BQQWHk,1,1,3,6,0,0,0,0,0,NA,2,4,NA,NA,2,NA,NA,NA,2026-07-30T20:29:59Z,1
R_dpayjbUK5BQQWHk,1,2,1,2,0,2,3,3,56,NA,2,4,NA,NA,2,NA,NA,NA,2026-07-30T20:29:59Z,1
R_dpayjbUK5BQQWHk,1,2,2,2,1,3,2,2,56,NA,2,4,NA,NA,2,NA,NA,NA,2026-07-30T20:29:59Z,1
R_dpayjbUK5BQQWHk,1,2,3,2,0,0,0,0,0,NA,2,4,NA,NA,2,NA,NA,NA,2026-07-30T20:29:59Z,1
R_dpayjbUK5BQQWHk,1,3,1,2,0,3,2,1,113,NA,2,4,NA,NA,2,NA,NA,NA,2026-07-30T20:29:59Z,1
R_dpayjbUK5BQQWHk,1,3,2,2,1,1,1,3,22,NA,2,4,NA,NA,2,NA,NA,NA,2026-07-30T20:29:59Z,1
R_dpayjbUK5BQQWHk,1,3,3,2,0,0,0,0,0,NA,2,4,NA,NA,2,NA,NA,NA,2026-07-30T20:29:59Z,1
R_dpayjbUK5BQQWHk,1,4,1,1,1,2,2,2,84,NA,2,4,NA,NA,2,NA,NA,NA,2026-07-30T20:29:59Z,1
R_dpayjbUK5BQQWHk,1,4,2,1,0,1,3,1,56,NA,2,4,NA,NA,2,NA,NA,NA,2026-07-30T20:29:59Z,1
R_dpayjbUK5BQQWHk,1,4,3,1,0,0,0,0,0,NA,2,4,NA,NA,2,NA,NA,NA,2026-07-30T20:29:59Z,1
R_dpayjbUK5BQQWHk,1,5,1,1,1,1,2,2,11,NA,2,4,NA,NA,2,NA,NA,NA,2026-07-30T20:29:59Z,1
R_dpayjbUK5BQQWHk,1,5,2,1,0,2,1,1,11,NA,2,4,NA,NA,2,NA,NA,NA,2026-07-30T20:29:59Z,1
R_dpayjbUK5BQQWHk,1,5,3,1,0,0,0,0,0,NA,2,4,NA,NA,2,NA,NA,NA,2026-07-30T20:29:59Z,1
R_dpayjbUK5BQQWHk,1,6,1,1,1,3,2,3,22,NA,2,4,NA,NA,2,NA,NA,NA,2026-07-30T20:29:59Z,1
R_dpayjbUK5BQQWHk,1,6,2,1,0,2,1,2,113,NA,2,4,NA,NA,2,NA,NA,NA,2026-07-30T20:29:59Z,1
R_dpayjbUK5BQQWHk,1,6,3,1,0,0,0,0,0,NA,2,4,NA,NA,2,NA,NA,NA,2026-07-30T20:29:59Z,1
R_dpayjbUK5BQQWHk,1,7,1,2,0,3,3,2,56,NA,2,4,NA,NA,2,NA,NA,NA,2026-07-30T20:29:59Z,1
R_dpayjbUK5BQQWHk,1,7,2,2,1,2,2,1,84,NA,2,4,NA,NA,2,NA,NA,NA,2026-07-30T20:29:59Z,1
R_dpayjbUK5BQQWHk,1,7,3,2,0,0,0,0,0,NA,2,4,NA,NA,2,NA,NA,NA,2026-07-30T20:29:59Z,1
R_dpayjbUK5BQQWHk,1,8,1,1,1,1,1,2,56,NA,2,4,NA,NA,2,NA,NA,NA,2026-07-30T20:29:59Z,1
R_dpayjbUK5BQQWHk,1,8,2,1,0,3,3,3,22,NA,2,4,NA,NA,2,NA,NA,NA,2026-07-30T20:29:59Z,1
R_dpayjbUK5BQQWHk,1,8,3,1,0,0,0,0,0,NA,2,4,NA,NA,2,NA,NA,NA,2026-07-30T20:29:59Z,1
R_e2qo8isxafcaUxU,2,10,1,3,0,2,3,3,113,NA,1,7,Mauris aliquam. Placerat nibh accumsan. Nec eros bibendum. Natoque tempora etiam tempor commodo fusce.,NA,4,Ac nonummy! Iaculis wisi iaculis suscipit sit? Nonummy proin arcu iaculis. Dignissim dapibus? Molestie risus.,NA,NA,2026-06-23T11:57:27Z,1
R_e2qo8isxafcaUxU,2,10,2,3,0,3,1,1,11,NA,1,7,Mauris aliquam. Placerat nibh accumsan. Nec eros bibendum. Natoque tempora etiam tempor commodo fusce.,NA,4,Ac nonummy! Iaculis wisi iaculis suscipit sit? Nonummy proin arcu iaculis. Dignissim dapibus? Molestie risus.,NA,NA,2026-06-23T11:57:27Z,1
R_e2qo8isxafcaUxU,2,10,3,3,1,0,0,0,0,NA,1,7,Mauris aliquam. Placerat nibh accumsan. Nec eros bibendum. Natoque tempora etiam tempor commodo fusce.,NA,4,Ac nonummy! Iaculis wisi iaculis suscipit sit? Nonummy proin arcu iaculis. Dignissim dapibus? Molestie risus.,NA,NA,2026-06-23T11:57:27Z,1
R_e2qo8isxafcaUxU,2,11,1,3,0,2,3,1,11,NA,1,7,Mauris aliquam. Placerat nibh accumsan. Nec eros bibendum. Natoque tempora etiam tempor commodo fusce.,NA,4,Ac nonummy! Iaculis wisi iaculis suscipit sit? Nonummy proin arcu iaculis. Dignissim dapibus? Molestie risus.,NA,NA,2026-06-23T11:57:27Z,1
R_e2qo8isxafcaUxU,2,11,2,3,0,3,1,3,113,NA,1,7,Mauris aliquam. Placerat nibh accumsan. Nec eros bibendum. Natoque tempora etiam tempor commodo fusce.,NA,4,Ac nonummy! Iaculis wisi iaculis suscipit sit? Nonummy proin arcu iaculis. Dignissim dapibus? Molestie risus.,NA,NA,2026-06-23T11:57:27Z,1
R_e2qo8isxafcaUxU,2,11,3,3,1,0,0,0,0,NA,1,7,Mauris aliquam. Placerat nibh accumsan. Nec eros bibendum. Natoque tempora etiam tempor commodo fusce.,NA,4,Ac nonummy! Iaculis wisi iaculis suscipit sit? Nonummy proin arcu iaculis. Dignissim dapibus? Molestie risus.,NA,NA,2026-06-23T11:57:27Z,1
R_e2qo8isxafcaUxU,2,12,1,3,0,1,1,3,11,NA,1,7,Mauris aliquam. Placerat nibh accumsan. Nec eros bibendum. Natoque tempora etiam tempor commodo fusce.,NA,4,Ac nonummy! Iaculis wisi iaculis suscipit sit? Nonummy proin arcu iaculis. Dignissim dapibus? Molestie risus.,NA,NA,2026-06-23T11:57:27Z,1
R_e2qo8isxafcaUxU,2,12,2,3,0,3,3,2,113,NA,1,7,Mauris aliquam. Placerat nibh accumsan. Nec eros bibendum. Natoque tempora etiam tempor commodo fusce.,NA,4,Ac nonummy! Iaculis wisi iaculis suscipit sit? Nonummy proin arcu iaculis. Dignissim dapibus? Molestie risus.,NA,NA,2026-06-23T11:57:27Z,1
R_e2qo8isxafcaUxU,2,12,3,3,1,0,0,0,0,NA,1,7,Mauris aliquam. Placerat nibh accumsan. Nec eros bibendum. Natoque tempora etiam tempor commodo fusce.,NA,4,Ac nonummy! Iaculis wisi iaculis suscipit sit? Nonummy proin arcu iaculis. Dignissim dapibus? Molestie risus.,NA,NA,2026-06-23T11:57:27Z,1
R_e2qo8isxafcaUxU,2,13,1,1,1,3,1,2,22,NA,1,7,Mauris aliquam. Placerat nibh accumsan. Nec eros bibendum. Natoque tempora etiam tempor commodo fusce.,NA,4,Ac nonummy! Iaculis wisi iaculis suscipit sit? Nonummy proin arcu iaculis. Dignissim dapibus? Molestie risus.,NA,NA,2026-06-23T11:57:27Z,1
R_e2qo8isxafcaUxU,2,13,2,1,0,1,2,1,84,NA,1,7,Mauris aliquam. Placerat nibh accumsan. Nec eros bibendum. Natoque tempora etiam tempor commodo fusce.,NA,4,Ac nonummy! Iaculis wisi iaculis suscipit sit? Nonummy proin arcu iaculis. Dignissim dapibus? Molestie risus.,NA,NA,2026-06-23T11:57:27Z,1
R_e2qo8isxafcaUxU,2,13,3,1,0,0,0,0,0,NA,1,7,Mauris aliquam. Placerat nibh accumsan. Nec eros bibendum. Natoque tempora etiam tempor commodo fusce.,NA,4,Ac nonummy! Iaculis wisi iaculis suscipit sit? Nonummy proin arcu iaculis. Dignissim dapibus? Molestie risus.,NA,NA,2026-06-23T11:57:27Z,1
R_e2qo8isxafcaUxU,2,14,1,1,1,3,3,1,22,NA,1,7,Mauris aliquam. Placerat nibh accumsan. Nec eros bibendum. Natoque tempora etiam tempor commodo fusce.,NA,4,Ac nonummy! Iaculis wisi iaculis suscipit sit? Nonummy proin arcu iaculis. Dignissim dapibus? Molestie risus.,NA,NA,2026-06-23T11:57:27Z,1
R_e2qo8isxafcaUxU,2,14,2,1,0,1,2,3,84,NA,1,7,Mauris aliquam. Placerat nibh accumsan. Nec eros bibendum. Natoque tempora etiam tempor commodo fusce.,NA,4,Ac nonummy! Iaculis wisi iaculis suscipit sit? Nonummy proin arcu iaculis. Dignissim dapibus? Molestie risus.,NA,NA,2026-06-23T11:57:27Z,1
R_e2qo8isxafcaUxU,2,14,3,1,0,0,0,0,0,NA,1,7,Mauris aliquam. Placerat nibh accumsan. Nec eros bibendum. Natoque tempora etiam tempor commodo fusce.,NA,4,Ac nonummy! Iaculis wisi iaculis suscipit sit? Nonummy proin arcu iaculis. Dignissim dapibus? Molestie risus.,NA,NA,2026-06-23T11:57:27Z,1
R_e2qo8isxafcaUxU,2,15,1,1,1,3,1,3,113,NA,1,7,Mauris aliquam. Placerat nibh accumsan. Nec eros bibendum. Natoque tempora etiam tempor commodo fusce.,NA,4,Ac nonummy! Iaculis wisi iaculis suscipit sit? Nonummy proin arcu iaculis. Dignissim dapibus? Molestie risus.,NA,NA,2026-06-23T11:57:27Z,1
R_e2qo8isxafcaUxU,2,15,2,1,0,2,3,2,11,NA,1,7,Mauris aliquam. Placerat nibh accumsan. Nec eros bibendum. Natoque tempora etiam tempor commodo fusce.,NA,4,Ac nonummy! Iaculis wisi iaculis suscipit sit? Nonummy proin arcu iaculis. Dignissim dapibus? Molestie risus.,NA,NA,2026-06-23T11:57:27Z,1
R_e2qo8isxafcaUxU,2,15,3,1,0,0,0,0,0,NA,1,7,Mauris aliquam. Placerat nibh accumsan. Nec eros bibendum. Natoque tempora etiam tempor commodo fusce.,NA,4,Ac nonummy! Iaculis wisi iaculis suscipit sit? Nonummy proin arcu iaculis. Dignissim dapibus? Molestie risus.,NA,NA,2026-06-23T11:57:27Z,1
R_e2qo8isxafcaUxU,2,16,1,2,0,2,1,1,84,NA,1,7,Mauris aliquam. Placerat nibh accumsan. Nec eros bibendum. Natoque tempora etiam tempor commodo fusce.,NA,4,Ac nonummy! Iaculis wisi iaculis suscipit sit? Nonummy proin arcu iaculis. Dignissim dapibus? Molestie risus.,NA,NA,2026-06-23T11:57:27Z,1
R_e2qo8isxafcaUxU,2,16,2,2,1,1,3,2,22,NA,1,7,Mauris aliquam. Placerat nibh accumsan. Nec eros bibendum. Natoque tempora etiam tempor commodo fusce.,NA,4,Ac nonummy! Iaculis wisi iaculis suscipit sit? Nonummy proin arcu iaculis. Dignissim dapibus? Molestie risus.,NA,NA,2026-06-23T11:57:27Z,1
R_e2qo8isxafcaUxU,2,16,3,2,0,0,0,0,0,NA,1,7,Mauris aliquam. Placerat nibh accumsan. Nec eros bibendum. Natoque tempora etiam tempor commodo fusce.,NA,4,Ac nonummy! Iaculis wisi iaculis suscipit sit? Nonummy proin arcu iaculis. Dignissim dapibus? Molestie risus.,NA,NA,2026-06-23T11:57:27Z,1
R_e2qo8isxafcaUxU,2,9,1,1,1,1,3,1,113,NA,1,7,Mauris aliquam. Placerat nibh accumsan. Nec eros bibendum. Natoque tempora etiam tempor commodo fusce.,NA,4,Ac nonummy! Iaculis wisi iaculis suscipit sit? Nonummy proin arcu iaculis. Dignissim dapibus? Molestie risus.,NA,NA,2026-06-23T11:57:27Z,1
R_e2qo8isxafcaUxU,2,9,2,1,0,2,2,3,11,NA,1,7,Mauris aliquam. Placerat nibh accumsan. Nec eros bibendum. Natoque tempora etiam tempor commodo fusce.,NA,4,Ac nonummy! Iaculis wisi iaculis suscipit sit? Nonummy proin arcu iaculis. Dignissim dapibus? Molestie risus.,NA,NA,2026-06-23T11:57:27Z,1
R_e2qo8isxafcaUxU,2,9,3,1,0,0,0,0,0,NA,1,7,Mauris aliquam. Placerat nibh accumsan. Nec eros bibendum. Natoque tempora etiam tempor commodo fusce.,NA,4,Ac nonummy! Iaculis wisi iaculis suscipit sit? Nonummy proin arcu iaculis. Dignissim dapibus? Molestie risus.,NA,NA,2026-06-23T11:57:27Z,1
R_e58Y31aUmaH5Yge,1,1,1,6,0,1,2,1,84,NA,2,7,"Potenti est. Massa, ultricies facilisis eu tempora tortor vivamus consectetuer.",NA,1,NA,NA,NA,2026-07-30T20:30:07Z,1
R_e58Y31aUmaH5Yge,1,1,2,6,0,2,3,3,56,NA,2,7,"Potenti est. Massa, ultricies facilisis eu tempora tortor vivamus consectetuer.",NA,1,NA,NA,NA,2026-07-30T20:30:07Z,1
R_e58Y31aUmaH5Yge,1,1,3,6,0,0,0,0,0,NA,2,7,"Potenti est. Massa, ultricies facilisis eu tempora tortor vivamus consectetuer.",NA,1,NA,NA,NA,2026-07-30T20:30:07Z,1
R_e58Y31aUmaH5Yge,1,2,1,3,0,2,3,3,56,NA,2,7,"Potenti est. Massa, ultricies facilisis eu tempora tortor vivamus consectetuer.",NA,1,NA,NA,NA,2026-07-30T20:30:07Z,1
R_e58Y31aUmaH5Yge,1,2,2,3,0,3,2,2,56,NA,2,7,"Potenti est. Massa, ultricies facilisis eu tempora tortor vivamus consectetuer.",NA,1,NA,NA,NA,2026-07-30T20:30:07Z,1
R_e58Y31aUmaH5Yge,1,2,3,3,1,0,0,0,0,NA,2,7,"Potenti est. Massa, ultricies facilisis eu tempora tortor vivamus consectetuer.",NA,1,NA,NA,NA,2026-07-30T20:30:07Z,1
R_e58Y31aUmaH5Yge,1,3,1,1,1,3,2,1,113,NA,2,7,"Potenti est. Massa, ultricies facilisis eu tempora tortor vivamus consectetuer.",NA,1,NA,NA,NA,2026-07-30T20:30:07Z,1
R_e58Y31aUmaH5Yge,1,3,2,1,0,1,1,3,22,NA,2,7,"Potenti est. Massa, ultricies facilisis eu tempora tortor vivamus consectetuer.",NA,1,NA,NA,NA,2026-07-30T20:30:07Z,1
R_e58Y31aUmaH5Yge,1,3,3,1,0,0,0,0,0,NA,2,7,"Potenti est. Massa, ultricies facilisis eu tempora tortor vivamus consectetuer.",NA,1,NA,NA,NA,2026-07-30T20:30:07Z,1
R_e58Y31aUmaH5Yge,1,4,1,3,0,2,2,2,84,NA,2,7,"Potenti est. Massa, ultricies facilisis eu tempora tortor vivamus consectetuer.",NA,1,NA,NA,NA,2026-07-30T20:30:07Z,1
R_e58Y31aUmaH5Yge,1,4,2,3,0,1,3,1,56,NA,2,7,"Potenti est. Massa, ultricies facilisis eu tempora tortor vivamus consectetuer.",NA,1,NA,NA,NA,2026-07-30T20:30:07Z,1
R_e58Y31aUmaH5Yge,1,4,3,3,1,0,0,0,0,NA,2,7,"Potenti est. Massa, ultricies facilisis eu tempora tortor vivamus consectetuer.",NA,1,NA,NA,NA,2026-07-30T20:30:07Z,1
R_e58Y31aUmaH5Yge,1,5,1,2,0,1,2,2,11,NA,2,7,"Potenti est. Massa, ultricies facilisis eu tempora tortor vivamus consectetuer.",NA,1,NA,NA,NA,2026-07-30T20:30:07Z,1
R_e58Y31aUmaH5Yge,1,5,2,2,1,2,1,1,11,NA,2,7,"Potenti est. Massa, ultricies facilisis eu tempora tortor vivamus consectetuer.",NA,1,NA,NA,NA,2026-07-30T20:30:07Z,1
R_e58Y31aUmaH5Yge,1,5,3,2,0,0,0,0,0,NA,2,7,"Potenti est. Massa, ultricies facilisis eu tempora tortor vivamus consectetuer.",NA,1,NA,NA,NA,2026-07-30T20:30:07Z,1
R_e58Y31aUmaH5Yge,1,6,1,2,0,3,2,3,22,NA,2,7,"Potenti est. Massa, ultricies facilisis eu tempora tortor vivamus consectetuer.",NA,1,NA,NA,NA,2026-07-30T20:30:07Z,1
R_e58Y31aUmaH5Yge,1,6,2,2,1,2,1,2,113,NA,2,7,"Potenti est. Massa, ultricies facilisis eu tempora tortor vivamus consectetuer.",NA,1,NA,NA,NA,2026-07-30T20:30:07Z,1
R_e58Y31aUmaH5Yge,1,6,3,2,0,0,0,0,0,NA,2,7,"Potenti est. Massa, ultricies facilisis eu tempora tortor vivamus consectetuer.",NA,1,NA,NA,NA,2026-07-30T20:30:07Z,1
R_e58Y31aUmaH5Yge,1,7,1,3,0,3,3,2,56,NA,2,7,"Potenti est. Massa, ultricies facilisis eu tempora tortor vivamus consectetuer.",NA,1,NA,NA,NA,2026-07-30T20:30:07Z,1
R_e58Y31aUmaH5Yge,1,7,2,3,0,2,2,1,84,NA,2,7,"Potenti est. Massa, ultricies facilisis eu tempora tortor vivamus consectetuer.",NA,1,NA,NA,NA,2026-07-30T20:30:07Z,1
R_e58Y31aUmaH5Yge,1,7,3,3,1,0,0,0,0,NA,2,7,"Potenti est. Massa, ultricies facilisis eu tempora tortor vivamus consectetuer.",NA,1,NA,NA,NA,2026-07-30T20:30:07Z,1
R_e58Y31aUmaH5Yge,1,8,1,3,0,1,1,2,56,NA,2,7,"Potenti est. Massa, ultricies facilisis eu tempora tortor vivamus consectetuer.",NA,1,NA,NA,NA,2026-07-30T20:30:07Z,1
R_e58Y31aUmaH5Yge,1,8,2,3,0,3,3,3,22,NA,2,7,"Potenti est. Massa, ultricies facilisis eu tempora tortor vivamus consectetuer.",NA,1,NA,NA,NA,2026-07-30T20:30:07Z,1
R_e58Y31aUmaH5Yge,1,8,3,3,1,0,0,0,0,NA,2,7,"Potenti est. Massa, ultricies facilisis eu tempora tortor vivamus consectetuer.",NA,1,NA,NA,NA,2026-07-30T20:30:07Z,1
R_e8Lc1k6vyG8STWK,1,1,1,2,0,1,2,1,84,NA,1,2,NA,5,4,"Primis eros? Tempora commodo orci viverra sollicitudin tempor, sed, primis bibendum.",NA,NA,2026-07-30T22:54:03Z,1
R_e8Lc1k6vyG8STWK,1,1,2,2,1,2,3,3,56,NA,1,2,NA,5,4,"Primis eros? Tempora commodo orci viverra sollicitudin tempor, sed, primis bibendum.",NA,NA,2026-07-30T22:54:03Z,1
R_e8Lc1k6vyG8STWK,1,1,3,2,0,0,0,0,0,NA,1,2,NA,5,4,"Primis eros? Tempora commodo orci viverra sollicitudin tempor, sed, primis bibendum.",NA,NA,2026-07-30T22:54:03Z,1
R_e8Lc1k6vyG8STWK,1,2,1,2,0,2,3,3,56,NA,1,2,NA,5,4,"Primis eros? Tempora commodo orci viverra sollicitudin tempor, sed, primis bibendum.",NA,NA,2026-07-30T22:54:03Z,1
R_e8Lc1k6vyG8STWK,1,2,2,2,1,3,2,2,56,NA,1,2,NA,5,4,"Primis eros? Tempora commodo orci viverra sollicitudin tempor, sed, primis bibendum.",NA,NA,2026-07-30T22:54:03Z,1
R_e8Lc1k6vyG8STWK,1,2,3,2,0,0,0,0,0,NA,1,2,NA,5,4,"Primis eros? Tempora commodo orci viverra sollicitudin tempor, sed, primis bibendum.",NA,NA,2026-07-30T22:54:03Z,1
R_e8Lc1k6vyG8STWK,1,3,1,2,0,3,2,1,113,NA,1,2,NA,5,4,"Primis eros? Tempora commodo orci viverra sollicitudin tempor, sed, primis bibendum.",NA,NA,2026-07-30T22:54:03Z,1
R_e8Lc1k6vyG8STWK,1,3,2,2,1,1,1,3,22,NA,1,2,NA,5,4,"Primis eros? Tempora commodo orci viverra sollicitudin tempor, sed, primis bibendum.",NA,NA,2026-07-30T22:54:03Z,1
R_e8Lc1k6vyG8STWK,1,3,3,2,0,0,0,0,0,NA,1,2,NA,5,4,"Primis eros? Tempora commodo orci viverra sollicitudin tempor, sed, primis bibendum.",NA,NA,2026-07-30T22:54:03Z,1
R_e8Lc1k6vyG8STWK,1,4,1,1,1,2,2,2,84,NA,1,2,NA,5,4,"Primis eros? Tempora commodo orci viverra sollicitudin tempor, sed, primis bibendum.",NA,NA,2026-07-30T22:54:03Z,1
R_e8Lc1k6vyG8STWK,1,4,2,1,0,1,3,1,56,NA,1,2,NA,5,4,"Primis eros? Tempora commodo orci viverra sollicitudin tempor, sed, primis bibendum.",NA,NA,2026-07-30T22:54:03Z,1
R_e8Lc1k6vyG8STWK,1,4,3,1,0,0,0,0,0,NA,1,2,NA,5,4,"Primis eros? Tempora commodo orci viverra sollicitudin tempor, sed, primis bibendum.",NA,NA,2026-07-30T22:54:03Z,1
R_e8Lc1k6vyG8STWK,1,5,1,3,0,1,2,2,11,NA,1,2,NA,5,4,"Primis eros? Tempora commodo orci viverra sollicitudin tempor, sed, primis bibendum.",NA,NA,2026-07-30T22:54:03Z,1
R_e8Lc1k6vyG8STWK,1,5,2,3,0,2,1,1,11,NA,1,2,NA,5,4,"Primis eros? Tempora commodo orci viverra sollicitudin tempor, sed, primis bibendum.",NA,NA,2026-07-30T22:54:03Z,1
R_e8Lc1k6vyG8STWK,1,5,3,3,1,0,0,0,0,NA,1,2,NA,5,4,"Primis eros? Tempora commodo orci viverra sollicitudin tempor, sed, primis bibendum.",NA,NA,2026-07-30T22:54:03Z,1
R_e8Lc1k6vyG8STWK,1,6,1,3,0,3,2,3,22,NA,1,2,NA,5,4,"Primis eros? Tempora commodo orci viverra sollicitudin tempor, sed, primis bibendum.",NA,NA,2026-07-30T22:54:03Z,1
R_e8Lc1k6vyG8STWK,1,6,2,3,0,2,1,2,113,NA,1,2,NA,5,4,"Primis eros? Tempora commodo orci viverra sollicitudin tempor, sed, primis bibendum.",NA,NA,2026-07-30T22:54:03Z,1
R_e8Lc1k6vyG8STWK,1,6,3,3,1,0,0,0,0,NA,1,2,NA,5,4,"Primis eros? Tempora commodo orci viverra sollicitudin tempor, sed, primis bibendum.",NA,NA,2026-07-30T22:54:03Z,1
R_e8Lc1k6vyG8STWK,1,7,1,1,1,3,3,2,56,NA,1,2,NA,5,4,"Primis eros? Tempora commodo orci viverra sollicitudin tempor, sed, primis bibendum.",NA,NA,2026-07-30T22:54:03Z,1
R_e8Lc1k6vyG8STWK,1,7,2,1,0,2,2,1,84,NA,1,2,NA,5,4,"Primis eros? Tempora commodo orci viverra sollicitudin tempor, sed, primis bibendum.",NA,NA,2026-07-30T22:54:03Z,1
R_e8Lc1k6vyG8STWK,1,7,3,1,0,0,0,0,0,NA,1,2,NA,5,4,"Primis eros? Tempora commodo orci viverra sollicitudin tempor, sed, primis bibendum.",NA,NA,2026-07-30T22:54:03Z,1
R_e8Lc1k6vyG8STWK,1,8,1,1,1,1,1,2,56,NA,1,2,NA,5,4,"Primis eros? Tempora commodo orci viverra sollicitudin tempor, sed, primis bibendum.",NA,NA,2026-07-30T22:54:03Z,1
R_e8Lc1k6vyG8STWK,1,8,2,1,0,3,3,3,22,NA,1,2,NA,5,4,"Primis eros? Tempora commodo orci viverra sollicitudin tempor, sed, primis bibendum.",NA,NA,2026-07-30T22:54:03Z,1
R_e8Lc1k6vyG8STWK,1,8,3,1,0,0,0,0,0,NA,1,2,NA,5,4,"Primis eros? Tempora commodo orci viverra sollicitudin tempor, sed, primis bibendum.",NA,NA,2026-07-30T22:54:03Z,1
R_e8t53zALlRmaahM,2,10,1,2,0,2,3,3,113,NA,3,4,NA,NA,2,NA,NA,NA,2026-07-30T20:30:02Z,1
R_e8t53zALlRmaahM,2,10,2,2,1,3,1,1,11,NA,3,4,NA,NA,2,NA,NA,NA,2026-07-30T20:30:02Z,1
R_e8t53zALlRmaahM,2,10,3,2,0,0,0,0,0,NA,3,4,NA,NA,2,NA,NA,NA,2026-07-30T20:30:02Z,1
R_e8t53zALlRmaahM,2,11,1,2,0,2,3,1,11,NA,3,4,NA,NA,2,NA,NA,NA,2026-07-30T20:30:02Z,1
R_e8t53zALlRmaahM,2,11,2,2,1,3,1,3,113,NA,3,4,NA,NA,2,NA,NA,NA,2026-07-30T20:30:02Z,1
R_e8t53zALlRmaahM,2,11,3,2,0,0,0,0,0,NA,3,4,NA,NA,2,NA,NA,NA,2026-07-30T20:30:02Z,1
R_e8t53zALlRmaahM,2,12,1,3,0,1,1,3,11,NA,3,4,NA,NA,2,NA,NA,NA,2026-07-30T20:30:02Z,1
R_e8t53zALlRmaahM,2,12,2,3,0,3,3,2,113,NA,3,4,NA,NA,2,NA,NA,NA,2026-07-30T20:30:02Z,1
R_e8t53zALlRmaahM,2,12,3,3,1,0,0,0,0,NA,3,4,NA,NA,2,NA,NA,NA,2026-07-30T20:30:02Z,1
R_e8t53zALlRmaahM,2,13,1,1,1,3,1,2,22,NA,3,4,NA,NA,2,NA,NA,NA,2026-07-30T20:30:02Z,1
R_e8t53zALlRmaahM,2,13,2,1,0,1,2,1,84,NA,3,4,NA,NA,2,NA,NA,NA,2026-07-30T20:30:02Z,1
R_e8t53zALlRmaahM,2,13,3,1,0,0,0,0,0,NA,3,4,NA,NA,2,NA,NA,NA,2026-07-30T20:30:02Z,1
R_e8t53zALlRmaahM,2,14,1,1,1,3,3,1,22,NA,3,4,NA,NA,2,NA,NA,NA,2026-07-30T20:30:02Z,1
R_e8t53zALlRmaahM,2,14,2,1,0,1,2,3,84,NA,3,4,NA,NA,2,NA,NA,NA,2026-07-30T20:30:02Z,1
R_e8t53zALlRmaahM,2,14,3,1,0,0,0,0,0,NA,3,4,NA,NA,2,NA,NA,NA,2026-07-30T20:30:02Z,1
R_e8t53zALlRmaahM,2,15,1,2,0,3,1,3,113,NA,3,4,NA,NA,2,NA,NA,NA,2026-07-30T20:30:02Z,1
R_e8t53zALlRmaahM,2,15,2,2,1,2,3,2,11,NA,3,4,NA,NA,2,NA,NA,NA,2026-07-30T20:30:02Z,1
R_e8t53zALlRmaahM,2,15,3,2,0,0,0,0,0,NA,3,4,NA,NA,2,NA,NA,NA,2026-07-30T20:30:02Z,1
R_e8t53zALlRmaahM,2,16,1,2,0,2,1,1,84,NA,3,4,NA,NA,2,NA,NA,NA,2026-07-30T20:30:02Z,1
R_e8t53zALlRmaahM,2,16,2,2,1,1,3,2,22,NA,3,4,NA,NA,2,NA,NA,NA,2026-07-30T20:30:02Z,1
R_e8t53zALlRmaahM,2,16,3,2,0,0,0,0,0,NA,3,4,NA,NA,2,NA,NA,NA,2026-07-30T20:30:02Z,1
R_e8t53zALlRmaahM,2,9,1,1,1,1,3,1,113,NA,3,4,NA,NA,2,NA,NA,NA,2026-07-30T20:30:02Z,1
R_e8t53zALlRmaahM,2,9,2,1,0,2,2,3,11,NA,3,4,NA,NA,2,NA,NA,NA,2026-07-30T20:30:02Z,1
R_e8t53zALlRmaahM,2,9,3,1,0,0,0,0,0,NA,3,4,NA,NA,2,NA,NA,NA,2026-07-30T20:30:02Z,1
R_eE5aI0cyQlYKEyq,1,1,1,5,0,1,2,1,84,NA,3,1,NA,NA,2,NA,NA,NA,2026-07-30T20:30:09Z,1
R_eE5aI0cyQlYKEyq,1,1,2,5,0,2,3,3,56,NA,3,1,NA,NA,2,NA,NA,NA,2026-07-30T20:30:09Z,1
R_eE5aI0cyQlYKEyq,1,1,3,5,0,0,0,0,0,NA,3,1,NA,NA,2,NA,NA,NA,2026-07-30T20:30:09Z,1
R_eE5aI0cyQlYKEyq,1,2,1,3,0,2,3,3,56,NA,3,1,NA,NA,2,NA,NA,NA,2026-07-30T20:30:09Z,1
R_eE5aI0cyQlYKEyq,1,2,2,3,0,3,2,2,56,NA,3,1,NA,NA,2,NA,NA,NA,2026-07-30T20:30:09Z,1
R_eE5aI0cyQlYKEyq,1,2,3,3,1,0,0,0,0,NA,3,1,NA,NA,2,NA,NA,NA,2026-07-30T20:30:09Z,1
R_eE5aI0cyQlYKEyq,1,3,1,2,0,3,2,1,113,NA,3,1,NA,NA,2,NA,NA,NA,2026-07-30T20:30:09Z,1
R_eE5aI0cyQlYKEyq,1,3,2,2,1,1,1,3,22,NA,3,1,NA,NA,2,NA,NA,NA,2026-07-30T20:30:09Z,1
R_eE5aI0cyQlYKEyq,1,3,3,2,0,0,0,0,0,NA,3,1,NA,NA,2,NA,NA,NA,2026-07-30T20:30:09Z,1
R_eE5aI0cyQlYKEyq,1,4,1,2,0,2,2,2,84,NA,3,1,NA,NA,2,NA,NA,NA,2026-07-30T20:30:09Z,1
R_eE5aI0cyQlYKEyq,1,4,2,2,1,1,3,1,56,NA,3,1,NA,NA,2,NA,NA,NA,2026-07-30T20:30:09Z,1
R_eE5aI0cyQlYKEyq,1,4,3,2,0,0,0,0,0,NA,3,1,NA,NA,2,NA,NA,NA,2026-07-30T20:30:09Z,1
R_eE5aI0cyQlYKEyq,1,5,1,1,1,1,2,2,11,NA,3,1,NA,NA,2,NA,NA,NA,2026-07-30T20:30:09Z,1
R_eE5aI0cyQlYKEyq,1,5,2,1,0,2,1,1,11,NA,3,1,NA,NA,2,NA,NA,NA,2026-07-30T20:30:09Z,1
R_eE5aI0cyQlYKEyq,1,5,3,1,0,0,0,0,0,NA,3,1,NA,NA,2,NA,NA,NA,2026-07-30T20:30:09Z,1
R_eE5aI0cyQlYKEyq,1,6,1,3,0,3,2,3,22,NA,3,1,NA,NA,2,NA,NA,NA,2026-07-30T20:30:09Z,1
R_eE5aI0cyQlYKEyq,1,6,2,3,0,2,1,2,113,NA,3,1,NA,NA,2,NA,NA,NA,2026-07-30T20:30:09Z,1
R_eE5aI0cyQlYKEyq,1,6,3,3,1,0,0,0,0,NA,3,1,NA,NA,2,NA,NA,NA,2026-07-30T20:30:09Z,1
R_eE5aI0cyQlYKEyq,1,7,1,3,0,3,3,2,56,NA,3,1,NA,NA,2,NA,NA,NA,2026-07-30T20:30:09Z,1
R_eE5aI0cyQlYKEyq,1,7,2,3,0,2,2,1,84,NA,3,1,NA,NA,2,NA,NA,NA,2026-07-30T20:30:09Z,1
R_eE5aI0cyQlYKEyq,1,7,3,3,1,0,0,0,0,NA,3,1,NA,NA,2,NA,NA,NA,2026-07-30T20:30:09Z,1
R_eE5aI0cyQlYKEyq,1,8,1,2,0,1,1,2,56,NA,3,1,NA,NA,2,NA,NA,NA,2026-07-30T20:30:09Z,1
R_eE5aI0cyQlYKEyq,1,8,2,2,1,3,3,3,22,NA,3,1,NA,NA,2,NA,NA,NA,2026-07-30T20:30:09Z,1
R_eE5aI0cyQlYKEyq,1,8,3,2,0,0,0,0,0,NA,3,1,NA,NA,2,NA,NA,NA,2026-07-30T20:30:09Z,1
R_ePwO2nvPY2OoI5w,2,10,1,1,1,2,3,3,113,NA,1,5,NA,NA,1,NA,NA,NA,2026-07-30T20:30:09Z,1
R_ePwO2nvPY2OoI5w,2,10,2,1,0,3,1,1,11,NA,1,5,NA,NA,1,NA,NA,NA,2026-07-30T20:30:09Z,1
R_ePwO2nvPY2OoI5w,2,10,3,1,0,0,0,0,0,NA,1,5,NA,NA,1,NA,NA,NA,2026-07-30T20:30:09Z,1
R_ePwO2nvPY2OoI5w,2,11,1,3,0,2,3,1,11,NA,1,5,NA,NA,1,NA,NA,NA,2026-07-30T20:30:09Z,1
R_ePwO2nvPY2OoI5w,2,11,2,3,0,3,1,3,113,NA,1,5,NA,NA,1,NA,NA,NA,2026-07-30T20:30:09Z,1
R_ePwO2nvPY2OoI5w,2,11,3,3,1,0,0,0,0,NA,1,5,NA,NA,1,NA,NA,NA,2026-07-30T20:30:09Z,1
R_ePwO2nvPY2OoI5w,2,12,1,2,0,1,1,3,11,NA,1,5,NA,NA,1,NA,NA,NA,2026-07-30T20:30:09Z,1
R_ePwO2nvPY2OoI5w,2,12,2,2,1,3,3,2,113,NA,1,5,NA,NA,1,NA,NA,NA,2026-07-30T20:30:09Z,1
R_ePwO2nvPY2OoI5w,2,12,3,2,0,0,0,0,0,NA,1,5,NA,NA,1,NA,NA,NA,2026-07-30T20:30:09Z,1
R_ePwO2nvPY2OoI5w,2,13,1,1,1,3,1,2,22,NA,1,5,NA,NA,1,NA,NA,NA,2026-07-30T20:30:09Z,1
R_ePwO2nvPY2OoI5w,2,13,2,1,0,1,2,1,84,NA,1,5,NA,NA,1,NA,NA,NA,2026-07-30T20:30:09Z,1
R_ePwO2nvPY2OoI5w,2,13,3,1,0,0,0,0,0,NA,1,5,NA,NA,1,NA,NA,NA,2026-07-30T20:30:09Z,1
R_ePwO2nvPY2OoI5w,2,14,1,1,1,3,3,1,22,NA,1,5,NA,NA,1,NA,NA,NA,2026-07-30T20:30:09Z,1
R_ePwO2nvPY2OoI5w,2,14,2,1,0,1,2,3,84,NA,1,5,NA,NA,1,NA,NA,NA,2026-07-30T20:30:09Z,1
R_ePwO2nvPY2OoI5w,2,14,3,1,0,0,0,0,0,NA,1,5,NA,NA,1,NA,NA,NA,2026-07-30T20:30:09Z,1
R_ePwO2nvPY2OoI5w,2,15,1,2,0,3,1,3,113,NA,1,5,NA,NA,1,NA,NA,NA,2026-07-30T20:30:09Z,1
R_ePwO2nvPY2OoI5w,2,15,2,2,1,2,3,2,11,NA,1,5,NA,NA,1,NA,NA,NA,2026-07-30T20:30:09Z,1
R_ePwO2nvPY2OoI5w,2,15,3,2,0,0,0,0,0,NA,1,5,NA,NA,1,NA,NA,NA,2026-07-30T20:30:09Z,1
R_ePwO2nvPY2OoI5w,2,16,1,1,1,2,1,1,84,NA,1,5,NA,NA,1,NA,NA,NA,2026-07-30T20:30:09Z,1
R_ePwO2nvPY2OoI5w,2,16,2,1,0,1,3,2,22,NA,1,5,NA,NA,1,NA,NA,NA,2026-07-30T20:30:09Z,1
R_ePwO2nvPY2OoI5w,2,16,3,1,0,0,0,0,0,NA,1,5,NA,NA,1,NA,NA,NA,2026-07-30T20:30:09Z,1
R_ePwO2nvPY2OoI5w,2,9,1,1,1,1,3,1,113,NA,1,5,NA,NA,1,NA,NA,NA,2026-07-30T20:30:09Z,1
R_ePwO2nvPY2OoI5w,2,9,2,1,0,2,2,3,11,NA,1,5,NA,NA,1,NA,NA,NA,2026-07-30T20:30:09Z,1
R_ePwO2nvPY2OoI5w,2,9,3,1,0,0,0,0,0,NA,1,5,NA,NA,1,NA,NA,NA,2026-07-30T20:30:09Z,1
R_eXn2S43g4vpBqjs,1,1,1,6,0,1,2,1,84,NA,1,6,NA,4,1,NA,NA,NA,2026-07-30T22:53:48Z,1
R_eXn2S43g4vpBqjs,1,1,2,6,0,2,3,3,56,NA,1,6,NA,4,1,NA,NA,NA,2026-07-30T22:53:48Z,1
R_eXn2S43g4vpBqjs,1,1,3,6,0,0,0,0,0,NA,1,6,NA,4,1,NA,NA,NA,2026-07-30T22:53:48Z,1
R_eXn2S43g4vpBqjs,1,2,1,2,0,2,3,3,56,NA,1,6,NA,4,1,NA,NA,NA,2026-07-30T22:53:48Z,1
R_eXn2S43g4vpBqjs,1,2,2,2,1,3,2,2,56,NA,1,6,NA,4,1,NA,NA,NA,2026-07-30T22:53:48Z,1
R_eXn2S43g4vpBqjs,1,2,3,2,0,0,0,0,0,NA,1,6,NA,4,1,NA,NA,NA,2026-07-30T22:53:48Z,1
R_eXn2S43g4vpBqjs,1,3,1,2,0,3,2,1,113,NA,1,6,NA,4,1,NA,NA,NA,2026-07-30T22:53:48Z,1
R_eXn2S43g4vpBqjs,1,3,2,2,1,1,1,3,22,NA,1,6,NA,4,1,NA,NA,NA,2026-07-30T22:53:48Z,1
R_eXn2S43g4vpBqjs,1,3,3,2,0,0,0,0,0,NA,1,6,NA,4,1,NA,NA,NA,2026-07-30T22:53:48Z,1
R_eXn2S43g4vpBqjs,1,4,1,2,0,2,2,2,84,NA,1,6,NA,4,1,NA,NA,NA,2026-07-30T22:53:48Z,1
R_eXn2S43g4vpBqjs,1,4,2,2,1,1,3,1,56,NA,1,6,NA,4,1,NA,NA,NA,2026-07-30T22:53:48Z,1
R_eXn2S43g4vpBqjs,1,4,3,2,0,0,0,0,0,NA,1,6,NA,4,1,NA,NA,NA,2026-07-30T22:53:48Z,1
R_eXn2S43g4vpBqjs,1,5,1,2,0,1,2,2,11,NA,1,6,NA,4,1,NA,NA,NA,2026-07-30T22:53:48Z,1
R_eXn2S43g4vpBqjs,1,5,2,2,1,2,1,1,11,NA,1,6,NA,4,1,NA,NA,NA,2026-07-30T22:53:48Z,1
R_eXn2S43g4vpBqjs,1,5,3,2,0,0,0,0,0,NA,1,6,NA,4,1,NA,NA,NA,2026-07-30T22:53:48Z,1
R_eXn2S43g4vpBqjs,1,6,1,1,1,3,2,3,22,NA,1,6,NA,4,1,NA,NA,NA,2026-07-30T22:53:48Z,1
R_eXn2S43g4vpBqjs,1,6,2,1,0,2,1,2,113,NA,1,6,NA,4,1,NA,NA,NA,2026-07-30T22:53:48Z,1
R_eXn2S43g4vpBqjs,1,6,3,1,0,0,0,0,0,NA,1,6,NA,4,1,NA,NA,NA,2026-07-30T22:53:48Z,1
R_eXn2S43g4vpBqjs,1,7,1,2,0,3,3,2,56,NA,1,6,NA,4,1,NA,NA,NA,2026-07-30T22:53:48Z,1
R_eXn2S43g4vpBqjs,1,7,2,2,1,2,2,1,84,NA,1,6,NA,4,1,NA,NA,NA,2026-07-30T22:53:48Z,1
R_eXn2S43g4vpBqjs,1,7,3,2,0,0,0,0,0,NA,1,6,NA,4,1,NA,NA,NA,2026-07-30T22:53:48Z,1
R_eXn2S43g4vpBqjs,1,8,1,3,0,1,1,2,56,NA,1,6,NA,4,1,NA,NA,NA,2026-07-30T22:53:48Z,1
R_eXn2S43g4vpBqjs,1,8,2,3,0,3,3,3,22,NA,1,6,NA,4,1,NA,NA,NA,2026-07-30T22:53:48Z,1
R_eXn2S43g4vpBqjs,1,8,3,3,1,0,0,0,0,NA,1,6,NA,4,1,NA,NA,NA,2026-07-30T22:53:48Z,1
R_el01lOfuE1PqPDE,2,10,1,1,1,2,3,3,113,NA,1,7,Vestibulum ultrices praesent est vulputate euismod. Donec nibh ac vulputate vestibulum sollicitudin porta sollicitudin.,NA,4,Ac sed potenti tellus? Odio eu. Montes aenean! Turpis! Dolor.,NA,NA,2026-07-15T13:30:56Z,1
R_el01lOfuE1PqPDE,2,10,2,1,0,3,1,1,11,NA,1,7,Vestibulum ultrices praesent est vulputate euismod. Donec nibh ac vulputate vestibulum sollicitudin porta sollicitudin.,NA,4,Ac sed potenti tellus? Odio eu. Montes aenean! Turpis! Dolor.,NA,NA,2026-07-15T13:30:56Z,1
R_el01lOfuE1PqPDE,2,10,3,1,0,0,0,0,0,NA,1,7,Vestibulum ultrices praesent est vulputate euismod. Donec nibh ac vulputate vestibulum sollicitudin porta sollicitudin.,NA,4,Ac sed potenti tellus? Odio eu. Montes aenean! Turpis! Dolor.,NA,NA,2026-07-15T13:30:56Z,1
R_el01lOfuE1PqPDE,2,11,1,1,1,2,3,1,11,NA,1,7,Vestibulum ultrices praesent est vulputate euismod. Donec nibh ac vulputate vestibulum sollicitudin porta sollicitudin.,NA,4,Ac sed potenti tellus? Odio eu. Montes aenean! Turpis! Dolor.,NA,NA,2026-07-15T13:30:56Z,1
R_el01lOfuE1PqPDE,2,11,2,1,0,3,1,3,113,NA,1,7,Vestibulum ultrices praesent est vulputate euismod. Donec nibh ac vulputate vestibulum sollicitudin porta sollicitudin.,NA,4,Ac sed potenti tellus? Odio eu. Montes aenean! Turpis! Dolor.,NA,NA,2026-07-15T13:30:56Z,1
R_el01lOfuE1PqPDE,2,11,3,1,0,0,0,0,0,NA,1,7,Vestibulum ultrices praesent est vulputate euismod. Donec nibh ac vulputate vestibulum sollicitudin porta sollicitudin.,NA,4,Ac sed potenti tellus? Odio eu. Montes aenean! Turpis! Dolor.,NA,NA,2026-07-15T13:30:56Z,1
R_el01lOfuE1PqPDE,2,12,1,1,1,1,1,3,11,NA,1,7,Vestibulum ultrices praesent est vulputate euismod. Donec nibh ac vulputate vestibulum sollicitudin porta sollicitudin.,NA,4,Ac sed potenti tellus? Odio eu. Montes aenean! Turpis! Dolor.,NA,NA,2026-07-15T13:30:56Z,1
R_el01lOfuE1PqPDE,2,12,2,1,0,3,3,2,113,NA,1,7,Vestibulum ultrices praesent est vulputate euismod. Donec nibh ac vulputate vestibulum sollicitudin porta sollicitudin.,NA,4,Ac sed potenti tellus? Odio eu. Montes aenean! Turpis! Dolor.,NA,NA,2026-07-15T13:30:56Z,1
R_el01lOfuE1PqPDE,2,12,3,1,0,0,0,0,0,NA,1,7,Vestibulum ultrices praesent est vulputate euismod. Donec nibh ac vulputate vestibulum sollicitudin porta sollicitudin.,NA,4,Ac sed potenti tellus? Odio eu. Montes aenean! Turpis! Dolor.,NA,NA,2026-07-15T13:30:56Z,1
R_el01lOfuE1PqPDE,2,13,1,2,0,3,1,2,22,NA,1,7,Vestibulum ultrices praesent est vulputate euismod. Donec nibh ac vulputate vestibulum sollicitudin porta sollicitudin.,NA,4,Ac sed potenti tellus? Odio eu. Montes aenean! Turpis! Dolor.,NA,NA,2026-07-15T13:30:56Z,1
R_el01lOfuE1PqPDE,2,13,2,2,1,1,2,1,84,NA,1,7,Vestibulum ultrices praesent est vulputate euismod. Donec nibh ac vulputate vestibulum sollicitudin porta sollicitudin.,NA,4,Ac sed potenti tellus? Odio eu. Montes aenean! Turpis! Dolor.,NA,NA,2026-07-15T13:30:56Z,1
R_el01lOfuE1PqPDE,2,13,3,2,0,0,0,0,0,NA,1,7,Vestibulum ultrices praesent est vulputate euismod. Donec nibh ac vulputate vestibulum sollicitudin porta sollicitudin.,NA,4,Ac sed potenti tellus? Odio eu. Montes aenean! Turpis! Dolor.,NA,NA,2026-07-15T13:30:56Z,1
R_el01lOfuE1PqPDE,2,14,1,3,0,3,3,1,22,NA,1,7,Vestibulum ultrices praesent est vulputate euismod. Donec nibh ac vulputate vestibulum sollicitudin porta sollicitudin.,NA,4,Ac sed potenti tellus? Odio eu. Montes aenean! Turpis! Dolor.,NA,NA,2026-07-15T13:30:56Z,1
R_el01lOfuE1PqPDE,2,14,2,3,0,1,2,3,84,NA,1,7,Vestibulum ultrices praesent est vulputate euismod. Donec nibh ac vulputate vestibulum sollicitudin porta sollicitudin.,NA,4,Ac sed potenti tellus? Odio eu. Montes aenean! Turpis! Dolor.,NA,NA,2026-07-15T13:30:56Z,1
R_el01lOfuE1PqPDE,2,14,3,3,1,0,0,0,0,NA,1,7,Vestibulum ultrices praesent est vulputate euismod. Donec nibh ac vulputate vestibulum sollicitudin porta sollicitudin.,NA,4,Ac sed potenti tellus? Odio eu. Montes aenean! Turpis! Dolor.,NA,NA,2026-07-15T13:30:56Z,1
R_el01lOfuE1PqPDE,2,15,1,1,1,3,1,3,113,NA,1,7,Vestibulum ultrices praesent est vulputate euismod. Donec nibh ac vulputate vestibulum sollicitudin porta sollicitudin.,NA,4,Ac sed potenti tellus? Odio eu. Montes aenean! Turpis! Dolor.,NA,NA,2026-07-15T13:30:56Z,1
R_el01lOfuE1PqPDE,2,15,2,1,0,2,3,2,11,NA,1,7,Vestibulum ultrices praesent est vulputate euismod. Donec nibh ac vulputate vestibulum sollicitudin porta sollicitudin.,NA,4,Ac sed potenti tellus? Odio eu. Montes aenean! Turpis! Dolor.,NA,NA,2026-07-15T13:30:56Z,1
R_el01lOfuE1PqPDE,2,15,3,1,0,0,0,0,0,NA,1,7,Vestibulum ultrices praesent est vulputate euismod. Donec nibh ac vulputate vestibulum sollicitudin porta sollicitudin.,NA,4,Ac sed potenti tellus? Odio eu. Montes aenean! Turpis! Dolor.,NA,NA,2026-07-15T13:30:56Z,1
R_el01lOfuE1PqPDE,2,16,1,3,0,2,1,1,84,NA,1,7,Vestibulum ultrices praesent est vulputate euismod. Donec nibh ac vulputate vestibulum sollicitudin porta sollicitudin.,NA,4,Ac sed potenti tellus? Odio eu. Montes aenean! Turpis! Dolor.,NA,NA,2026-07-15T13:30:56Z,1
R_el01lOfuE1PqPDE,2,16,2,3,0,1,3,2,22,NA,1,7,Vestibulum ultrices praesent est vulputate euismod. Donec nibh ac vulputate vestibulum sollicitudin porta sollicitudin.,NA,4,Ac sed potenti tellus? Odio eu. Montes aenean! Turpis! Dolor.,NA,NA,2026-07-15T13:30:56Z,1
R_el01lOfuE1PqPDE,2,16,3,3,1,0,0,0,0,NA,1,7,Vestibulum ultrices praesent est vulputate euismod. Donec nibh ac vulputate vestibulum sollicitudin porta sollicitudin.,NA,4,Ac sed potenti tellus? Odio eu. Montes aenean! Turpis! Dolor.,NA,NA,2026-07-15T13:30:56Z,1
R_el01lOfuE1PqPDE,2,9,1,3,0,1,3,1,113,NA,1,7,Vestibulum ultrices praesent est vulputate euismod. Donec nibh ac vulputate vestibulum sollicitudin porta sollicitudin.,NA,4,Ac sed potenti tellus? Odio eu. Montes aenean! Turpis! Dolor.,NA,NA,2026-07-15T13:30:56Z,1
R_el01lOfuE1PqPDE,2,9,2,3,0,2,2,3,11,NA,1,7,Vestibulum ultrices praesent est vulputate euismod. Donec nibh ac vulputate vestibulum sollicitudin porta sollicitudin.,NA,4,Ac sed potenti tellus? Odio eu. Montes aenean! Turpis! Dolor.,NA,NA,2026-07-15T13:30:56Z,1
R_el01lOfuE1PqPDE,2,9,3,3,1,0,0,0,0,NA,1,7,Vestibulum ultrices praesent est vulputate euismod. Donec nibh ac vulputate vestibulum sollicitudin porta sollicitudin.,NA,4,Ac sed potenti tellus? Odio eu. Montes aenean! Turpis! Dolor.,NA,NA,2026-07-15T13:30:56Z,1
R_em8qdhw6TdeuvNY,1,1,1,6,0,1,2,1,84,NA,3,4,NA,NA,2,NA,NA,NA,2026-07-30T20:30:13Z,1
R_em8qdhw6TdeuvNY,1,1,2,6,0,2,3,3,56,NA,3,4,NA,NA,2,NA,NA,NA,2026-07-30T20:30:13Z,1
R_em8qdhw6TdeuvNY,1,1,3,6,0,0,0,0,0,NA,3,4,NA,NA,2,NA,NA,NA,2026-07-30T20:30:13Z,1
R_em8qdhw6TdeuvNY,1,2,1,3,0,2,3,3,56,NA,3,4,NA,NA,2,NA,NA,NA,2026-07-30T20:30:13Z,1
R_em8qdhw6TdeuvNY,1,2,2,3,0,3,2,2,56,NA,3,4,NA,NA,2,NA,NA,NA,2026-07-30T20:30:13Z,1
R_em8qdhw6TdeuvNY,1,2,3,3,1,0,0,0,0,NA,3,4,NA,NA,2,NA,NA,NA,2026-07-30T20:30:13Z,1
R_em8qdhw6TdeuvNY,1,3,1,1,1,3,2,1,113,NA,3,4,NA,NA,2,NA,NA,NA,2026-07-30T20:30:13Z,1
R_em8qdhw6TdeuvNY,1,3,2,1,0,1,1,3,22,NA,3,4,NA,NA,2,NA,NA,NA,2026-07-30T20:30:13Z,1
R_em8qdhw6TdeuvNY,1,3,3,1,0,0,0,0,0,NA,3,4,NA,NA,2,NA,NA,NA,2026-07-30T20:30:13Z,1
R_em8qdhw6TdeuvNY,1,4,1,3,0,2,2,2,84,NA,3,4,NA,NA,2,NA,NA,NA,2026-07-30T20:30:13Z,1
R_em8qdhw6TdeuvNY,1,4,2,3,0,1,3,1,56,NA,3,4,NA,NA,2,NA,NA,NA,2026-07-30T20:30:13Z,1
R_em8qdhw6TdeuvNY,1,4,3,3,1,0,0,0,0,NA,3,4,NA,NA,2,NA,NA,NA,2026-07-30T20:30:13Z,1
R_em8qdhw6TdeuvNY,1,5,1,1,1,1,2,2,11,NA,3,4,NA,NA,2,NA,NA,NA,2026-07-30T20:30:13Z,1
R_em8qdhw6TdeuvNY,1,5,2,1,0,2,1,1,11,NA,3,4,NA,NA,2,NA,NA,NA,2026-07-30T20:30:13Z,1
R_em8qdhw6TdeuvNY,1,5,3,1,0,0,0,0,0,NA,3,4,NA,NA,2,NA,NA,NA,2026-07-30T20:30:13Z,1
R_em8qdhw6TdeuvNY,1,6,1,1,1,3,2,3,22,NA,3,4,NA,NA,2,NA,NA,NA,2026-07-30T20:30:13Z,1
R_em8qdhw6TdeuvNY,1,6,2,1,0,2,1,2,113,NA,3,4,NA,NA,2,NA,NA,NA,2026-07-30T20:30:13Z,1
R_em8qdhw6TdeuvNY,1,6,3,1,0,0,0,0,0,NA,3,4,NA,NA,2,NA,NA,NA,2026-07-30T20:30:13Z,1
R_em8qdhw6TdeuvNY,1,7,1,3,0,3,3,2,56,NA,3,4,NA,NA,2,NA,NA,NA,2026-07-30T20:30:13Z,1
R_em8qdhw6TdeuvNY,1,7,2,3,0,2,2,1,84,NA,3,4,NA,NA,2,NA,NA,NA,2026-07-30T20:30:13Z,1
R_em8qdhw6TdeuvNY,1,7,3,3,1,0,0,0,0,NA,3,4,NA,NA,2,NA,NA,NA,2026-07-30T20:30:13Z,1
R_em8qdhw6TdeuvNY,1,8,1,1,1,1,1,2,56,NA,3,4,NA,NA,2,NA,NA,NA,2026-07-30T20:30:13Z,1
R_em8qdhw6TdeuvNY,1,8,2,1,0,3,3,3,22,NA,3,4,NA,NA,2,NA,NA,NA,2026-07-30T20:30:13Z,1
R_em8qdhw6TdeuvNY,1,8,3,1,0,0,0,0,0,NA,3,4,NA,NA,2,NA,NA,NA,2026-07-30T20:30:13Z,1
R_enG6Yn41Jke6Oou,1,1,1,6,0,1,2,1,84,NA,1,1,NA,NA,2,NA,NA,NA,2026-07-15T13:30:55Z,1
R_enG6Yn41Jke6Oou,1,1,2,6,0,2,3,3,56,NA,1,1,NA,NA,2,NA,NA,NA,2026-07-15T13:30:55Z,1
R_enG6Yn41Jke6Oou,1,1,3,6,0,0,0,0,0,NA,1,1,NA,NA,2,NA,NA,NA,2026-07-15T13:30:55Z,1
R_enG6Yn41Jke6Oou,1,2,1,2,0,2,3,3,56,NA,1,1,NA,NA,2,NA,NA,NA,2026-07-15T13:30:55Z,1
R_enG6Yn41Jke6Oou,1,2,2,2,1,3,2,2,56,NA,1,1,NA,NA,2,NA,NA,NA,2026-07-15T13:30:55Z,1
R_enG6Yn41Jke6Oou,1,2,3,2,0,0,0,0,0,NA,1,1,NA,NA,2,NA,NA,NA,2026-07-15T13:30:55Z,1
R_enG6Yn41Jke6Oou,1,3,1,3,0,3,2,1,113,NA,1,1,NA,NA,2,NA,NA,NA,2026-07-15T13:30:55Z,1
R_enG6Yn41Jke6Oou,1,3,2,3,0,1,1,3,22,NA,1,1,NA,NA,2,NA,NA,NA,2026-07-15T13:30:55Z,1
R_enG6Yn41Jke6Oou,1,3,3,3,1,0,0,0,0,NA,1,1,NA,NA,2,NA,NA,NA,2026-07-15T13:30:55Z,1
R_enG6Yn41Jke6Oou,1,4,1,2,0,2,2,2,84,NA,1,1,NA,NA,2,NA,NA,NA,2026-07-15T13:30:55Z,1
R_enG6Yn41Jke6Oou,1,4,2,2,1,1,3,1,56,NA,1,1,NA,NA,2,NA,NA,NA,2026-07-15T13:30:55Z,1
R_enG6Yn41Jke6Oou,1,4,3,2,0,0,0,0,0,NA,1,1,NA,NA,2,NA,NA,NA,2026-07-15T13:30:55Z,1
R_enG6Yn41Jke6Oou,1,5,1,2,0,1,2,2,11,NA,1,1,NA,NA,2,NA,NA,NA,2026-07-15T13:30:55Z,1
R_enG6Yn41Jke6Oou,1,5,2,2,1,2,1,1,11,NA,1,1,NA,NA,2,NA,NA,NA,2026-07-15T13:30:55Z,1
R_enG6Yn41Jke6Oou,1,5,3,2,0,0,0,0,0,NA,1,1,NA,NA,2,NA,NA,NA,2026-07-15T13:30:55Z,1
R_enG6Yn41Jke6Oou,1,6,1,3,0,3,2,3,22,NA,1,1,NA,NA,2,NA,NA,NA,2026-07-15T13:30:55Z,1
R_enG6Yn41Jke6Oou,1,6,2,3,0,2,1,2,113,NA,1,1,NA,NA,2,NA,NA,NA,2026-07-15T13:30:55Z,1
R_enG6Yn41Jke6Oou,1,6,3,3,1,0,0,0,0,NA,1,1,NA,NA,2,NA,NA,NA,2026-07-15T13:30:55Z,1
R_enG6Yn41Jke6Oou,1,7,1,2,0,3,3,2,56,NA,1,1,NA,NA,2,NA,NA,NA,2026-07-15T13:30:55Z,1
R_enG6Yn41Jke6Oou,1,7,2,2,1,2,2,1,84,NA,1,1,NA,NA,2,NA,NA,NA,2026-07-15T13:30:55Z,1
R_enG6Yn41Jke6Oou,1,7,3,2,0,0,0,0,0,NA,1,1,NA,NA,2,NA,NA,NA,2026-07-15T13:30:55Z,1
R_enG6Yn41Jke6Oou,1,8,1,2,0,1,1,2,56,NA,1,1,NA,NA,2,NA,NA,NA,2026-07-15T13:30:55Z,1
R_enG6Yn41Jke6Oou,1,8,2,2,1,3,3,3,22,NA,1,1,NA,NA,2,NA,NA,NA,2026-07-15T13:30:55Z,1
R_enG6Yn41Jke6Oou,1,8,3,2,0,0,0,0,0,NA,1,1,NA,NA,2,NA,NA,NA,2026-07-15T13:30:55Z,1
R_envz3zTjhHQxcsm,1,1,1,6,0,1,2,1,84,NA,1,3,NA,6,3,NA,NA,NA,2026-07-30T22:53:57Z,1
R_envz3zTjhHQxcsm,1,1,2,6,0,2,3,3,56,NA,1,3,NA,6,3,NA,NA,NA,2026-07-30T22:53:57Z,1
R_envz3zTjhHQxcsm,1,1,3,6,0,0,0,0,0,NA,1,3,NA,6,3,NA,NA,NA,2026-07-30T22:53:57Z,1
R_envz3zTjhHQxcsm,1,2,1,3,0,2,3,3,56,NA,1,3,NA,6,3,NA,NA,NA,2026-07-30T22:53:57Z,1
R_envz3zTjhHQxcsm,1,2,2,3,0,3,2,2,56,NA,1,3,NA,6,3,NA,NA,NA,2026-07-30T22:53:57Z,1
R_envz3zTjhHQxcsm,1,2,3,3,1,0,0,0,0,NA,1,3,NA,6,3,NA,NA,NA,2026-07-30T22:53:57Z,1
R_envz3zTjhHQxcsm,1,3,1,1,1,3,2,1,113,NA,1,3,NA,6,3,NA,NA,NA,2026-07-30T22:53:57Z,1
R_envz3zTjhHQxcsm,1,3,2,1,0,1,1,3,22,NA,1,3,NA,6,3,NA,NA,NA,2026-07-30T22:53:57Z,1
R_envz3zTjhHQxcsm,1,3,3,1,0,0,0,0,0,NA,1,3,NA,6,3,NA,NA,NA,2026-07-30T22:53:57Z,1
R_envz3zTjhHQxcsm,1,4,1,2,0,2,2,2,84,NA,1,3,NA,6,3,NA,NA,NA,2026-07-30T22:53:57Z,1
R_envz3zTjhHQxcsm,1,4,2,2,1,1,3,1,56,NA,1,3,NA,6,3,NA,NA,NA,2026-07-30T22:53:57Z,1
R_envz3zTjhHQxcsm,1,4,3,2,0,0,0,0,0,NA,1,3,NA,6,3,NA,NA,NA,2026-07-30T22:53:57Z,1
R_envz3zTjhHQxcsm,1,5,1,3,0,1,2,2,11,NA,1,3,NA,6,3,NA,NA,NA,2026-07-30T22:53:57Z,1
R_envz3zTjhHQxcsm,1,5,2,3,0,2,1,1,11,NA,1,3,NA,6,3,NA,NA,NA,2026-07-30T22:53:57Z,1
R_envz3zTjhHQxcsm,1,5,3,3,1,0,0,0,0,NA,1,3,NA,6,3,NA,NA,NA,2026-07-30T22:53:57Z,1
R_envz3zTjhHQxcsm,1,6,1,2,0,3,2,3,22,NA,1,3,NA,6,3,NA,NA,NA,2026-07-30T22:53:57Z,1
R_envz3zTjhHQxcsm,1,6,2,2,1,2,1,2,113,NA,1,3,NA,6,3,NA,NA,NA,2026-07-30T22:53:57Z,1
R_envz3zTjhHQxcsm,1,6,3,2,0,0,0,0,0,NA,1,3,NA,6,3,NA,NA,NA,2026-07-30T22:53:57Z,1
R_envz3zTjhHQxcsm,1,7,1,3,0,3,3,2,56,NA,1,3,NA,6,3,NA,NA,NA,2026-07-30T22:53:57Z,1
R_envz3zTjhHQxcsm,1,7,2,3,0,2,2,1,84,NA,1,3,NA,6,3,NA,NA,NA,2026-07-30T22:53:57Z,1
R_envz3zTjhHQxcsm,1,7,3,3,1,0,0,0,0,NA,1,3,NA,6,3,NA,NA,NA,2026-07-30T22:53:57Z,1
R_envz3zTjhHQxcsm,1,8,1,2,0,1,1,2,56,NA,1,3,NA,6,3,NA,NA,NA,2026-07-30T22:53:57Z,1
R_envz3zTjhHQxcsm,1,8,2,2,1,3,3,3,22,NA,1,3,NA,6,3,NA,NA,NA,2026-07-30T22:53:57Z,1
R_envz3zTjhHQxcsm,1,8,3,2,0,0,0,0,0,NA,1,3,NA,6,3,NA,NA,NA,2026-07-30T22:53:57Z,1
R_enxtZyoWZeMHMIm,2,10,1,2,0,2,3,3,113,NA,1,4,NA,4,2,NA,NA,NA,2026-07-30T22:53:53Z,1
R_enxtZyoWZeMHMIm,2,10,2,2,1,3,1,1,11,NA,1,4,NA,4,2,NA,NA,NA,2026-07-30T22:53:53Z,1
R_enxtZyoWZeMHMIm,2,10,3,2,0,0,0,0,0,NA,1,4,NA,4,2,NA,NA,NA,2026-07-30T22:53:53Z,1
R_enxtZyoWZeMHMIm,2,11,1,3,0,2,3,1,11,NA,1,4,NA,4,2,NA,NA,NA,2026-07-30T22:53:53Z,1
R_enxtZyoWZeMHMIm,2,11,2,3,0,3,1,3,113,NA,1,4,NA,4,2,NA,NA,NA,2026-07-30T22:53:53Z,1
R_enxtZyoWZeMHMIm,2,11,3,3,1,0,0,0,0,NA,1,4,NA,4,2,NA,NA,NA,2026-07-30T22:53:53Z,1
R_enxtZyoWZeMHMIm,2,12,1,1,1,1,1,3,11,NA,1,4,NA,4,2,NA,NA,NA,2026-07-30T22:53:53Z,1
R_enxtZyoWZeMHMIm,2,12,2,1,0,3,3,2,113,NA,1,4,NA,4,2,NA,NA,NA,2026-07-30T22:53:53Z,1
R_enxtZyoWZeMHMIm,2,12,3,1,0,0,0,0,0,NA,1,4,NA,4,2,NA,NA,NA,2026-07-30T22:53:53Z,1
R_enxtZyoWZeMHMIm,2,13,1,3,0,3,1,2,22,NA,1,4,NA,4,2,NA,NA,NA,2026-07-30T22:53:53Z,1
R_enxtZyoWZeMHMIm,2,13,2,3,0,1,2,1,84,NA,1,4,NA,4,2,NA,NA,NA,2026-07-30T22:53:53Z,1
R_enxtZyoWZeMHMIm,2,13,3,3,1,0,0,0,0,NA,1,4,NA,4,2,NA,NA,NA,2026-07-30T22:53:53Z,1
R_enxtZyoWZeMHMIm,2,14,1,1,1,3,3,1,22,NA,1,4,NA,4,2,NA,NA,NA,2026-07-30T22:53:53Z,1
R_enxtZyoWZeMHMIm,2,14,2,1,0,1,2,3,84,NA,1,4,NA,4,2,NA,NA,NA,2026-07-30T22:53:53Z,1
R_enxtZyoWZeMHMIm,2,14,3,1,0,0,0,0,0,NA,1,4,NA,4,2,NA,NA,NA,2026-07-30T22:53:53Z,1
R_enxtZyoWZeMHMIm,2,15,1,3,0,3,1,3,113,NA,1,4,NA,4,2,NA,NA,NA,2026-07-30T22:53:53Z,1
R_enxtZyoWZeMHMIm,2,15,2,3,0,2,3,2,11,NA,1,4,NA,4,2,NA,NA,NA,2026-07-30T22:53:53Z,1
R_enxtZyoWZeMHMIm,2,15,3,3,1,0,0,0,0,NA,1,4,NA,4,2,NA,NA,NA,2026-07-30T22:53:53Z,1
R_enxtZyoWZeMHMIm,2,16,1,1,1,2,1,1,84,NA,1,4,NA,4,2,NA,NA,NA,2026-07-30T22:53:53Z,1
R_enxtZyoWZeMHMIm,2,16,2,1,0,1,3,2,22,NA,1,4,NA,4,2,NA,NA,NA,2026-07-30T22:53:53Z,1
R_enxtZyoWZeMHMIm,2,16,3,1,0,0,0,0,0,NA,1,4,NA,4,2,NA,NA,NA,2026-07-30T22:53:53Z,1
R_enxtZyoWZeMHMIm,2,9,1,1,1,1,3,1,113,NA,1,4,NA,4,2,NA,NA,NA,2026-07-30T22:53:53Z,1
R_enxtZyoWZeMHMIm,2,9,2,1,0,2,2,3,11,NA,1,4,NA,4,2,NA,NA,NA,2026-07-30T22:53:53Z,1
R_enxtZyoWZeMHMIm,2,9,3,1,0,0,0,0,0,NA,1,4,NA,4,2,NA,NA,NA,2026-07-30T22:53:53Z,1
R_etUkTTL6n5POgaW,1,1,1,5,0,1,2,1,84,NA,2,6,NA,NA,4,Molestie cras. Facilisi integer eget elit purus. Consectetuer in donec aliquam.,NA,NA,2026-07-15T13:31:00Z,1
R_etUkTTL6n5POgaW,1,1,2,5,0,2,3,3,56,NA,2,6,NA,NA,4,Molestie cras. Facilisi integer eget elit purus. Consectetuer in donec aliquam.,NA,NA,2026-07-15T13:31:00Z,1
R_etUkTTL6n5POgaW,1,1,3,5,0,0,0,0,0,NA,2,6,NA,NA,4,Molestie cras. Facilisi integer eget elit purus. Consectetuer in donec aliquam.,NA,NA,2026-07-15T13:31:00Z,1
R_etUkTTL6n5POgaW,1,2,1,2,0,2,3,3,56,NA,2,6,NA,NA,4,Molestie cras. Facilisi integer eget elit purus. Consectetuer in donec aliquam.,NA,NA,2026-07-15T13:31:00Z,1
R_etUkTTL6n5POgaW,1,2,2,2,1,3,2,2,56,NA,2,6,NA,NA,4,Molestie cras. Facilisi integer eget elit purus. Consectetuer in donec aliquam.,NA,NA,2026-07-15T13:31:00Z,1
R_etUkTTL6n5POgaW,1,2,3,2,0,0,0,0,0,NA,2,6,NA,NA,4,Molestie cras. Facilisi integer eget elit purus. Consectetuer in donec aliquam.,NA,NA,2026-07-15T13:31:00Z,1
R_etUkTTL6n5POgaW,1,3,1,2,0,3,2,1,113,NA,2,6,NA,NA,4,Molestie cras. Facilisi integer eget elit purus. Consectetuer in donec aliquam.,NA,NA,2026-07-15T13:31:00Z,1
R_etUkTTL6n5POgaW,1,3,2,2,1,1,1,3,22,NA,2,6,NA,NA,4,Molestie cras. Facilisi integer eget elit purus. Consectetuer in donec aliquam.,NA,NA,2026-07-15T13:31:00Z,1
R_etUkTTL6n5POgaW,1,3,3,2,0,0,0,0,0,NA,2,6,NA,NA,4,Molestie cras. Facilisi integer eget elit purus. Consectetuer in donec aliquam.,NA,NA,2026-07-15T13:31:00Z,1
R_etUkTTL6n5POgaW,1,4,1,1,1,2,2,2,84,NA,2,6,NA,NA,4,Molestie cras. Facilisi integer eget elit purus. Consectetuer in donec aliquam.,NA,NA,2026-07-15T13:31:00Z,1
R_etUkTTL6n5POgaW,1,4,2,1,0,1,3,1,56,NA,2,6,NA,NA,4,Molestie cras. Facilisi integer eget elit purus. Consectetuer in donec aliquam.,NA,NA,2026-07-15T13:31:00Z,1
R_etUkTTL6n5POgaW,1,4,3,1,0,0,0,0,0,NA,2,6,NA,NA,4,Molestie cras. Facilisi integer eget elit purus. Consectetuer in donec aliquam.,NA,NA,2026-07-15T13:31:00Z,1
R_etUkTTL6n5POgaW,1,5,1,1,1,1,2,2,11,NA,2,6,NA,NA,4,Molestie cras. Facilisi integer eget elit purus. Consectetuer in donec aliquam.,NA,NA,2026-07-15T13:31:00Z,1
R_etUkTTL6n5POgaW,1,5,2,1,0,2,1,1,11,NA,2,6,NA,NA,4,Molestie cras. Facilisi integer eget elit purus. Consectetuer in donec aliquam.,NA,NA,2026-07-15T13:31:00Z,1
R_etUkTTL6n5POgaW,1,5,3,1,0,0,0,0,0,NA,2,6,NA,NA,4,Molestie cras. Facilisi integer eget elit purus. Consectetuer in donec aliquam.,NA,NA,2026-07-15T13:31:00Z,1
R_etUkTTL6n5POgaW,1,6,1,2,0,3,2,3,22,NA,2,6,NA,NA,4,Molestie cras. Facilisi integer eget elit purus. Consectetuer in donec aliquam.,NA,NA,2026-07-15T13:31:00Z,1
R_etUkTTL6n5POgaW,1,6,2,2,1,2,1,2,113,NA,2,6,NA,NA,4,Molestie cras. Facilisi integer eget elit purus. Consectetuer in donec aliquam.,NA,NA,2026-07-15T13:31:00Z,1
R_etUkTTL6n5POgaW,1,6,3,2,0,0,0,0,0,NA,2,6,NA,NA,4,Molestie cras. Facilisi integer eget elit purus. Consectetuer in donec aliquam.,NA,NA,2026-07-15T13:31:00Z,1
R_etUkTTL6n5POgaW,1,7,1,2,0,3,3,2,56,NA,2,6,NA,NA,4,Molestie cras. Facilisi integer eget elit purus. Consectetuer in donec aliquam.,NA,NA,2026-07-15T13:31:00Z,1
R_etUkTTL6n5POgaW,1,7,2,2,1,2,2,1,84,NA,2,6,NA,NA,4,Molestie cras. Facilisi integer eget elit purus. Consectetuer in donec aliquam.,NA,NA,2026-07-15T13:31:00Z,1
R_etUkTTL6n5POgaW,1,7,3,2,0,0,0,0,0,NA,2,6,NA,NA,4,Molestie cras. Facilisi integer eget elit purus. Consectetuer in donec aliquam.,NA,NA,2026-07-15T13:31:00Z,1
R_etUkTTL6n5POgaW,1,8,1,1,1,1,1,2,56,NA,2,6,NA,NA,4,Molestie cras. Facilisi integer eget elit purus. Consectetuer in donec aliquam.,NA,NA,2026-07-15T13:31:00Z,1
R_etUkTTL6n5POgaW,1,8,2,1,0,3,3,3,22,NA,2,6,NA,NA,4,Molestie cras. Facilisi integer eget elit purus. Consectetuer in donec aliquam.,NA,NA,2026-07-15T13:31:00Z,1
R_etUkTTL6n5POgaW,1,8,3,1,0,0,0,0,0,NA,2,6,NA,NA,4,Molestie cras. Facilisi integer eget elit purus. Consectetuer in donec aliquam.,NA,NA,2026-07-15T13:31:00Z,1
R_ezJEPWdhNtb7Qdo,2,10,1,1,1,2,3,3,113,NA,1,1,NA,NA,1,NA,NA,NA,2026-07-30T20:29:52Z,1
R_ezJEPWdhNtb7Qdo,2,10,2,1,0,3,1,1,11,NA,1,1,NA,NA,1,NA,NA,NA,2026-07-30T20:29:52Z,1
R_ezJEPWdhNtb7Qdo,2,10,3,1,0,0,0,0,0,NA,1,1,NA,NA,1,NA,NA,NA,2026-07-30T20:29:52Z,1
R_ezJEPWdhNtb7Qdo,2,11,1,1,1,2,3,1,11,NA,1,1,NA,NA,1,NA,NA,NA,2026-07-30T20:29:52Z,1
R_ezJEPWdhNtb7Qdo,2,11,2,1,0,3,1,3,113,NA,1,1,NA,NA,1,NA,NA,NA,2026-07-30T20:29:52Z,1
R_ezJEPWdhNtb7Qdo,2,11,3,1,0,0,0,0,0,NA,1,1,NA,NA,1,NA,NA,NA,2026-07-30T20:29:52Z,1
R_ezJEPWdhNtb7Qdo,2,12,1,2,0,1,1,3,11,NA,1,1,NA,NA,1,NA,NA,NA,2026-07-30T20:29:52Z,1
R_ezJEPWdhNtb7Qdo,2,12,2,2,1,3,3,2,113,NA,1,1,NA,NA,1,NA,NA,NA,2026-07-30T20:29:52Z,1
R_ezJEPWdhNtb7Qdo,2,12,3,2,0,0,0,0,0,NA,1,1,NA,NA,1,NA,NA,NA,2026-07-30T20:29:52Z,1
R_ezJEPWdhNtb7Qdo,2,13,1,3,0,3,1,2,22,NA,1,1,NA,NA,1,NA,NA,NA,2026-07-30T20:29:52Z,1
R_ezJEPWdhNtb7Qdo,2,13,2,3,0,1,2,1,84,NA,1,1,NA,NA,1,NA,NA,NA,2026-07-30T20:29:52Z,1
R_ezJEPWdhNtb7Qdo,2,13,3,3,1,0,0,0,0,NA,1,1,NA,NA,1,NA,NA,NA,2026-07-30T20:29:52Z,1
R_ezJEPWdhNtb7Qdo,2,14,1,2,0,3,3,1,22,NA,1,1,NA,NA,1,NA,NA,NA,2026-07-30T20:29:52Z,1
R_ezJEPWdhNtb7Qdo,2,14,2,2,1,1,2,3,84,NA,1,1,NA,NA,1,NA,NA,NA,2026-07-30T20:29:52Z,1
R_ezJEPWdhNtb7Qdo,2,14,3,2,0,0,0,0,0,NA,1,1,NA,NA,1,NA,NA,NA,2026-07-30T20:29:52Z,1
R_ezJEPWdhNtb7Qdo,2,15,1,2,0,3,1,3,113,NA,1,1,NA,NA,1,NA,NA,NA,2026-07-30T20:29:52Z,1
R_ezJEPWdhNtb7Qdo,2,15,2,2,1,2,3,2,11,NA,1,1,NA,NA,1,NA,NA,NA,2026-07-30T20:29:52Z,1
R_ezJEPWdhNtb7Qdo,2,15,3,2,0,0,0,0,0,NA,1,1,NA,NA,1,NA,NA,NA,2026-07-30T20:29:52Z,1
R_ezJEPWdhNtb7Qdo,2,16,1,2,0,2,1,1,84,NA,1,1,NA,NA,1,NA,NA,NA,2026-07-30T20:29:52Z,1
R_ezJEPWdhNtb7Qdo,2,16,2,2,1,1,3,2,22,NA,1,1,NA,NA,1,NA,NA,NA,2026-07-30T20:29:52Z,1
R_ezJEPWdhNtb7Qdo,2,16,3,2,0,0,0,0,0,NA,1,1,NA,NA,1,NA,NA,NA,2026-07-30T20:29:52Z,1
R_ezJEPWdhNtb7Qdo,2,9,1,3,0,1,3,1,113,NA,1,1,NA,NA,1,NA,NA,NA,2026-07-30T20:29:52Z,1
R_ezJEPWdhNtb7Qdo,2,9,2,3,0,2,2,3,11,NA,1,1,NA,NA,1,NA,NA,NA,2026-07-30T20:29:52Z,1
R_ezJEPWdhNtb7Qdo,2,9,3,3,1,0,0,0,0,NA,1,1,NA,NA,1,NA,NA,NA,2026-07-30T20:29:52Z,1
